Ward/ County Electoral District name,ons_ward_code,ONS code source,Lower tier authority,"Council (raw, from 2026 file)",Seats,Election type,Seat 1 Winner,Seat 2 Winner,Seat 3 Winner,LAB,CON,LD,GREEN,REF,IND,Other parties / candidates
Buckingham,E05007562,WD25,Adur,Adur,1,All,LAB,,,632,364,95,159,393,0,0
Churchill,E05007563,WD25,Adur,Adur,1,All,RFM,,,225,157,122,194,459,388,0
Cokeham,E05007564,WD25,Adur,Adur,1,All,RFM,,,270,303,97,201,650,0,0
Eastbrook,E05007565,WD25,Adur,Adur,1,All,LAB,,,501,219,70,219,379,0,0
Hillside,E05007566,WD25,Adur,Adur,1,All,RFM,,,345,343,0,208,463,0,0
Manor,E05007567,WD25,Adur,Adur,1,All,IND,,,221,0,51,221,473,599,0
Marine,E05007568,WD25,Adur,Adur,1,All,IND,,,178,0,52,531,289,997,0
Mash Barn,E05007569,WD25,Adur,Adur,1,All,LAB,,,631,183,62,165,598,0,0
Peverel,E05007570,WD25,Adur,Adur,1,All,RFM,,,261,267,0,194,548,154,0
Southlands,E05007573,WD25,Adur,Adur,1,All,RFM,,,376,0,188,251,456,0,0
Southwick Green,E05007574,WD25,Adur,Adur,1,All,LAB,,,674,265,79,231,326,0,0
St Mary's,E05007571,WD25,Adur,Adur,1,All,LAB,,,839,194,95,431,367,0,0
St Nicolas,E05007572,WD25,Adur,Adur,1,All,GRN,,,295,306,162,770,354,0,0
Widewater,E05007575,WD25,Adur,Adur,1,All,RFM,,,423,0,280,438,945,0,0
Abbey,E05014053,WD25,Barking and Dagenham,Barking and Dagenham,2,All,LAB,LAB,,478,158,52,414,166,0,0
Alibon,E05014054,WD25,Barking and Dagenham,Barking and Dagenham,2,All,LAB,LAB,,981,284,219,0,883,0,0
Barking Riverside,E05014055,WD25,Barking and Dagenham,Barking and Dagenham,3,All,LAB,LAB,LAB,930,179,86,801,395,0,143
Beam,E05014056,WD25,Barking and Dagenham,Barking and Dagenham,3,All,LAB,LAB,LAB,826,189,226,400,429,0,0
Becontree,E05014057,WD25,Barking and Dagenham,Barking and Dagenham,2,All,LAB,LAB,,879,161,54,496,621,280,0
Chadwell Heath,E05014058,WD25,Barking and Dagenham,Barking and Dagenham,3,All,LAB,LAB,LAB,1137,364,290,800,838,0,0
Eastbrook & Rush Green,E05014059,WD25,Barking and Dagenham,Barking and Dagenham,2,All,RFM,RFM,,782,224,72,424,973,143,0
Eastbury,E05014060,WD25,Barking and Dagenham,Barking and Dagenham,3,All,LAB,LAB,LAB,1112,411,227,994,904,0,0
Gascoigne,E05014061,WD25,Barking and Dagenham,Barking and Dagenham,3,All,GRN,GRN,LAB,864,317,84,964,255,0,214
Goresbrook,E05014062,WD25,Barking and Dagenham,Barking and Dagenham,3,All,RFM,RFM,RFM,874,444,170,664,1309,0,0
Heath,E05014063,WD25,Barking and Dagenham,Barking and Dagenham,2,All,LAB,LAB,,959,250,225,0,662,0,0
Longbridge,E05014064,WD25,Barking and Dagenham,Barking and Dagenham,3,All,GRN,LAB,GRN,1439,849,101,1630,449,895,0
Mayesbrook,E05014065,WD25,Barking and Dagenham,Barking and Dagenham,3,All,LAB,LAB,LAB,1182,247,128,758,1033,0,0
Northbury,E05014066,WD25,Barking and Dagenham,Barking and Dagenham,3,All,LAB,LAB,LAB,1146,342,129,940,328,0,0
Parsloes,E05014067,WD25,Barking and Dagenham,Barking and Dagenham,3,All,RFM,RFM,RFM,1015,312,132,945,1308,0,0
Thames View,E05014068,WD25,Barking and Dagenham,Barking and Dagenham,2,All,LAB,LAB,,567,125,34,392,201,0,41
Valence,E05014069,WD25,Barking and Dagenham,Barking and Dagenham,3,All,LAB,LAB,RFM,1270,348,309,880,1186,0,0
Village,E05014070,WD25,Barking and Dagenham,Barking and Dagenham,3,All,LAB,LAB,LAB,1542,407,309,0,1007,0,0
Whalebone,E05014071,WD25,Barking and Dagenham,Barking and Dagenham,3,All,LAB,LAB,LAB,1289,817,228,817,796,0,0
Barnet Vale,E05013628,WD25,Barnet,Barnet,3,All,LAB,CON,LAB,2130,2024,504,887,952,0,0
Brunswick Park,E05013629,WD25,Barnet,Barnet,3,All,CON,CON,CON,1552,1702,352,1034,818,0,0
Burnt Oak,E05013630,WD25,Barnet,Barnet,3,All,LAB,LAB,LAB,1475,667,202,896,910,49,169
Childs Hill,E05013631,WD25,Barnet,Barnet,3,All,CON,CON,CON,1321,2356,649,777,646,0,0
Colindale North,E05013632,WD25,Barnet,Barnet,2,All,LAB,LAB,,693,338,158,433,274,0,0
Colindale South,E05013633,WD25,Barnet,Barnet,3,All,LAB,LAB,LAB,1358,996,311,781,540,0,0
Cricklewood,E05013634,WD25,Barnet,Barnet,2,All,LAB,LAB,,814,224,90,472,368,0,0
East Barnet,E05013635,WD25,Barnet,Barnet,3,All,LAB,CON,LAB,1856,1832,383,981,1131,0,0
East Finchley,E05013636,WD25,Barnet,Barnet,3,All,LAB,LAB,LAB,2508,721,416,1101,518,0,209
Edgware,E05013637,WD25,Barnet,Barnet,3,All,CON,CON,CON,859,3148,375,680,1097,0,0
Edgwarebury,E05013638,WD25,Barnet,Barnet,2,All,CON,CON,,553,2160,0,463,584,0,0
Finchley Church End,E05013639,WD25,Barnet,Barnet,3,All,CON,CON,CON,1250,2891,434,775,780,0,231
Friern Barnet,E05013640,WD25,Barnet,Barnet,3,All,LAB,LAB,LAB,1868,943,334,1508,708,0,0
Garden Suburb,E05013641,WD25,Barnet,Barnet,2,All,CON,CON,,667,2681,282,365,581,173,0
Golders Green,E05013642,WD25,Barnet,Barnet,2,All,CON,CON,,455,2619,130,302,386,0,87
Hendon,E05013643,WD25,Barnet,Barnet,3,All,CON,CON,CON,722,2870,273,611,870,0,177
High Barnet,E05013644,WD25,Barnet,Barnet,2,All,CON,LAB,,1441,1558,497,538,689,0,0
Mill Hill,E05013645,WD25,Barnet,Barnet,3,All,CON,CON,CON,889,2473,368,727,916,1063,0
Totteridge & Woodside,E05013646,WD25,Barnet,Barnet,3,All,CON,CON,CON,1074,2533,0,717,771,0,201
Underhill,E05013647,WD25,Barnet,Barnet,2,All,LAB,LAB,,1233,829,252,595,826,619,250
West Finchley,E05013648,WD25,Barnet,Barnet,3,All,LAB,LAB,LAB,2115,1329,449,1332,756,0,0
West Hendon,E05013649,WD25,Barnet,Barnet,3,All,LAB,LAB,LAB,1359,835,245,835,883,0,0
Whetstone,E05013650,WD25,Barnet,Barnet,2,All,LAB,CON,,1292,1290,194,535,543,0,79
Woodhouse,E05013651,WD25,Barnet,Barnet,2,All,GRN,LAB,,1287,895,210,1331,593,0,105
Athersley & New Lodge,E05016567,WD26,Barnsley,Barnsley,3,All,RFM,RFM,RFM,858,113,101,146,1181,0,0
Central,E05000976,WD25,Barnsley,Barnsley,3,All,LAB,LAB,LAB,1208,104,264,286,1033,0,0
Cudworth,E05000977,WD25,Barnsley,Barnsley,3,All,LAB,LAB,RFM,1306,106,107,238,1283,0,0
Darfield & Great Houghton,E05016570,WD26,Barnsley,Barnsley,3,All,RFM,RFM,RFM,1269,203,180,323,1674,0,0
Darton East,E05000979,WD25,Barnsley,Barnsley,3,All,LDM,LDM,LDM,851,100,1724,270,1141,0,0
Darton West,E05000980,WD25,Barnsley,Barnsley,3,All,RFM,RFM,RFM,1504,232,202,456,1607,0,0
Dearne North,E05000981,WD25,Barnsley,Barnsley,3,All,RFM,RFM,RFM,771,112,129,276,1157,0,81
Dearne South,E05000982,WD25,Barnsley,Barnsley,3,All,RFM,RFM,RFM,937,93,115,233,1489,0,111
"Dodworth, Stainborough & Tankersley",E05016575,WD26,Barnsley,Barnsley,3,All,RFM,RFM,RFM,540,190,1222,213,1354,0,0
Hoyland Milton,E05000984,WD25,Barnsley,Barnsley,3,All,RFM,RFM,RFM,1310,169,201,455,1746,0,115
Kingstone,E05000985,WD25,Barnsley,Barnsley,3,All,LDM,LDM,LDM,755,140,1317,302,946,0,29
Monk Bretton,E05000986,WD25,Barnsley,Barnsley,3,All,RFM,RFM,RFM,1026,172,146,305,1543,437,0
North East,E05000987,WD25,Barnsley,Barnsley,3,All,RFM,RFM,RFM,927,114,72,167,1243,266,0
Old Town,E05000988,WD25,Barnsley,Barnsley,3,All,LAB,LAB,LAB,1391,189,483,313,1202,0,41
Penistone East,E05016245,WD25,Barnsley,Barnsley,3,All,LAB,RFM,LAB,2040,1050,312,402,1669,0,0
Penistone West,E05000990,WD25,Barnsley,Barnsley,3,All,LDM,LDM,RFM,821,393,1680,668,1399,276,180
Rockingham,E05000991,WD25,Barnsley,Barnsley,3,All,RFM,RFM,IND,784,176,133,407,1462,0,0
Royston,E05000992,WD25,Barnsley,Barnsley,3,All,RFM,RFM,RFM,1105,155,152,291,1246,0,0
Stairfoot,E05000994,WD25,Barnsley,Barnsley,3,All,RFM,RFM,RFM,942,175,185,275,1322,0,0
Wombwell,E05000995,WD25,Barnsley,Barnsley,3,All,RFM,RFM,LAB,1514,153,122,361,1535,0,0
Worsbrough,E05000996,WD25,Barnsley,Barnsley,3,All,IND,RFM,RFM,1028,163,199,333,1392,1595,0
Billericay East,E05015637,WD25,Basildon,Basildon,1,All,CON,,,249,2341,184,773,1662,0,0
Billericay West,E05015638,WD25,Basildon,Basildon,1,All,CON,,,285,2536,410,334,1436,0,0
Burstead,E05015639,WD25,Basildon,Basildon,1,All,CON,,,391,2654,252,408,2173,0,0
Castledon & Crouch,E05015640,WD25,Basildon,Basildon,1,All,RFM,,,240,1123,654,217,2329,0,49
Fryerns,E05015641,WD25,Basildon,Basildon,1,All,RFM,,,1185,356,78,303,1594,38,0
Laindon Park,E05015642,WD25,Basildon,Basildon,1,All,RFM,,,806,693,116,278,1679,39,0
Langdon Hills,E05015643,WD25,Basildon,Basildon,1,All,RFM,,,567,584,93,338,1720,1579,0
Lee Chapel North,E05015644,WD25,Basildon,Basildon,1,All,RFM,,,1075,315,112,334,1420,29,0
Nethermayne,E05015645,WD25,Basildon,Basildon,1,All,RFM,,,629,265,0,321,1290,750,0
Pitsea North West,E05015646,WD25,Basildon,Basildon,1,All,RFM,,,893,384,85,223,1468,22,0
Pitsea South East,E05015647,WD25,Basildon,Basildon,1,All,RFM,,,847,709,86,271,1738,34,0
St Martin's,E05015648,WD25,Basildon,Basildon,1,All,RFM,,,1133,351,0,316,1280,53,0
Wickford North,E05015649,WD25,Basildon,Basildon,1,All,RFM,,,252,1175,208,360,2106,0,545
Wickford Park,E05015650,WD25,Basildon,Basildon,1,All,RFM,,,220,1155,176,279,1640,30,0
Basing & Upton Grey,E05013078,WD25,Basingstoke and Deane,Basingstoke and Deane,1,All,IND,,,202,648,429,0,908,2116,0
Bramley,E05013079,WD25,Basingstoke and Deane,Basingstoke and Deane,1,All,LOC,,,132,570,434,0,768,0,1118
Brighton Hill,E05013080,WD25,Basingstoke and Deane,Basingstoke and Deane,1,All,LDM,,,315,231,1007,284,892,0,0
Brookvale & Kings Furlong,E05013081,WD25,Basingstoke and Deane,Basingstoke and Deane,1,All,LAB,,,852,629,583,568,513,0,0
Chineham,E05013082,WD25,Basingstoke and Deane,Basingstoke and Deane,1,All,GRN,,,321,926,246,1134,943,0,0
Eastrop & Grove,E05013083,WD25,Basingstoke and Deane,Basingstoke and Deane,1,All,LDM,,,232,323,1527,346,765,0,0
Evingar,E05013084,WD25,Basingstoke and Deane,Basingstoke and Deane,1,All,CON,,,167,1637,419,504,796,0,0
Hatch Warren & Beggarwood,E05013085,WD25,Basingstoke and Deane,Basingstoke and Deane,1,All,LOC,,,321,966,237,0,841,0,999
Kempshott & Buckskin,E05013086,WD25,Basingstoke and Deane,Basingstoke and Deane,1,All,CON,,,422,1016,245,503,1011,0,0
Norden,E05013087,WD25,Basingstoke and Deane,Basingstoke and Deane,1,All,LOC,,,389,276,159,0,522,0,1269
Oakley & The Candovers,E05013088,WD25,Basingstoke and Deane,Basingstoke and Deane,2,All,LOC,LOC,,286,1145,381,0,1019,0,1756
Popley,E05013089,WD25,Basingstoke and Deane,Basingstoke and Deane,1,All,LAB,,,1032,274,171,383,803,0,0
Sherborne St John & Rooksdown,E05013090,WD25,Basingstoke and Deane,Basingstoke and Deane,1,All,CON,,,485,1084,269,453,756,201,0
South Ham,E05013091,WD25,Basingstoke and Deane,Basingstoke and Deane,1,All,RFM,,,560,367,138,207,864,406,0
Tadley & Pamber,E05013092,WD25,Basingstoke and Deane,Basingstoke and Deane,1,All,LDM,,,141,788,1497,307,1179,0,0
"Tadley North, Kingsclere & Baughurst",E05013093,WD25,Basingstoke and Deane,Basingstoke and Deane,1,All,LDM,,,123,988,1408,255,1036,0,0
"Whitchurch, Overton & Laverstoke",E05013094,WD25,Basingstoke and Deane,Basingstoke and Deane,1,All,LOC,,,165,442,390,0,681,0,2318
Winklebury & Manydown,E05013095,WD25,Basingstoke and Deane,Basingstoke and Deane,1,All,RFM,,,505,315,73,157,602,553,0
Barnehurst,E05011217,WD25,Bexley,Bexley,2,All,CON,CON,,737,1578,186,456,1303,0,0
Belvedere,E05011218,WD25,Bexley,Bexley,3,All,LAB,LAB,RFM,1461,867,278,884,1343,0,116
Bexleyheath,E05011219,WD25,Bexley,Bexley,3,All,CON,CON,CON,957,2378,334,732,1934,0,0
Blackfen & Lamorbey,E05011220,WD25,Bexley,Bexley,3,All,CON,CON,CON,694,2417,392,813,2240,626,0
Blendon & Penhill,E05011221,WD25,Bexley,Bexley,3,All,CON,CON,CON,731,2676,380,729,2086,0,0
Crayford,E05011222,WD25,Bexley,Bexley,3,All,RFM,RFM,RFM,1050,1544,439,728,1756,0,0
Crook Log,E05011223,WD25,Bexley,Bexley,3,All,CON,CON,CON,1006,2212,362,805,1875,0,72
East Wickham,E05011224,WD25,Bexley,Bexley,3,All,CON,CON,CON,1007,2268,374,744,1801,0,0
Erith,E05011225,WD25,Bexley,Bexley,2,All,LAB,LAB,,1143,409,212,581,816,0,0
Falconwood & Welling,E05011226,WD25,Bexley,Bexley,3,All,CON,CON,CON,828,2191,316,743,1862,0,0
Longlands,E05011227,WD25,Bexley,Bexley,2,All,CON,CON,,537,1853,176,453,1037,0,0
Northumberland Heath,E05011228,WD25,Bexley,Bexley,2,All,RFM,RFM,,1038,702,187,404,1302,0,0
Sidcup,E05011230,WD25,Bexley,Bexley,3,All,CON,CON,CON,632,2318,238,687,1404,464,191
Slade Green & Northend,E05011231,WD25,Bexley,Bexley,2,All,LAB,LAB,,1106,566,186,553,1032,0,0
St Mary's & St James,E05011229,WD25,Bexley,Bexley,2,All,CON,CON,,390,2363,176,447,943,0,0
Thamesmead East,E05011232,WD25,Bexley,Bexley,3,All,LAB,LAB,LAB,1460,396,274,745,700,0,0
West Heath,E05011233,WD25,Bexley,Bexley,3,All,CON,CON,RFM,1207,2329,412,795,2130,0,0
Acocks Green,E05011118,WD25,Birmingham,Birmingham,2,All,LDM,LDM,,813,192,1952,1106,1147,0,291
Allens Cross,E05011119,WD25,Birmingham,Birmingham,1,All,RFM,,,451,259,76,381,949,651,0
Alum Rock,E05011120,WD25,Birmingham,Birmingham,2,All,IND,IND,,2424,92,301,596,126,3307,0
Aston,E05011121,WD25,Birmingham,Birmingham,2,All,IND,LDM,,1505,98,2115,554,111,2254,0
Balsall Heath West,E05011122,WD25,Birmingham,Birmingham,1,All,GRN,,,464,80,131,934,142,518,0
Bartley Green,E05011123,WD25,Birmingham,Birmingham,2,All,RFM,RFM,,846,1432,269,824,1938,0,0
Billesley,E05011124,WD25,Birmingham,Birmingham,2,All,GRN,GRN,,1064,552,167,2702,1443,0,260
Birchfield,E05011125,WD25,Birmingham,Birmingham,1,All,LAB,,,861,102,201,411,122,790,0
Bordesley & Highgate,E05011126,WD25,Birmingham,Birmingham,1,All,GRN,,,564,165,192,658,201,294,0
Bordesley Green,E05011127,WD25,Birmingham,Birmingham,1,All,IND,,,628,40,375,315,86,773,295
Bournbrook & Selly Park,E05011128,WD25,Birmingham,Birmingham,2,All,GRN,GRN,,773,237,170,2584,319,0,46
Bournville & Cotteridge,E05011129,WD25,Birmingham,Birmingham,2,All,LAB,GRN,,1738,937,792,2062,1369,943,0
Brandwood & King's Heath,E05011130,WD25,Birmingham,Birmingham,2,All,GRN,GRN,,1826,451,837,2940,946,334,87
Bromford & Hodge Hill,E05011131,WD25,Birmingham,Birmingham,2,All,LAB,LAB,,1560,223,772,751,872,0,877
Castle Vale,E05011132,WD25,Birmingham,Birmingham,1,All,LAB,,,899,107,30,124,855,0,11
Druids Heath & Monyhull,E05011133,WD25,Birmingham,Birmingham,1,All,GRN,,,119,140,54,1907,734,0,14
Edgbaston,E05011134,WD25,Birmingham,Birmingham,2,All,CON,CON,,674,1847,294,1132,470,0,0
Erdington,E05011135,WD25,Birmingham,Birmingham,2,All,CON,CON,,1019,2424,187,906,1088,0,133
Frankley Great Park,E05011136,WD25,Birmingham,Birmingham,1,All,RFM,,,326,317,131,407,1192,691,0
Garretts Green,E05011137,WD25,Birmingham,Birmingham,1,All,LAB,,,988,109,149,310,864,0,95
Glebe Farm & Tile Cross,E05011138,WD25,Birmingham,Birmingham,2,All,RFM,WPB,,1035,252,139,654,1394,251,1163
Gravelly Hill,E05011139,WD25,Birmingham,Birmingham,1,All,LAB,,,620,123,417,360,344,234,0
Hall Green North,E05011140,WD25,Birmingham,Birmingham,2,All,GRN,GRN,,824,1014,674,2833,774,457,309
Hall Green South,E05011141,WD25,Birmingham,Birmingham,1,All,CON,,,326,2117,68,638,429,0,163
Handsworth,E05011142,WD25,Birmingham,Birmingham,1,All,GRN,,,443,231,53,958,110,288,0
Handsworth Wood,E05011143,WD25,Birmingham,Birmingham,2,All,LAB,LAB,,1858,549,194,703,550,744,0
Harborne,E05011144,WD25,Birmingham,Birmingham,2,All,IND,GRN,,1344,1411,407,1463,987,1723,0
Heartlands,E05011145,WD25,Birmingham,Birmingham,1,All,LAB,,,1023,56,180,359,154,224,625
Highter's Heath,E05011146,WD25,Birmingham,Birmingham,1,All,CON,,,269,1342,56,419,877,0,0
Holyhead,E05011147,WD25,Birmingham,Birmingham,1,All,IND,,,751,132,64,334,93,825,0
King's Norton North,E05011148,WD25,Birmingham,Birmingham,1,All,RFM,,,786,755,138,452,1082,0,0
King's Norton South,E05011149,WD25,Birmingham,Birmingham,1,All,GRN,,,172,166,36,1725,762,0,0
Kingstanding,E05011150,WD25,Birmingham,Birmingham,2,All,RFM,RFM,,761,1059,162,606,1898,183,0
Ladywood,E05011151,WD25,Birmingham,Birmingham,2,All,GRN,GRN,,1122,436,433,1552,521,213,0
Longbridge & West Heath,E05011152,WD25,Birmingham,Birmingham,2,All,RFM,RFM,,674,1769,256,958,2325,0,0
Lozells,E05011153,WD25,Birmingham,Birmingham,1,All,IND,,,1014,40,45,229,66,1406,0
Moseley,E05011154,WD25,Birmingham,Birmingham,2,All,LDM,LDM,,1020,291,3724,1785,515,189,0
Nechells,E05011155,WD25,Birmingham,Birmingham,1,All,IND,,,541,67,81,287,212,977,12
Newtown,E05011156,WD25,Birmingham,Birmingham,1,All,LAB,,,886,105,370,348,107,205,0
North Edgbaston,E05011157,WD25,Birmingham,Birmingham,2,All,LAB,LAB,,1996,403,213,1206,453,692,0
Northfield,E05011158,WD25,Birmingham,Birmingham,1,All,RFM,,,964,702,211,499,1317,0,0
Oscott,E05011159,WD25,Birmingham,Birmingham,2,All,RFM,RFM,,703,1319,193,623,1945,210,0
Perry Barr,E05011160,WD25,Birmingham,Birmingham,2,All,LDM,LDM,,596,352,1720,732,1070,657,44
Perry Common,E05011161,WD25,Birmingham,Birmingham,1,All,RFM,,,487,261,105,327,1020,213,0
Pype Hayes,E05011162,WD25,Birmingham,Birmingham,1,All,RFM,,,513,331,157,309,1073,64,0
Quinton,E05011163,WD25,Birmingham,Birmingham,2,All,IND,RFM,,1202,909,438,1066,1416,1736,0
Rubery & Rednal,E05011164,WD25,Birmingham,Birmingham,1,All,RFM,,,271,892,119,333,943,0,0
Shard End,E05011165,WD25,Birmingham,Birmingham,1,All,RFM,,,488,155,103,321,1262,132,0
Sheldon,E05011166,WD25,Birmingham,Birmingham,2,All,RFM,RFM,,414,313,1719,492,2102,0,235
Small Heath,E05011167,WD25,Birmingham,Birmingham,2,All,LDM,LDM,,1047,63,1545,604,135,254,1646
Soho & Jewellery Quarter,E05011168,WD25,Birmingham,Birmingham,2,All,LAB,LAB,,1652,322,239,1430,473,0,579
South Yardley,E05011169,WD25,Birmingham,Birmingham,1,All,LDM,,,192,95,1382,329,769,0,53
Sparkbrook & Balsall Heath East,E05011170,WD25,Birmingham,Birmingham,2,All,IND,IND,,1040,105,509,1180,150,1945,643
Sparkhill,E05011171,WD25,Birmingham,Birmingham,2,All,LAB,LAB,,1865,114,867,1164,134,453,0
Stirchley,E05011172,WD25,Birmingham,Birmingham,1,All,GRN,,,1274,193,157,1444,600,0,0
Stockland Green,E05011173,WD25,Birmingham,Birmingham,2,All,IND,RFM,,1022,337,185,728,1023,1226,49
Sutton Four Oaks,E05011174,WD25,Birmingham,Birmingham,1,All,CON,,,260,2193,166,325,827,0,0
Sutton Mere Green,E05011175,WD25,Birmingham,Birmingham,1,All,CON,,,238,1809,406,410,1068,0,0
Sutton Reddicap,E05011176,WD25,Birmingham,Birmingham,1,All,CON,,,231,1618,136,279,798,0,0
Sutton Roughley,E05011177,WD25,Birmingham,Birmingham,1,All,CON,,,446,1657,222,418,1361,0,0
Sutton Trinity,E05011178,WD25,Birmingham,Birmingham,1,All,CON,,,291,1357,106,1102,856,0,0
Sutton Vesey,E05011179,WD25,Birmingham,Birmingham,2,All,CON,CON,,2224,2414,272,756,1974,0,0
Sutton Walmley & Minworth,E05011180,WD25,Birmingham,Birmingham,2,All,CON,CON,,407,2540,335,533,2175,0,0
Sutton Wylde Green,E05011181,WD25,Birmingham,Birmingham,1,All,CON,,,397,1981,181,452,771,0,0
Tyseley & Hay Mills,E05011182,WD25,Birmingham,Birmingham,1,All,GRN,,,463,303,463,550,432,0,473
Ward End,E05011183,WD25,Birmingham,Birmingham,1,All,IND,,,525,28,328,225,165,2078,31
Weoley & Selly Oak,E05011184,WD25,Birmingham,Birmingham,2,All,RFM,RFM,,1221,1502,373,1284,1645,94,0
Yardley East,E05011185,WD25,Birmingham,Birmingham,1,All,LDM,,,387,132,979,419,762,0,153
Yardley West & Stechford,E05011186,WD25,Birmingham,Birmingham,1,All,LDM,,,278,56,1911,368,405,0,126
Audley & Queen's Park,E05011508,WD25,Blackburn with Darwen,Blackburn with Darwen,1,All,IND,,,427,46,0,173,177,886,593
Bastwell & Daisyfield,E05011509,WD25,Blackburn with Darwen,Blackburn with Darwen,1,All,IND,,,1127,17,0,149,97,1332,133
Billinge & Beardwood,E05011510,WD25,Blackburn with Darwen,Blackburn with Darwen,1,All,IND,,,470,397,0,395,365,1173,0
Blackburn Central,E05011511,WD25,Blackburn with Darwen,Blackburn with Darwen,1,All,LAB,,,865,54,55,186,359,586,0
Blackburn South & Lower Darwen,E05011512,WD25,Blackburn with Darwen,Blackburn with Darwen,1,All,RFM,,,0,531,0,499,1313,0,0
Blackburn South East,E05011513,WD25,Blackburn with Darwen,Blackburn with Darwen,1,All,RFM,,,487,130,0,346,840,0,0
Darwen East,E05011514,WD25,Blackburn with Darwen,Blackburn with Darwen,1,All,RFM,,,568,184,0,362,919,0,0
Darwen South,E05011515,WD25,Blackburn with Darwen,Blackburn with Darwen,1,All,RFM,,,573,471,0,306,1405,0,0
Darwen West,E05011516,WD25,Blackburn with Darwen,Blackburn with Darwen,1,All,RFM,,,986,207,71,233,1136,0,0
Ewood,E05011517,WD25,Blackburn with Darwen,Blackburn with Darwen,1,All,RFM,,,0,245,0,351,1034,391,0
Little Harwood & Whitebirk,E05011518,WD25,Blackburn with Darwen,Blackburn with Darwen,1,All,IND,,,627,98,0,269,283,1203,0
Livesey with Pleasington,E05011519,WD25,Blackburn with Darwen,Blackburn with Darwen,1,All,RFM,,,325,823,0,323,1448,427,0
Mill Hill & Moorgate,E05011520,WD25,Blackburn with Darwen,Blackburn with Darwen,1,All,RFM,,,465,162,0,277,1047,0,0
Roe Lee,E05011521,WD25,Blackburn with Darwen,Blackburn with Darwen,1,All,IND,,,0,282,0,436,676,1119,125
Shear Brow & Corporation Park,E05011522,WD25,Blackburn with Darwen,Blackburn with Darwen,1,All,LAB,,,1440,20,0,128,74,1345,0
Wensley Fold,E05011523,WD25,Blackburn with Darwen,Blackburn with Darwen,1,All,IND,,,962,57,0,228,262,1100,49
West Pennine,E05011524,WD25,Blackburn with Darwen,Blackburn with Darwen,1,All,RFM,,,696,939,0,331,1264,0,0
Astley Bridge,E05014818,WD25,Bolton,Bolton,1,All,RFM,,,807,1248,106,1147,1635,53,0
Bradshaw,E05014819,WD25,Bolton,Bolton,1,All,CON,,,745,1801,130,423,1712,0,0
Breightmet,E05014820,WD25,Bolton,Bolton,1,All,RFM,,,605,974,80,413,1890,33,0
Bromley Cross,E05014821,WD25,Bolton,Bolton,1,All,CON,,,597,1794,164,718,1669,0,0
Farnworth North,E05014822,WD25,Bolton,Bolton,1,All,LAB,,,1131,103,35,648,1109,235,642
Farnworth South,E05014823,WD25,Bolton,Bolton,1,All,RFM,,,343,59,40,338,1220,0,956
Great Lever,E05014824,WD25,Bolton,Bolton,1,All,LAB,,,1918,159,116,1239,755,0,0
Halliwell,E05014825,WD25,Bolton,Bolton,1,All,GRN,,,1444,136,115,1752,744,0,0
"Heaton, Lostock & Chew Moor",E05014826,WD25,Bolton,Bolton,1,All,CON,,,1065,2112,299,760,1374,0,0
Horwich North,E05014827,WD25,Bolton,Bolton,1,All,LOC,,,536,257,74,585,1243,252,1905
Horwich South & Blackrod,E05014828,WD25,Bolton,Bolton,1,All,LOC,,,378,293,79,375,1060,49,1775
Hulton,E05014829,WD25,Bolton,Bolton,1,All,RFM,,,979,470,160,947,1939,0,0
Kearsley,E05014830,WD25,Bolton,Bolton,1,All,RFM,,,255,103,49,176,1564,0,1226
Little Lever & Darcy Lever,E05014831,WD25,Bolton,Bolton,1,All,RFM,,,618,924,143,345,2040,0,40
Queens Park & Central,E05014832,WD25,Bolton,Bolton,1,All,GRN,,,1044,206,160,1090,609,0,0
Rumworth,E05014833,WD25,Bolton,Bolton,1,All,GRN,,,1659,119,137,2346,463,0,0
Smithills,E05014834,WD25,Bolton,Bolton,1,All,LDM,,,533,184,1713,563,1565,0,0
Tonge with the Haulgh,E05014835,WD25,Bolton,Bolton,1,All,RFM,,,1329,251,166,600,2089,0,0
Westhoughton North & Hunger Hill,E05014836,WD25,Bolton,Bolton,1,All,RFM,,,403,964,1071,439,1781,0,0
Westhoughton South,E05014837,WD25,Bolton,Bolton,1,All,RFM,,,455,276,1550,306,1644,57,100
Airedale,E05016453,WD26,Bradford,Bradford,3,All,CON,CON,CON,289,2430,87,2038,1092,0,242
Baildon,E05001341,WD25,Bradford,Bradford,3,All,CON,RFM,CON,1522,2455,262,937,1649,1207,0
Bingley East,E05016455,WD26,Bradford,Bradford,3,All,IND,LAB,RFM,2007,1480,452,1204,1882,3322,42
Bingley West,E05016456,WD26,Bradford,Bradford,3,All,CON,CON,CON,650,2503,258,1710,1655,0,70
Bolton & Undercliffe,E05016457,WD26,Bradford,Bradford,3,All,LAB,RFM,LAB,1400,212,248,697,1193,0,943
Bowling & Barkerend,E05016458,WD26,Bradford,Bradford,3,All,LAB,LAB,LAB,1394,156,217,705,678,0,1198
Bradford Moor,E05001346,WD25,Bradford,Bradford,3,All,LDM,LOC,LAB,1741,134,1977,747,163,0,1810
City,E05001347,WD25,Bradford,Bradford,3,All,LAB,LAB,LAB,2033,162,79,1119,177,123,913
Clayton & Fairweather Green,E05016461,WD26,Bradford,Bradford,3,All,RFM,RFM,LAB,1241,409,288,800,1387,0,564
Eccleshill,E05001350,WD25,Bradford,Bradford,3,All,RFM,RFM,RFM,914,199,890,596,1634,340,69
Great Horton,E05001351,WD25,Bradford,Bradford,3,All,LAB,LAB,LAB,1584,232,128,810,555,175,1243
Heaton & Frizinghall,E05016464,WD26,Bradford,Bradford,3,All,GRN,GRN,LOC,863,182,106,2440,265,0,1857
Holme Wood & Bierley,E05016465,WD26,Bradford,Bradford,3,All,GRN,GRN,GRN,347,154,83,1665,1132,0,0
Idle & Thackley,E05016466,WD26,Bradford,Bradford,3,All,,,,0,0,0,0,0,0,0
Ilkley & Addingham,E05016467,WD26,Bradford,Bradford,3,All,CON,CON,CON,881,3775,707,3229,687,0,0
Keighley Central,E05001355,WD25,Bradford,Bradford,3,All,LAB,IND,LOC,2342,506,145,539,533,1597,1508
Keighley East,E05001356,WD25,Bradford,Bradford,3,All,LAB,RFM,CON,1658,1523,251,777,1587,0,0
Keighley West,E05001357,WD25,Bradford,Bradford,3,All,RFM,CON,RFM,801,1375,160,576,1597,0,0
Little Horton,E05001358,WD25,Bradford,Bradford,3,All,LOC,LOC,LOC,1848,88,91,440,277,240,2513
Manningham,E05001359,WD25,Bradford,Bradford,3,All,LOC,LOC,LOC,1345,116,72,983,91,0,3796
Queensbury,E05001360,WD25,Bradford,Bradford,3,All,RFM,RFM,RFM,685,591,305,716,2344,821,0
Royds,E05001361,WD25,Bradford,Bradford,3,All,RFM,RFM,RFM,789,289,157,577,1652,0,0
Shipley,E05001362,WD25,Bradford,Bradford,3,All,GRN,GRN,GRN,708,361,238,3747,918,0,78
Thornton & Allerton,E05016476,WD26,Bradford,Bradford,3,All,RFM,RFM,RFM,1279,621,373,847,1607,840,0
Toller,E05001364,WD25,Bradford,Bradford,3,All,LAB,IND,IND,2155,142,93,1201,139,1723,0
Wharfedale,E05001366,WD25,Bradford,Bradford,3,All,CON,GRN,CON,1490,2571,521,2122,1159,0,0
Wibsey & Odsal,E05016479,WD26,Bradford,Bradford,3,All,RFM,RFM,RFM,1091,347,212,845,1641,471,0
Windhill & Wrose,E05016480,WD26,Bradford,Bradford,3,All,RFM,RFM,RFM,1373,387,236,561,1874,357,0
Worth Valley,E05001369,WD25,Bradford,Bradford,3,All,CON,CON,CON,658,3740,194,970,1501,150,0
Wyke,E05001370,WD25,Bradford,Bradford,3,All,RFM,RFM,RFM,787,474,248,733,2181,0,180
Alperton,E05013496,WD25,Brent,Brent,3,All,LDM,LDM,LDM,849,655,2042,471,475,0,0
Barnhill,E05013497,WD25,Brent,Brent,2,All,LAB,LAB,,664,527,121,560,252,413,0
Brondesbury Park,E05013498,WD25,Brent,Brent,2,All,LAB,LAB,,2066,392,239,1112,263,0,0
Cricklewood & Mapesbury,E05013499,WD25,Brent,Brent,2,All,LAB,LAB,,1295,370,295,879,331,0,0
Dollis Hill,E05013500,WD25,Brent,Brent,3,All,LAB,LAB,LAB,1593,480,570,880,544,0,0
Harlesden & Kensal Green,E05013501,WD25,Brent,Brent,3,All,LAB,GRN,LAB,1714,390,340,1684,300,140,0
Kenton,E05013502,WD25,Brent,Brent,3,All,CON,CON,CON,746,2136,270,801,647,1273,0
Kilburn,E05013503,WD25,Brent,Brent,3,All,GRN,GRN,GRN,1290,337,332,1578,351,0,0
Kingsbury,E05013504,WD25,Brent,Brent,2,All,LAB,LAB,,870,659,159,550,392,0,0
Northwick Park,E05013505,WD25,Brent,Brent,2,All,GRN,GRN,,883,822,233,1255,408,0,0
Preston,E05013506,WD25,Brent,Brent,2,All,CON,CON,,729,1010,154,807,230,183,0
Queens Park,E05013507,WD25,Brent,Brent,3,All,LDM,LDM,LDM,1346,417,1992,1115,303,0,0
Queensbury,E05013508,WD25,Brent,Brent,3,All,CON,CON,CON,924,2325,231,633,371,0,0
Roundwood,E05013509,WD25,Brent,Brent,3,All,LAB,LAB,LAB,1414,261,251,1013,285,0,0
Stonebridge,E05013510,WD25,Brent,Brent,3,All,LAB,LAB,LAB,1399,421,209,825,292,669,107
Sudbury,E05013511,WD25,Brent,Brent,2,All,LDM,LDM,,784,601,1776,441,344,0,0
Tokyngton,E05013512,WD25,Brent,Brent,2,All,LAB,CON,,939,864,175,486,279,0,0
Welsh Harp,E05013513,WD25,Brent,Brent,3,All,LAB,CON,LAB,1075,1052,305,770,767,65,69
Wembley Central,E05013514,WD25,Brent,Brent,3,All,LDM,LDM,LDM,1035,1603,1918,516,495,0,0
Wembley Hill,E05013515,WD25,Brent,Brent,3,All,LAB,CON,LAB,1456,1211,231,611,408,106,0
Wembley Park,E05013516,WD25,Brent,Brent,2,All,GRN,GRN,,476,172,382,613,188,0,0
Willesden Green,E05013517,WD25,Brent,Brent,3,All,LAB,GRN,LAB,1714,442,524,1654,523,0,0
Blackmore & Doddinghurst,E05015651,WD25,Brentwood,Brentwood,1,All,RFM,,,95,860,208,117,1358,0,0
Brentwood North,E05015652,WD25,Brentwood,Brentwood,1,All,LDM,,,109,256,1017,198,681,0,0
Brentwood South,E05015653,WD25,Brentwood,Brentwood,1,All,RFM,,,503,318,570,192,592,0,0
Brentwood West,E05015654,WD25,Brentwood,Brentwood,2,All,LDM,LDM,,141,424,914,224,680,0,0
"Brizes, Stondon Massey & South Weald",E05015655,WD25,Brentwood,Brentwood,1,All,RFM,,,103,604,246,134,1240,0,0
"Herongate, Ingrave & West Horndon",E05015656,WD25,Brentwood,Brentwood,1,All,RFM,,,58,465,122,98,828,228,0
Hutton East,E05015657,WD25,Brentwood,Brentwood,1,All,RFM,,,100,706,470,144,800,0,0
Hutton North,E05015658,WD25,Brentwood,Brentwood,1,All,CON,,,146,903,189,197,769,0,0
Hutton South,E05015659,WD25,Brentwood,Brentwood,1,All,RFM,,,165,785,302,186,987,0,0
"Ingatestone, Fryerning & Mountnessing",E05015660,WD25,Brentwood,Brentwood,1,All,CON,,,41,930,645,161,814,0,0
Pilgrims Hatch,E05015661,WD25,Brentwood,Brentwood,1,All,RFM,,,68,192,821,108,993,0,0
Shenfield,E05015662,WD25,Brentwood,Brentwood,1,All,CON,,,63,905,686,132,693,0,0
Warley,E05015663,WD25,Brentwood,Brentwood,1,All,LDM,,,85,274,709,143,612,0,0
Beckenham Town & Copers Cope,E05013987,WD25,Bromley,Bromley,3,All,LDM,LDM,LDM,858,1825,2257,869,769,0,0
Bickley & Sundridge,E05013988,WD25,Bromley,Bromley,3,All,CON,CON,CON,695,3666,680,1041,1210,0,0
Biggin Hill,E05013989,WD25,Bromley,Bromley,2,All,RFM,RFM,,230,1776,299,327,2122,0,0
Bromley Common & Holwood,E05013990,WD25,Bromley,Bromley,3,All,CON,CON,CON,755,2522,553,984,1946,0,0
Bromley Town,E05013991,WD25,Bromley,Bromley,3,All,LDM,LDM,LDM,556,1402,1943,878,773,0,328
Chelsfield,E05013992,WD25,Bromley,Bromley,2,All,CON,CON,,246,2307,1303,409,1195,0,0
Chislehurst,E05013993,WD25,Bromley,Bromley,3,All,LOC,LOC,LOC,340,828,231,0,1026,0,3652
Clock House,E05013994,WD25,Bromley,Bromley,3,All,LAB,LAB,LAB,3105,1086,503,1320,800,0,0
Crystal Palace & Anerley,E05013995,WD25,Bromley,Bromley,2,All,LAB,LAB,,1787,236,119,1259,280,0,0
Darwin,E05013996,WD25,Bromley,Bromley,1,All,CON,,,89,1190,80,142,896,0,0
Farnborough & Crofton,E05013997,WD25,Bromley,Bromley,3,All,CON,CON,CON,754,3376,890,818,2062,0,0
Hayes & Coney Hall,E05013998,WD25,Bromley,Bromley,3,All,CON,CON,CON,807,3732,601,1173,1514,0,0
Kelsey & Eden Park,E05013999,WD25,Bromley,Bromley,3,All,CON,CON,CON,1826,2468,509,907,1075,0,0
Mottingham,E05014000,WD25,Bromley,Bromley,2,All,CON,RFM,,669,976,200,478,923,0,0
Orpington,E05014001,WD25,Bromley,Bromley,2,All,CON,CON,,413,1960,762,532,1195,0,0
Penge & Cator,E05014002,WD25,Bromley,Bromley,3,All,LAB,LAB,LAB,3007,530,327,2061,636,0,0
Petts Wood & Knoll,E05014003,WD25,Bromley,Bromley,3,All,CON,CON,CON,674,4010,791,872,1419,0,0
Plaistow,E05014004,WD25,Bromley,Bromley,2,All,CON,CON,,1127,1328,289,669,784,569,0
Shortlands & Park Langley,E05014005,WD25,Bromley,Bromley,3,All,CON,CON,CON,1021,3121,671,993,1064,0,0
St Mary Cray,E05014006,WD25,Bromley,Bromley,3,All,CON,CON,CON,718,2239,350,698,1637,0,0
St Paul's Cray,E05014007,WD25,Bromley,Bromley,3,All,RFM,RFM,RFM,1139,1138,278,651,1588,0,0
West Wickham,E05014008,WD25,Bromley,Bromley,3,All,CON,CON,CON,964,3248,465,808,1253,0,0
Broxbourne and Hoddesdon South,E05009002,WD25,Broxbourne,Broxbourne,1,All,CON,,,214,1666,165,375,911,0,0
Cheshunt North,E05009003,WD25,Broxbourne,Broxbourne,1,All,CON,,,346,957,101,310,860,0,20
Cheshunt South and Theobalds,E05009004,WD25,Broxbourne,Broxbourne,1,All,CON,,,378,985,0,344,700,0,39
Flamstead End,E05009005,WD25,Broxbourne,Broxbourne,1,All,CON,,,209,1061,87,278,907,0,4
Goffs Oak,E05009006,WD25,Broxbourne,Broxbourne,1,All,CON,,,186,1475,171,297,1260,0,0
Hoddesdon North,E05009007,WD25,Broxbourne,Broxbourne,1,All,CON,,,224,1405,132,243,1168,0,0
Hoddesdon Town and Rye Park,E05009008,WD25,Broxbourne,Broxbourne,1,All,RFM,,,241,793,127,284,990,0,10
Rosedale and Bury Green,E05009009,WD25,Broxbourne,Broxbourne,1,All,RFM,,,293,895,78,342,912,0,0
Waltham Cross,E05009010,WD25,Broxbourne,Broxbourne,1,All,LAB,,,745,514,127,457,728,0,23
Wormley and Turnford,E05009011,WD25,Broxbourne,Broxbourne,1,All,CON,,,283,1267,0,347,889,0,17
Bank Hall,E05005150,WD25,Burnley,Burnley,1,All,IND,,,206,0,0,0,500,906,0
Briercliffe,E05005151,WD25,Burnley,Burnley,1,All,RFM,,,122,54,788,0,1003,0,0
Brunshaw,E05005152,WD25,Burnley,Burnley,1,All,RFM,,,257,107,0,306,901,0,0
Cliviger with Worsthorne,E05005153,WD25,Burnley,Burnley,1,All,RFM,,,176,514,187,283,1215,0,0
Coal Clough with Deerplay,E05005154,WD25,Burnley,Burnley,1,All,LDM,,,161,101,751,0,669,0,0
Daneshouse with Stoneyholme,E05005155,WD25,Burnley,Burnley,1,All,IND,,,157,0,564,0,99,1092,0
Gannow,E05005156,WD25,Burnley,Burnley,1,All,RFM,,,193,382,0,186,782,0,0
Gawthorpe,E05005157,WD25,Burnley,Burnley,1,All,RFM,,,422,142,0,139,856,0,0
Hapton with Park,E05005158,WD25,Burnley,Burnley,1,All,RFM,,,195,659,0,181,883,0,0
Lanehead,E05005159,WD25,Burnley,Burnley,1,All,RFM,,,285,0,495,145,681,513,0
Queensgate,E05005160,WD25,Burnley,Burnley,1,All,IND,,,239,0,114,0,415,936,0
Rosegrove with Lowerhouse,E05005161,WD25,Burnley,Burnley,1,All,RFM,,,302,146,81,159,907,0,0
Rosehill with Burnley Wood,E05005162,WD25,Burnley,Burnley,1,All,RFM,,,189,104,146,242,902,0,0
Trinity,E05005163,WD25,Burnley,Burnley,1,All,RFM,,,152,0,0,428,610,0,0
Whittlefield with Ightenhill,E05005164,WD25,Burnley,Burnley,1,All,RFM,,,186,583,0,215,1017,128,0
Besses,E05014152,WD25,Bury,Bury,1,All,LAB,,,1130,246,0,567,1028,0,263
Bury East,E05014153,WD25,Bury,Bury,1,All,LAB,,,1051,193,0,509,916,0,439
Bury West,E05014154,WD25,Bury,Bury,1,All,RFM,,,685,1306,0,530,1449,0,204
Elton,E05014155,WD25,Bury,Bury,1,All,RFM,,,1103,469,0,485,1619,0,298
Holyrood,E05014156,WD25,Bury,Bury,1,All,LAB,,,1485,353,0,1011,1090,0,95
Moorside,E05014157,WD25,Bury,Bury,1,All,,,,0,0,0,0,0,0,0
North Manor,E05014158,WD25,Bury,Bury,1,All,LAB,,,1563,1182,0,370,1308,0,0
Pilkington Park,E05014159,WD25,Bury,Bury,1,All,RFM,,,987,703,0,525,1345,0,356
Radcliffe East,E05014160,WD25,Bury,Bury,1,All,LOC,,,325,95,0,309,799,0,1293
Radcliffe North & Ainsworth,E05014161,WD25,Bury,Bury,1,All,RFM,,,424,362,0,307,1371,0,1368
Radcliffe West,E05014162,WD25,Bury,Bury,1,All,LOC,,,436,156,0,305,888,0,1058
Ramsbottom,E05014163,WD25,Bury,Bury,1,All,LAB,,,1634,600,119,507,1318,323,0
Redvales,E05014164,WD25,Bury,Bury,1,All,WPB,,,788,224,0,445,771,0,1261
Sedgley,E05014165,WD25,Bury,Bury,1,All,LAB,,,1139,844,0,666,796,0,0
St. Mary's,E05014166,WD25,Bury,Bury,1,All,LAB,,,1884,415,0,838,998,0,0
Tottington,E05014167,WD25,Bury,Bury,1,All,IND,,,360,528,0,232,1099,1566,49
Unsworth,E05014168,WD25,Bury,Bury,1,All,RFM,,,1018,418,0,398,1340,0,756
Brighouse Ward,E05001371,WD25,Calderdale,Calderdale,3,All,RFM,RFM,RFM,657,1049,267,754,1538,0,0
Elland Ward,E05001373,WD25,Calderdale,Calderdale,3,All,RFM,RFM,RFM,904,349,429,488,1510,0,0
Greetland Ward,E05016485,WD26,Calderdale,Calderdale,3,All,RFM,RFM,RFM,217,336,1288,345,1704,0,0
Halifax Town Ward,E05016486,WD26,Calderdale,Calderdale,3,All,RFM,RFM,RFM,752,308,184,568,1082,0,340
Hebden Bridge & Todmorden East Ward,E05016487,WD26,Calderdale,Calderdale,3,All,LAB,GRN,GRN,2397,248,197,2049,786,801,0
Hipperholme & Lightcliffe Ward,E05016488,WD26,Calderdale,Calderdale,3,All,RFM,RFM,RFM,536,1079,261,681,1470,781,0
Illingworth & Mixenden Ward,E05016489,WD26,Calderdale,Calderdale,3,All,RFM,RFM,RFM,651,357,164,323,1774,154,0
Luddendenfoot Ward,E05001377,WD25,Calderdale,Calderdale,3,All,LAB,LAB,LAB,1671,494,370,887,1438,0,0
Northowram & Shelf Ward,E05016491,WD26,Calderdale,Calderdale,3,All,GRN,RFM,GRN,220,413,153,1823,1591,0,0
Ovenden Ward,E05001379,WD25,Calderdale,Calderdale,3,All,RFM,RFM,RFM,611,245,155,362,1531,0,0
Park Ward,E05001380,WD25,Calderdale,Calderdale,3,All,IND,LAB,WPB,1016,112,592,496,217,1588,901
Rastrick Ward,E05001381,WD25,Calderdale,Calderdale,3,All,RFM,RFM,RFM,822,966,195,658,1644,0,0
Ryburn Ward,E05001382,WD25,Calderdale,Calderdale,3,All,IND,RFM,RFM,495,895,573,477,1423,1579,0
"Salterhebble, Southowram & Skircoat Green Ward",E05016496,WD26,Calderdale,Calderdale,3,All,RFM,RFM,RFM,912,594,384,695,1858,0,0
Sowerby Bridge Ward,E05001384,WD25,Calderdale,Calderdale,3,All,RFM,RFM,LAB,1574,413,276,538,1637,123,246
Todmorden West Ward,E05016498,WD26,Calderdale,Calderdale,3,All,GRN,GRN,GRN,1395,281,266,1718,1070,0,0
Wainhouse Ward,E05016499,WD26,Calderdale,Calderdale,3,All,LAB,LAB,RFM,1287,587,337,1075,1215,0,0
Warley Ward,E05001387,WD25,Calderdale,Calderdale,3,All,LDM,LDM,RFM,484,246,1166,451,924,0,311
Abbey,E05013050,WD25,Cambridge,Cambridge,1,All,GRN,,,455,161,302,1347,365,0,17
Arbury,E05013051,WD25,Cambridge,Cambridge,1,All,GRN,,,816,185,667,928,290,0,0
Castle,E05013052,WD25,Cambridge,Cambridge,1,All,GRN,,,599,85,733,757,115,64,0
Cherry Hinton,E05013053,WD25,Cambridge,Cambridge,1,All,LAB,,,864,315,399,731,484,0,0
Coleridge,E05013054,WD25,Cambridge,Cambridge,1,All,GRN,,,1070,222,196,1150,302,0,0
East Chesterton,E05013055,WD25,Cambridge,Cambridge,1,All,LAB,,,935,166,803,718,297,0,18
King's Hedges,E05013056,WD25,Cambridge,Cambridge,1,All,LAB,,,713,493,295,604,376,139,0
Market,E05013057,WD25,Cambridge,Cambridge,1,All,LDM,,,303,99,854,592,127,0,0
Newnham,E05013058,WD25,Cambridge,Cambridge,1,All,GRN,,,308,162,327,1046,89,0,0
Petersfield,E05013059,WD25,Cambridge,Cambridge,1,All,GRN,,,1208,164,412,1363,182,0,0
Queen Edith's,E05013060,WD25,Cambridge,Cambridge,1,All,LDM,,,397,315,1503,556,299,0,0
Romsey,E05013061,WD25,Cambridge,Cambridge,1,All,GRN,,,1124,141,347,1521,230,0,0
Trumpington,E05013062,WD25,Cambridge,Cambridge,2,All,LDM,LDM,,447,397,1272,854,293,0,0
West Chesterton,E05013063,WD25,Cambridge,Cambridge,1,All,LAB,,,1080,147,1006,930,202,0,0
Belsize,E05013652,WD25,Camden,Camden,3,All,LDM,LDM,LDM,488,1028,1191,548,261,0,0
Bloomsbury,E05013653,WD25,Camden,Camden,3,All,LAB,LAB,GRN,910,266,198,846,251,0,0
Camden Square,E05013654,WD25,Camden,Camden,2,All,LAB,LAB,,890,119,164,830,162,162,0
Camden Town,E05013655,WD25,Camden,Camden,2,All,LAB,LAB,,746,113,111,583,142,0,0
Fortune Green,E05013656,WD25,Camden,Camden,3,All,LDM,LDM,LDM,746,481,1376,847,266,0,0
Frognal,E05013657,WD25,Camden,Camden,2,All,CON,CON,,355,1034,243,361,253,0,0
Gospel Oak,E05013658,WD25,Camden,Camden,3,All,GRN,LAB,LAB,1208,343,360,1240,444,0,0
Hampstead Town,E05013659,WD25,Camden,Camden,2,All,LDM,CON,,492,1069,1221,388,190,0,0
Haverstock,E05013660,WD25,Camden,Camden,3,All,LAB,LAB,LAB,1366,320,351,1209,313,0,0
Highgate,E05013661,WD25,Camden,Camden,3,All,GRN,LAB,LAB,1815,522,250,1908,342,0,0
Holborn & Covent Garden,E05013662,WD25,Camden,Camden,3,All,GRN,GRN,GRN,1035,248,185,1271,309,0,217
Kentish Town North,E05013663,WD25,Camden,Camden,2,All,LAB,LAB,,1367,124,84,1163,141,0,0
Kentish Town South,E05013664,WD25,Camden,Camden,3,All,LAB,LAB,LAB,1441,219,171,1278,272,0,0
Kilburn,E05013665,WD25,Camden,Camden,3,All,LAB,GRN,GRN,970,307,261,954,292,0,0
King's Cross,E05013666,WD25,Camden,Camden,3,All,LAB,LAB,LAB,1048,224,236,0,224,0,838
Primrose Hill,E05013667,WD25,Camden,Camden,3,All,LAB,LAB,LAB,1209,977,328,785,340,0,0
Regent's Park,E05013668,WD25,Camden,Camden,3,All,GRN,GRN,GRN,973,274,189,1138,354,0,46
South Hampstead,E05013670,WD25,Camden,Camden,3,All,LAB,LAB,LAB,1006,816,795,758,261,0,0
St Pancras & Somers Town,E05013669,WD25,Camden,Camden,3,All,LAB,LAB,LOC,1092,188,265,0,432,0,1064
West Hampstead,E05013671,WD25,Camden,Camden,3,All,LDM,LDM,LDM,782,376,1421,661,224,0,0
Brereton & Ravenhill,E05015742,WD25,Cannock Chase,Cannock Chase,1,All,RFM,,,500,288,0,268,1111,0,0
Cannock Longford & Bridgtown,E05015744,WD25,Cannock Chase,Cannock Chase,1,All,RFM,,,400,441,0,346,1378,0,23
Cannock Park & Old Fallow,E05015745,WD25,Cannock Chase,Cannock Chase,1,All,RFM,,,349,594,0,282,1467,0,0
Chadsmoor,E05015743,WD25,Cannock Chase,Cannock Chase,1,All,RFM,,,357,288,0,310,1494,0,0
Etching Hill & the Heath,E05015746,WD25,Cannock Chase,Cannock Chase,1,All,RFM,,,359,755,0,294,1181,0,0
Hawks Green with Rumer Hill,E05015747,WD25,Cannock Chase,Cannock Chase,1,All,RFM,,,271,611,0,293,1178,0,0
Heath Hayes & Wimblebury,E05015748,WD25,Cannock Chase,Cannock Chase,1,All,RFM,,,355,388,0,276,1468,0,0
Hednesford Green Heath,E05015749,WD25,Cannock Chase,Cannock Chase,1,All,RFM,,,269,310,0,336,1092,48,0
Hednesford Hills & Rawnsley,E05015750,WD25,Cannock Chase,Cannock Chase,1,All,RFM,,,154,350,0,837,1293,0,0
Hednesford Pye Green,E05015751,WD25,Cannock Chase,Cannock Chase,2,All,RFM,RFM,,245,262,0,511,1165,119,0
Norton Canes,E05015752,WD25,Cannock Chase,Cannock Chase,1,All,RFM,,,406,386,0,236,1515,0,0
Western Springs,E05015753,WD25,Cannock Chase,Cannock Chase,1,All,RFM,,,280,517,0,250,960,0,0
All Saints,E05015704,WD25,Cheltenham,Cheltenham,1,All,LDM,,,37,225,928,596,275,0,0
Battledown,E05015705,WD25,Cheltenham,Cheltenham,1,All,LDM,,,23,506,1070,276,349,0,0
"Benhall, the Reddings & Fiddler's Green",E05015706,WD25,Cheltenham,Cheltenham,1,All,LDM,,,0,436,1103,264,565,0,0
Charlton Kings,E05015707,WD25,Cheltenham,Cheltenham,1,All,LDM,,,47,487,922,563,320,0,0
Charlton Park,E05015708,WD25,Cheltenham,Cheltenham,1,All,LDM,,,44,740,906,370,296,0,0
College,E05015709,WD25,Cheltenham,Cheltenham,1,All,LDM,,,51,334,1003,337,269,0,0
Hesters Way,E05015710,WD25,Cheltenham,Cheltenham,1,All,RFM,,,40,99,415,366,431,0,8
Lansdown,E05015711,WD25,Cheltenham,Cheltenham,1,All,LDM,,,0,574,874,330,324,0,0
Leckhampton,E05015712,WD25,Cheltenham,Cheltenham,1,All,LDM,,,33,491,1274,260,307,0,0
Oakley,E05015713,WD25,Cheltenham,Cheltenham,1,All,LDM,,,0,144,632,204,487,0,0
Park,E05015714,WD25,Cheltenham,Cheltenham,1,All,LDM,,,45,750,997,290,298,0,0
Pittville,E05015715,WD25,Cheltenham,Cheltenham,1,All,LDM,,,45,362,1037,470,389,0,0
Prestbury,E05015716,WD25,Cheltenham,Cheltenham,1,All,GRN,,,0,430,364,993,621,0,0
Springbank,E05015717,WD25,Cheltenham,Cheltenham,1,All,LDM,,,0,162,719,195,498,0,22
St Mark's,E05015718,WD25,Cheltenham,Cheltenham,1,All,LDM,,,67,100,752,297,438,0,0
St Paul's,E05015719,WD25,Cheltenham,Cheltenham,1,All,GRN,,,40,87,374,723,208,0,0
St Peter's,E05015720,WD25,Cheltenham,Cheltenham,1,All,LDM,,,72,187,876,444,386,0,0
Swindon Village,E05015721,WD25,Cheltenham,Cheltenham,1,All,LDM,,,45,126,606,363,462,0,0
Up Hatherley,E05015722,WD25,Cheltenham,Cheltenham,1,All,LDM,,,0,431,1177,234,456,0,0
Warden Hill,E05015723,WD25,Cheltenham,Cheltenham,1,All,LDM,,,27,360,1094,177,441,0,0
"Adderbury, Bloxham and Bodicote",E05011348,WD25,Cherwell,Cherwell,1,All,LDM,,,253,1071,1275,333,966,0,0
Banbury Calthorpe and Easington,E05011349,WD25,Cherwell,Cherwell,2,All,CON,RFM,,600,1294,243,802,1232,108,0
Banbury Cross and Neithrop,E05010921,WD25,Cherwell,Cherwell,1,All,RFM,,,644,479,197,510,713,0,0
Banbury Grimsbury and Hightown,E05010922,WD25,Cherwell,Cherwell,1,All,LAB,,,685,456,176,425,596,146,0
Banbury Hardwick,E05010923,WD25,Cherwell,Cherwell,1,All,RFM,,,701,453,257,453,950,0,0
Banbury Ruscote,E05010924,WD25,Cherwell,Cherwell,1,All,RFM,,,540,300,96,313,750,119,0
Bicester East,E05010925,WD25,Cherwell,Cherwell,1,All,LDM,,,0,361,919,263,719,348,0
Bicester North and Caversfield,E05010926,WD25,Cherwell,Cherwell,1,All,LDM,,,92,701,1066,310,686,0,0
Bicester South and Ambrosden,E05012968,WD25,Cherwell,Cherwell,1,All,LDM,,,203,670,1680,641,882,0,0
Bicester West,E05010928,WD25,Cherwell,Cherwell,2,All,RFM,RFM,,0,258,583,600,753,625,89
"Cropredy, Sibfords and Wroxton",E05010929,WD25,Cherwell,Cherwell,1,All,LDM,,,221,112,1151,258,948,0,35
Deddington,E05010930,WD25,Cherwell,Cherwell,1,All,CON,,,300,1294,1173,333,885,0,0
Fringford and Heyfords,E05012969,WD25,Cherwell,Cherwell,1,All,LDM,,,0,868,1372,360,876,0,0
Kidlington East,E05010932,WD25,Cherwell,Cherwell,1,All,GRN,,,167,476,495,1053,745,56,0
Kidlington West,E05010933,WD25,Cherwell,Cherwell,1,All,LDM,,,0,548,1427,457,734,0,0
Launton and Otmoor,E05010934,WD25,Cherwell,Cherwell,1,All,LDM,,,136,692,1244,279,874,0,0
Adlington & Anderton,E05013064,WD25,Chorley,Chorley,1,All,LAB,,,1266,280,0,257,928,0,0
Buckshaw & Whittle,E05013065,WD25,Chorley,Chorley,1,All,LAB,,,824,589,0,375,781,0,0
Chorley East,E05013066,WD25,Chorley,Chorley,1,All,RFM,,,677,171,0,296,778,0,37
Chorley North & Astley,E05013069,WD25,Chorley,Chorley,1,All,RFM,,,820,327,0,310,944,0,0
Chorley North East,E05013067,WD25,Chorley,Chorley,1,All,LAB,,,1470,350,64,214,768,0,0
Chorley North West,E05013068,WD25,Chorley,Chorley,1,All,LAB,,,1093,403,0,375,727,0,0
Chorley South East & Heath Charnock,E05013070,WD25,Chorley,Chorley,1,All,RFM,,,939,301,0,365,1196,0,0
Chorley South West,E05013071,WD25,Chorley,Chorley,1,All,GRN,,,423,120,0,866,774,0,0
"Clayton East, Brindle & Hoghton",E05013072,WD25,Chorley,Chorley,1,All,RFM,,,717,400,149,263,1017,0,17
Clayton West & Cuerden,E05013073,WD25,Chorley,Chorley,1,All,RFM,,,989,477,115,233,1153,0,0
Coppull,E05013074,WD25,Chorley,Chorley,1,All,RFM,,,520,162,71,421,1057,0,0
"Croston, Mawdesley & Euxton South",E05013075,WD25,Chorley,Chorley,1,All,CON,,,462,1207,127,264,997,21,0
"Eccleston, Heskin & Charnock Richard",E05013076,WD25,Chorley,Chorley,1,All,LAB,,,997,558,86,127,950,0,0
Euxton,E05013077,WD25,Chorley,Chorley,1,All,RFM,,,906,469,0,296,978,0,0
Berechurch,E05010827,WD25,Colchester,Colchester,1,All,LAB,,,952,211,146,269,947,0,0
Castle,E05010828,WD25,Colchester,Colchester,1,All,GRN,,,409,432,391,1507,695,0,0
Greenstead,E05010829,WD25,Colchester,Colchester,1,All,RFM,,,781,268,224,393,899,0,0
Highwoods,E05010830,WD25,Colchester,Colchester,1,All,RFM,,,674,436,727,306,842,0,0
Lexden and Braiswick,E05010831,WD25,Colchester,Colchester,1,All,CON,,,309,1706,366,453,956,0,0
Marks Tey and Layer,E05010832,WD25,Colchester,Colchester,1,All,RFM,,,263,1257,354,482,1452,0,0
Mersea and Pyefleet,E05010833,WD25,Colchester,Colchester,1,All,CON,,,225,1573,254,597,1468,0,0
Mile End,E05010834,WD25,Colchester,Colchester,1,All,LDM,,,264,350,1912,470,800,0,0
New Town and Christ Church,E05010835,WD25,Colchester,Colchester,1,All,LAB,,,1249,467,459,899,746,39,0
Old Heath and The Hythe,E05010836,WD25,Colchester,Colchester,1,All,LAB,,,1351,221,154,566,1063,0,0
Prettygate,E05010837,WD25,Colchester,Colchester,1,All,CON,,,322,1350,728,380,918,0,0
Rural North,E05010838,WD25,Colchester,Colchester,1,All,CON,,,315,1847,375,450,1385,0,0
Shrub End,E05010840,WD25,Colchester,Colchester,1,All,RFM,,,333,316,850,321,937,0,0
St Anne's and St John's,E05010839,WD25,Colchester,Colchester,1,All,LDM,,,0,250,1576,333,1208,0,0
Stanway,E05010841,WD25,Colchester,Colchester,1,All,RFM,,,228,470,671,266,995,402,0
Tiptree,E05010842,WD25,Colchester,Colchester,1,All,CON,,,224,1364,214,359,1363,0,0
Wivenhoe,E05010843,WD25,Colchester,Colchester,1,All,LDM,,,173,418,1548,1092,116,0,0
Bablake Ward,E05001218,WD25,Coventry,Coventry,3,All,RFM,RFM,RFM,1084,1298,309,840,1987,357,183
Binley & Willenhall Ward,E05016399,WD26,Coventry,Coventry,3,All,RFM,RFM,RFM,1389,440,210,600,1958,0,440
Cheylesmore Ward,E05001220,WD25,Coventry,Coventry,3,All,CON,CON,LAB,1446,2164,327,1013,1351,0,118
Earlsdon Ward,E05001221,WD25,Coventry,Coventry,3,All,LAB,LAB,LAB,2373,1206,563,1346,1377,0,194
Foleshill Ward,E05001222,WD25,Coventry,Coventry,3,All,LAB,LAB,LAB,1934,290,168,901,482,0,746
Henley Ward,E05001223,WD25,Coventry,Coventry,3,All,RFM,RFM,LAB,1573,761,236,690,1755,0,74
Holbrooks Ward,E05016404,WD26,Coventry,Coventry,3,All,GRN,GRN,GRN,1183,580,146,2098,1341,0,55
Longford Ward,E05001225,WD25,Coventry,Coventry,3,All,RFM,LAB,LAB,1562,468,260,765,1629,0,102
Lower Stoke Ward,E05001226,WD25,Coventry,Coventry,3,All,LAB,LAB,LAB,1718,656,253,1001,1441,308,77
Radford Ward,E05001227,WD25,Coventry,Coventry,3,All,LAB,LAB,LAB,1583,450,242,1146,1268,0,137
Sherbourne Ward,E05001229,WD25,Coventry,Coventry,3,All,RFM,RFM,RFM,1622,764,369,1069,2119,0,213
St Michael's Ward,E05001228,WD25,Coventry,Coventry,3,All,LAB,GRN,LAB,1633,476,175,1554,587,0,280
Tile Hill & Canley Ward,E05016410,WD26,Coventry,Coventry,3,All,RFM,RFM,RFM,1110,813,354,1170,1951,765,0
Upper Stoke Ward,E05001230,WD25,Coventry,Coventry,3,All,LAB,LAB,LAB,1708,402,350,908,1440,0,107
Wainbody Ward,E05001231,WD25,Coventry,Coventry,3,All,CON,CON,CON,1104,2516,397,1126,1202,0,91
Whoberley Ward,E05001233,WD25,Coventry,Coventry,3,All,LAB,LAB,LAB,2026,618,271,1262,1670,0,166
Woodlands Ward,E05001234,WD25,Coventry,Coventry,3,All,RFM,CON,RFM,790,1827,296,771,1909,0,315
Wyken Ward,E05001235,WD25,Coventry,Coventry,3,All,RFM,RFM,RFM,1877,816,319,891,2131,0,321
Bewbush & North Broadfield,E05012914,WD25,Crawley,Crawley,1,All,RFM,,,809,390,151,390,860,0,40
Broadfield,E05012915,WD25,Crawley,Crawley,1,All,RFM,,,803,420,153,354,980,0,0
Furnace Green,E05012916,WD25,Crawley,Crawley,1,All,RFM,,,457,630,144,254,761,0,0
Gossops Green & North East Broadfield,E05012917,WD25,Crawley,Crawley,0,All,,,,0,0,0,0,0,0,0
Ifield,E05012918,WD25,Crawley,Crawley,1,All,RFM,,,752,387,0,368,1180,320,19
Langley Green & Tushmore,E05012919,WD25,Crawley,Crawley,1,All,LAB,,,750,323,121,403,687,0,21
Maidenbower,E05012920,WD25,Crawley,Crawley,1,All,RFM,,,398,789,330,526,1127,0,0
Northgate & West Green,E05012921,WD25,Crawley,Crawley,1,All,RFM,,,858,435,213,510,1038,0,13
Pound Hill North & Forge Wood,E05012922,WD25,Crawley,Crawley,1,All,RFM,,,793,907,204,515,1131,0,0
Pound Hill South & Worth,E05012923,WD25,Crawley,Crawley,1,All,RFM,,,560,959,171,476,960,0,0
Southgate,E05012924,WD25,Crawley,Crawley,1,All,RFM,,,686,737,0,459,963,0,24
Three Bridges,E05012925,WD25,Crawley,Crawley,2,All,LAB,LAB,,875,612,190,496,782,0,24
Tilgate,E05012926,WD25,Crawley,Crawley,1,All,RFM,,,412,454,0,275,863,0,0
Addiscombe East,E05011462,WD25,Croydon,Croydon,2,All,CON,LAB,,1148,1119,545,788,437,0,0
Addiscombe West,E05011463,WD25,Croydon,Croydon,3,All,LAB,LAB,LAB,1547,706,499,1134,573,0,74
Bensham Manor,E05011464,WD25,Croydon,Croydon,3,All,LAB,LAB,LAB,1370,560,410,1037,396,622,186
Broad Green,E05011465,WD25,Croydon,Croydon,3,All,LAB,LAB,LAB,1919,685,353,1029,623,0,83
Coulsdon Town,E05011466,WD25,Croydon,Croydon,3,All,CON,CON,CON,871,2105,786,974,959,0,0
Crystal Palace & Upper Norwood,E05011467,WD25,Croydon,Croydon,3,All,LDM,GRN,GRN,1504,318,2146,1833,492,0,0
Fairfield,E05011468,WD25,Croydon,Croydon,3,All,GRN,GRN,GRN,1084,518,329,1587,378,0,0
Kenley,E05011469,WD25,Croydon,Croydon,2,All,CON,CON,,455,1835,351,660,631,0,0
New Addington North,E05011470,WD25,Croydon,Croydon,2,All,LAB,LAB,,887,512,0,326,647,89,51
New Addington South,E05011471,WD25,Croydon,Croydon,2,All,RFM,RFM,,672,835,0,392,1003,0,63
Norbury & Pollards Hill,E05011472,WD25,Croydon,Croydon,2,All,LAB,LAB,,1235,511,282,923,306,0,0
Norbury Park,E05011473,WD25,Croydon,Croydon,2,All,LAB,LAB,,1030,573,232,808,222,0,0
Old Coulsdon,E05011474,WD25,Croydon,Croydon,2,All,CON,LDM,,237,1640,1342,326,761,0,0
Park Hill & Whitgift,E05011475,WD25,Croydon,Croydon,1,All,CON,,,437,829,137,401,231,0,0
Purley & Woodcote,E05011476,WD25,Croydon,Croydon,3,All,CON,CON,CON,777,2703,575,1042,753,0,0
Purley Oaks & Riddlesdown,E05011477,WD25,Croydon,Croydon,2,All,CON,CON,,719,1424,379,816,498,0,0
Sanderstead,E05011478,WD25,Croydon,Croydon,3,All,CON,CON,CON,851,3588,461,806,864,0,0
Selhurst,E05011479,WD25,Croydon,Croydon,2,All,LAB,LAB,,1037,340,241,587,319,0,0
Selsdon & Addington Village,E05011480,WD25,Croydon,Croydon,2,All,CON,CON,,649,1389,298,622,828,0,0
Selsdon Vale & Forestdale,E05011481,WD25,Croydon,Croydon,2,All,CON,CON,,376,1293,208,852,833,0,0
Shirley North,E05011482,WD25,Croydon,Croydon,3,All,CON,CON,CON,1181,1707,413,900,1197,0,110
Shirley South,E05011483,WD25,Croydon,Croydon,2,All,CON,CON,,697,1377,270,777,883,0,0
South Croydon,E05011484,WD25,Croydon,Croydon,3,All,CON,CON,CON,1481,1718,659,1412,594,0,0
South Norwood,E05011485,WD25,Croydon,Croydon,3,All,GRN,LAB,GRN,1425,436,300,1546,400,0,296
Thornton Heath,E05011486,WD25,Croydon,Croydon,3,All,LAB,LAB,LAB,1698,459,406,1341,460,0,464
Waddon,E05011487,WD25,Croydon,Croydon,3,All,LAB,LAB,LAB,1890,1270,356,1141,741,0,67
West Thornton,E05011488,WD25,Croydon,Croydon,3,All,LAB,LAB,LAB,1765,716,915,797,456,0,0
Woodside,E05011489,WD25,Croydon,Croydon,3,All,LAB,LAB,GRN,1933,522,468,1585,517,0,192
Amblecote,E05015903,WD25,Dudley,Dudley,1,All,RFM,,,435,1522,233,325,1685,0,0
Belle Vale,E05015904,WD25,Dudley,Dudley,1,All,RFM,,,736,1263,137,465,1437,0,0
Brierley Hill & Wordsley South,E05015905,WD25,Dudley,Dudley,1,All,RFM,,,408,718,122,355,1365,0,237
Brockmoor & Pensnett,E05015906,WD25,Dudley,Dudley,1,All,RFM,,,452,362,118,0,1515,0,761
Castle & Priory,E05015907,WD25,Dudley,Dudley,1,All,RFM,,,696,357,84,377,1555,0,172
Coseley,E05015908,WD25,Dudley,Dudley,1,All,RFM,,,712,373,86,340,1904,0,25
Cradley North & Wollescote,E05015909,WD25,Dudley,Dudley,1,All,RFM,,,382,220,1194,256,1271,183,0
Gornal,E05015910,WD25,Dudley,Dudley,1,All,RFM,,,382,854,140,300,2532,0,0
Halesowen North,E05015911,WD25,Dudley,Dudley,1,All,CON,,,1182,1347,114,482,792,0,0
Halesowen South,E05015912,WD25,Dudley,Dudley,1,All,RFM,,,770,1287,199,526,1684,0,0
Hayley Green & Cradley South,E05015913,WD25,Dudley,Dudley,1,All,RFM,,,609,1255,173,381,1573,0,0
Kingswinford North & Wall Heath,E05015914,WD25,Dudley,Dudley,1,All,CON,,,456,1983,150,318,1913,0,0
Kingswinford South,E05015915,WD25,Dudley,Dudley,1,All,RFM,,,525,1415,173,430,1888,0,0
Lye & Stourbridge North,E05015916,WD25,Dudley,Dudley,1,All,RFM,,,695,448,477,342,1348,0,163
Netherton & Holly Hall,E05015917,WD25,Dudley,Dudley,1,All,RFM,,,691,375,150,423,1622,0,0
Norton,E05015918,WD25,Dudley,Dudley,1,All,RFM,,,492,1350,215,1030,1691,0,0
Pedmore & Stourbridge East,E05015919,WD25,Dudley,Dudley,1,All,RFM,,,560,1370,638,496,1482,0,0
Quarry Bank & Dudley Wood,E05015920,WD25,Dudley,Dudley,1,All,RFM,,,489,386,160,400,1891,0,0
Sedgley,E05015921,WD25,Dudley,Dudley,1,All,RFM,,,505,1002,166,432,2664,0,0
St. James's,E05015922,WD25,Dudley,Dudley,1,All,RFM,,,727,462,130,355,1630,0,30
St. Thomas's,E05015923,WD25,Dudley,Dudley,1,All,LAB,,,1415,295,120,399,1224,358,0
Upper Gornal & Woodsetton,E05015924,WD25,Dudley,Dudley,1,All,RFM,,,506,429,115,320,2533,0,0
Wollaston & Stourbridge Town,E05015925,WD25,Dudley,Dudley,2,All,RFM,RFM,,856,894,1202,636,1464,0,61
Wordsley North,E05015926,WD25,Dudley,Dudley,1,All,RFM,,,554,1056,153,320,1788,0,208
Central Greenford,E05013518,WD25,Ealing,Ealing,3,All,LAB,LAB,LAB,1254,854,393,772,746,210,0
Dormers Wells,E05013519,WD25,Ealing,Ealing,3,All,LAB,LAB,LAB,1563,684,270,759,470,0,1001
Ealing Broadway,E05013520,WD25,Ealing,Ealing,3,All,CON,CON,LDM,704,1780,1413,1016,460,0,235
Ealing Common,E05013521,WD25,Ealing,Ealing,3,All,LDM,LDM,LDM,921,720,2227,1029,560,0,0
East Acton,E05013522,WD25,Ealing,Ealing,3,All,LAB,LAB,LAB,1229,529,838,1055,511,0,98
Greenford Broadway,E05013523,WD25,Ealing,Ealing,3,All,LAB,LAB,LAB,1363,711,283,889,907,0,710
Hanger Hill,E05013524,WD25,Ealing,Ealing,3,All,LDM,LDM,LDM,570,1103,1805,1017,537,0,317
Hanwell Broadway,E05013525,WD25,Ealing,Ealing,3,All,GRN,GRN,GRN,1773,458,452,2050,627,0,260
Lady Margaret,E05013526,WD25,Ealing,Ealing,3,All,LAB,LAB,LAB,1744,612,396,1014,704,745,0
North Acton,E05013527,WD25,Ealing,Ealing,3,All,LAB,GRN,LAB,1356,592,511,1298,530,0,284
North Greenford,E05013528,WD25,Ealing,Ealing,3,All,CON,CON,CON,1487,1925,386,1106,559,0,0
North Hanwell,E05013529,WD25,Ealing,Ealing,3,All,LAB,LAB,LAB,1803,738,509,1478,716,0,77
Northfield,E05013530,WD25,Ealing,Ealing,3,All,LAB,LAB,LAB,1886,931,960,1371,517,0,593
Northolt Mandeville,E05013531,WD25,Ealing,Ealing,3,All,LAB,LAB,LAB,1779,723,429,931,915,0,0
Northolt West End,E05013532,WD25,Ealing,Ealing,3,All,LAB,LAB,LAB,1568,630,309,866,835,0,0
Norwood Green,E05013533,WD25,Ealing,Ealing,3,All,IND,LAB,LAB,1275,658,340,893,516,1396,746
Perivale,E05013534,WD25,Ealing,Ealing,3,All,LAB,LAB,LAB,1704,1016,503,1121,688,0,751
Pitshanger,E05013535,WD25,Ealing,Ealing,3,All,LAB,LAB,LAB,1836,1414,627,1097,536,0,217
South Acton,E05013536,WD25,Ealing,Ealing,3,All,LAB,LAB,GRN,1469,550,510,1239,432,0,542
Southall Broadway,E05013537,WD25,Ealing,Ealing,2,All,LAB,LAB,,1079,768,204,453,254,0,804
Southall Green,E05013538,WD25,Ealing,Ealing,3,All,LAB,LAB,LAB,1789,624,221,554,395,240,1129
Southall West,E05013539,WD25,Ealing,Ealing,2,All,LAB,LAB,,819,550,136,415,179,0,456
Southfield,E05013540,WD25,Ealing,Ealing,3,All,LDM,LDM,LDM,859,768,2857,1181,465,0,129
Walpole,E05013541,WD25,Ealing,Ealing,3,All,LDM,LDM,LDM,1428,726,2201,1095,502,0,258
Ashtead,,,,East Surrey,2,All,LOC,LOC,,150,566,1015,456,922,0,3059
"Banstead, Woodmansterne & Chipstead",,,,East Surrey,2,All,CON,CON,,392,2475,664,528,1440,0,0
Bookham & Fetcham West,,,,East Surrey,2,All,LDM,LDM,,126,1684,3273,406,1525,0,0
Caterham Hill,,,,East Surrey,2,All,LDM,LDM,,265,1052,1908,467,1469,0,0
Caterham Valley,,,,East Surrey,2,All,LDM,LDM,,168,685,1871,415,1019,0,0
Cobham & Oxshott South,,,,East Surrey,2,All,CON,CON,,166,2855,1520,369,1101,0,0
Dorking,,,,East Surrey,2,All,LDM,LDM,,250,787,3210,1043,932,0,42
Dorking Hills,,,,East Surrey,2,All,LDM,LDM,,118,1223,2475,495,1542,0,0
Dorking Rural,,,,East Surrey,2,All,LDM,LDM,,109,1693,2115,453,1773,0,0
Earlswood & Reigate South,,,,East Surrey,2,All,GRN,GRN,,289,842,446,1783,1240,0,0
Epsom Town & Downs,,,,East Surrey,2,All,LDM,LDM,,277,632,2769,389,825,0,1503
Epsom West,,,,East Surrey,2,All,LDM,LDM,,246,959,2538,683,989,0,710
"Esher, Claygate & Oxshott North",,,,East Surrey,2,All,LDM,LDM,,96,1954,2390,392,899,977,36
"Ewell Court, Auriol & Cuddington",,,,East Surrey,2,All,LOC,LOC,,175,493,994,430,1060,0,2567
"Ewell Village, Stoneleigh & Nonsuch",,,,East Surrey,2,All,LDM,LDM,,146,1116,1993,436,1158,0,1558
Godstone,,,,East Surrey,2,All,RFM,RFM,,246,1375,1031,608,1468,0,0
Hersham,,,,East Surrey,2,All,LDM,CON,,150,1952,2252,425,1138,392,0
Horley East,,,,East Surrey,2,All,RFM,LDM,,0,1333,1614,1205,1625,0,0
"Horley West, Salfords & Sidlow",,,,East Surrey,2,All,LDM,LDM,,222,877,1839,586,1696,0,0
Leatherhead & Fetcham East,,,,East Surrey,2,All,LDM,LDM,,237,1693,1949,602,1253,0,0
Lingfield,,,,East Surrey,2,All,CON,RFM,,277,2057,658,768,2055,1000,0
"Long Ditton, Hinchley Wood & Weston Green",,,,East Surrey,2,All,LDM,LDM,,115,631,2651,379,658,0,2103
Merstham & Banstead South,,,,East Surrey,2,All,GRN,GRN,,385,1026,430,1589,1436,0,0
Nork & Tattenhams,,,,East Surrey,2,All,LOC,LOC,,179,693,271,336,1413,0,2900
Oxted,,,,East Surrey,2,All,IND,CON,,446,2180,327,558,1156,2216,0
Redhill East & North Earlswood,,,,East Surrey,2,All,GRN,GRN,,270,715,382,2798,795,0,0
Redhill West & Meadvale,,,,East Surrey,2,All,GRN,GRN,,433,1143,1430,1482,895,0,0
Reigate,,,,East Surrey,2,All,LDM,LDM,,277,1835,2054,882,880,778,0
"Tadworth, Walton & Kingswood",,,,East Surrey,2,All,CON,CON,,219,2289,426,506,1657,1181,0
Thames Ditton & East Molesey,,,,East Surrey,2,All,LDM,LDM,,137,792,2108,352,544,0,1676
Walton,,,,East Surrey,2,All,LDM,LDM,,181,562,2315,415,1218,1235,1075
Walton South & Oatlands,,,,East Surrey,2,All,LDM,LDM,,162,1606,2712,474,1032,0,432
Warlingham,,,,East Surrey,2,All,IND,RFM,,230,1452,1312,522,1504,1757,0
West Ewell,,,,East Surrey,2,All,LDM,LDM,,357,377,1815,429,1269,331,678
West Molesey,,,,East Surrey,2,All,CON,LOC,,247,2248,1148,592,987,0,1410
Weybridge,,,,East Surrey,2,All,LDM,LDM,,141,1598,2334,363,1027,0,1003
Bishopstoke,E05011187,WD25,Eastleigh,Eastleigh,1,All,IND,,,0,292,858,278,868,1700,0
Botley,E05011188,WD25,Eastleigh,Eastleigh,1,All,LDM,,,0,549,1378,286,754,0,0
Bursledon & Hound North,E05011189,WD25,Eastleigh,Eastleigh,1,All,LDM,,,0,438,1378,272,831,0,28
Chandler's Ford,E05011190,WD25,Eastleigh,Eastleigh,2,All,LDM,LDM,,163,557,1846,403,830,0,0
Eastleigh Central,E05011191,WD25,Eastleigh,Eastleigh,1,All,LDM,,,190,257,1098,485,704,0,0
Eastleigh North,E05011192,WD25,Eastleigh,Eastleigh,1,All,LDM,,,169,319,1180,345,824,0,0
Eastleigh South,E05011193,WD25,Eastleigh,Eastleigh,1,All,LDM,,,155,266,1161,414,870,0,0
Fair Oak & Horton Heath,E05011194,WD25,Eastleigh,Eastleigh,1,All,LDM,,,93,801,1048,396,914,458,443
Hamble & Netley,E05011195,WD25,Eastleigh,Eastleigh,1,All,LDM,,,131,504,1572,342,1059,0,0
Hedge End North,E05011196,WD25,Eastleigh,Eastleigh,1,All,LDM,,,101,484,1298,343,685,0,0
Hedge End South,E05011197,WD25,Eastleigh,Eastleigh,1,All,LDM,,,0,788,1634,331,1016,0,0
Hiltingbury,E05011198,WD25,Eastleigh,Eastleigh,1,All,LDM,,,100,808,2092,442,756,0,0
West End North,E05011199,WD25,Eastleigh,Eastleigh,1,All,LDM,,,56,319,795,154,645,0,0
West End South,E05011200,WD25,Eastleigh,Eastleigh,1,All,LDM,,,0,360,912,203,641,0,0
Arnos Grove,E05013672,WD25,Enfield,Enfield,2,All,CON,CON,,618,1332,248,637,272,0,0
Bowes,E05013673,WD25,Enfield,Enfield,2,All,LAB,CON,,825,757,137,733,217,0,38
Brimsdown,E05013674,WD25,Enfield,Enfield,3,All,LAB,LAB,LAB,1254,1048,259,987,632,0,121
Bullsmoor,E05013675,WD25,Enfield,Enfield,2,All,LAB,LAB,,971,735,155,656,491,0,31
Bush Hill Park,E05013676,WD25,Enfield,Enfield,3,All,CON,CON,CON,920,2288,360,984,600,0,116
Carterhatch,E05013677,WD25,Enfield,Enfield,2,All,LAB,LAB,,836,622,185,697,429,0,100
Cockfosters,E05013678,WD25,Enfield,Enfield,2,All,CON,CON,,466,2047,237,580,465,0,0
Edmonton Green,E05013679,WD25,Enfield,Enfield,3,All,LAB,LAB,LAB,1381,516,170,813,322,0,318
Enfield Lock,E05013680,WD25,Enfield,Enfield,3,All,GRN,LAB,GRN,1117,802,182,1128,648,0,148
Grange Park,E05013681,WD25,Enfield,Enfield,2,All,CON,CON,,495,1956,208,529,454,0,47
Haselbury,E05013682,WD25,Enfield,Enfield,3,All,LAB,LAB,LAB,1119,876,283,959,455,405,580
Highfield,E05013683,WD25,Enfield,Enfield,2,All,CON,CON,,563,1112,126,620,274,0,127
Jubilee,E05013684,WD25,Enfield,Enfield,3,All,LAB,LAB,LAB,1265,977,282,888,441,0,265
Lower Edmonton,E05013685,WD25,Enfield,Enfield,3,All,LAB,LAB,LAB,1306,701,272,957,328,0,440
New Southgate,E05013686,WD25,Enfield,Enfield,2,All,GRN,GRN,,1017,552,223,1205,304,45,26
Oakwood,E05013687,WD25,Enfield,Enfield,2,All,CON,CON,,370,1607,186,619,345,0,0
Palmers Green,E05013688,WD25,Enfield,Enfield,2,All,LAB,LAB,,1120,904,200,963,232,0,13
Ponders End,E05013689,WD25,Enfield,Enfield,2,All,GRN,LAB,,881,438,238,913,236,0,253
Ridgeway,E05013690,WD25,Enfield,Enfield,3,All,CON,CON,CON,617,2831,280,962,613,0,0
Southbury,E05013691,WD25,Enfield,Enfield,3,All,CON,CON,CON,1070,1545,258,1076,519,0,57
Southgate,E05013692,WD25,Enfield,Enfield,3,All,CON,CON,CON,775,2209,235,1447,461,0,0
Town,E05013693,WD25,Enfield,Enfield,3,All,CON,CON,CON,769,2040,504,1247,611,0,0
Upper Edmonton,E05013694,WD25,Enfield,Enfield,3,All,LAB,LAB,LAB,1086,391,241,833,311,61,667
Whitewebbs,E05013695,WD25,Enfield,Enfield,3,All,CON,CON,CON,805,2565,279,1165,649,0,0
Winchmore Hill,E05013696,WD25,Enfield,Enfield,2,All,CON,CON,,668,1794,322,808,392,0,0
Buckhurst Hill East & Whitebridge,E05015724,WD25,Epping Forest,Epping Forest,1,All,RFM,,,0,547,244,932,1060,0,0
Buckhurst Hill West,E05015725,WD25,Epping Forest,Epping Forest,1,All,CON,,,139,891,149,572,775,53,0
Chigwell with Lambourne,E05015726,WD25,Epping Forest,Epping Forest,1,All,CON,,,279,1366,0,0,1030,0,0
Epping East,E05015727,WD25,Epping Forest,Epping Forest,1,All,RFM,,,88,557,964,0,1007,364,0
Epping West & Rural,E05015728,WD25,Epping Forest,Epping Forest,1,All,CON,,,0,986,929,0,954,0,0
Grange Hill,E05015729,WD25,Epping Forest,Epping Forest,1,All,CON,,,247,727,140,0,580,537,0
Loughton Fairmead,E05015730,WD25,Epping Forest,Epping Forest,1,All,RFM,,,148,129,0,246,837,0,721
Loughton Forest,E05015731,WD25,Epping Forest,Epping Forest,1,All,LOC,,,109,424,64,208,685,0,1178
Loughton Roding,E05015732,WD25,Epping Forest,Epping Forest,1,All,LOC,,,127,198,63,269,786,0,806
Loughton St John's,E05015733,WD25,Epping Forest,Epping Forest,1,All,LOC,,,108,336,62,215,904,0,986
North Weald Bassett,E05015734,WD25,Epping Forest,Epping Forest,1,All,RFM,,,188,731,316,0,1209,0,0
Ongar,E05015735,WD25,Epping Forest,Epping Forest,1,All,RFM,,,171,642,164,0,1652,250,0
Roydon & Lower Nazeing,E05015736,WD25,Epping Forest,Epping Forest,1,All,RFM,,,364,880,0,0,1118,0,0
Rural East,E05015737,WD25,Epping Forest,Epping Forest,1,All,RFM,,,388,1035,0,0,1559,0,78
Theydon Bois with Passingford,E05015738,WD25,Epping Forest,Epping Forest,1,All,RFM,,,76,856,548,0,1249,58,0
Waltham Abbey North,E05015739,WD25,Epping Forest,Epping Forest,1,All,RFM,,,329,454,0,0,1060,162,0
Waltham Abbey South & Rural,E05015740,WD25,Epping Forest,Epping Forest,1,All,RFM,,,201,607,218,0,1038,0,0
Waltham Abbey West,E05015741,WD25,Epping Forest,Epping Forest,1,All,RFM,,,316,614,228,0,1019,0,0
Alphington,E05011011,WD25,Exeter,Exeter,1,All,LAB,,,976,442,185,624,856,0,0
Duryard and St James,E05011012,WD25,Exeter,Exeter,1,All,LDM,,,261,117,983,751,327,0,0
Exwick,E05011013,WD25,Exeter,Exeter,1,All,LAB,,,1054,205,149,709,931,0,0
Heavitree,E05011014,WD25,Exeter,Exeter,2,All,GRN,GRN,,523,273,243,1889,697,94,0
Mincinglake and Whipton,E05011015,WD25,Exeter,Exeter,1,All,RFM,,,658,190,178,812,952,0,0
Newtown and St Leonard's,E05011016,WD25,Exeter,Exeter,1,All,GRN,,,839,220,146,1430,389,0,0
Pennsylvania,E05011017,WD25,Exeter,Exeter,1,All,GRN,,,584,303,628,1325,585,0,10
Pinhoe,E05011018,WD25,Exeter,Exeter,1,All,LAB,,,1160,538,245,518,966,0,0
Priory,E05011019,WD25,Exeter,Exeter,1,All,RFM,,,815,363,199,660,827,0,0
St David's,E05011020,WD25,Exeter,Exeter,1,All,GRN,,,446,168,159,1618,444,0,0
St Loyes,E05011021,WD25,Exeter,Exeter,1,All,LDM,,,342,808,817,410,812,0,0
St Thomas,E05011022,WD25,Exeter,Exeter,1,All,GRN,,,571,154,865,1354,711,0,0
Topsham,E05011023,WD25,Exeter,Exeter,1,All,LAB,,,1189,956,247,699,860,0,0
Avenue,E05015664,WD25,Fareham,Fareham,1,All,CON,,,146,1226,388,327,957,0,0
Fareham Park,E05015665,WD25,Fareham,Fareham,1,All,RFM,,,340,660,0,451,850,0,0
Fareham Town,E05015666,WD25,Fareham,Fareham,1,All,LDM,,,138,512,762,237,636,0,0
Fort Fareham,E05015667,WD25,Fareham,Fareham,1,All,CON,,,704,734,0,362,730,0,0
Hill Head,E05015668,WD25,Fareham,Fareham,1,All,CON,,,337,1516,392,179,655,0,0
Hook-with-Warsash,E05015669,WD25,Fareham,Fareham,1,All,CON,,,65,1355,392,200,599,0,0
Locks Heath,E05015670,WD25,Fareham,Fareham,1,All,CON,,,0,1286,598,319,716,0,0
Park Gate,E05015671,WD25,Fareham,Fareham,1,All,CON,,,0,1338,707,249,536,0,0
Portchester Castle,E05015672,WD25,Fareham,Fareham,1,All,LDM,,,112,688,1101,209,864,0,0
Portchester Wicor,E05015673,WD25,Fareham,Fareham,1,All,LDM,,,0,765,858,178,788,0,0
Sarisbury & Whiteley,E05015674,WD25,Fareham,Fareham,1,All,CON,,,0,1613,536,335,560,0,0
Stubbington,E05015675,WD25,Fareham,Fareham,1,All,CON,,,238,1374,401,209,649,0,0
Titchfield,E05015676,WD25,Fareham,Fareham,1,All,CON,,,120,1034,437,295,716,0,0
Titchfield Common,E05015677,WD25,Fareham,Fareham,1,All,CON,,,121,1277,476,285,696,0,0
Uplands & Funtley,E05015678,WD25,Fareham,Fareham,1,All,CON,,,0,765,605,168,494,0,0
Wallington & Downend,E05015679,WD25,Fareham,Fareham,1,All,LDM,,,89,819,1050,213,739,0,0
Birtley North & Lamesley,E05016545,WD26,Gateshead,Gateshead,3,All,RFM,RFM,RFM,895,209,402,370,1354,0,0
Birtley South,E05016546,WD26,Gateshead,Gateshead,3,All,RFM,RFM,RFM,504,139,897,404,1031,173,0
Blaydon,E05001068,WD25,Gateshead,Gateshead,3,All,RFM,RFM,RFM,903,0,265,381,1185,0,0
Bridges,E05001069,WD25,Gateshead,Gateshead,3,All,GRN,GRN,GRN,441,0,403,842,629,0,0
Chopwell & Rowlands Gill,E05016549,WD26,Gateshead,Gateshead,3,All,LAB,LAB,LAB,1504,286,242,417,1125,0,0
Chowdene,E05001071,WD25,Gateshead,Gateshead,3,All,RFM,RFM,RFM,754,177,672,368,1085,0,62
Crawcrook & Greenside,E05016551,WD26,Gateshead,Gateshead,3,All,LAB,LAB,LAB,1405,295,248,680,1112,0,0
Deckham,E05001073,WD25,Gateshead,Gateshead,3,All,RFM,RFM,RFM,832,191,260,506,1042,0,63
Dunston Hill & Whickham East,E05016553,WD26,Gateshead,Gateshead,3,All,RFM,RFM,LDM,443,118,1146,436,1232,0,34
"Dunston, Teams & Riverside",E05016554,WD26,Gateshead,Gateshead,3,All,RFM,RFM,RFM,781,105,165,514,890,0,0
Felling,E05001076,WD25,Gateshead,Gateshead,3,All,RFM,RFM,RFM,619,87,216,491,895,0,0
High Fell,E05001077,WD25,Gateshead,Gateshead,3,All,RFM,RFM,RFM,718,0,231,346,1133,0,89
Lobley Hill & Bensham,E05016557,WD26,Gateshead,Gateshead,3,All,RFM,RFM,RFM,924,0,419,440,1224,0,0
Low Fell,E05001080,WD25,Gateshead,Gateshead,3,All,LDM,LDM,LDM,590,134,1968,640,880,0,41
"Pelaw, Heworth & Bill Quay",E05016559,WD26,Gateshead,Gateshead,3,All,LDM,LDM,LDM,445,67,1101,410,951,0,0
"Ryton, Crookhill & Stella",E05016560,WD26,Gateshead,Gateshead,3,All,LAB,LAB,LAB,1417,0,865,420,1153,0,48
Saltwell,E05001083,WD25,Gateshead,Gateshead,3,All,LAB,LAB,LAB,1149,168,601,993,570,0,0
Wardley & Leam Lane,E05016562,WD26,Gateshead,Gateshead,3,All,RFM,RFM,RFM,1004,0,299,328,1258,150,0
Whickham North & Swalwell,E05016563,WD26,Gateshead,Gateshead,3,All,LDM,LDM,LDM,361,148,1326,262,1062,0,0
Whickham South & Sunniside,E05016564,WD26,Gateshead,Gateshead,3,All,LDM,LDM,LDM,360,171,1711,243,986,0,0
Windy Nook & Whitehills,E05016565,WD26,Gateshead,Gateshead,3,All,RFM,RFM,RFM,644,0,253,319,1240,0,0
Winlaton & High Spen,E05016566,WD26,Gateshead,Gateshead,3,All,RFM,RFM,RFM,1113,0,292,390,1457,0,0
Alverstoke,E05014138,WD25,Gosport,Gosport,1,All,CON,,,0,1131,595,238,664,0,0
Anglesey,E05014139,WD25,Gosport,Gosport,1,All,CON,,,0,1011,265,255,487,0,0
Bridgemary,E05014140,WD25,Gosport,Gosport,1,All,RFM,,,0,182,671,131,825,0,0
Brockhurst & Privett,E05014141,WD25,Gosport,Gosport,1,All,RFM,,,48,354,581,156,616,0,0
Elson,E05014142,WD25,Gosport,Gosport,1,All,RFM,,,48,292,694,174,784,0,0
Forton,E05014143,WD25,Gosport,Gosport,1,All,RFM,,,93,211,482,180,538,0,0
Grange & Alver Valley,E05014144,WD25,Gosport,Gosport,1,All,RFM,,,298,225,99,127,577,0,0
Harbourside & Town,E05014145,WD25,Gosport,Gosport,1,All,RFM,,,254,420,137,182,481,0,0
Hardway,E05014146,WD25,Gosport,Gosport,1,All,RFM,,,88,412,529,201,770,0,0
Lee East,E05014147,WD25,Gosport,Gosport,1,All,CON,,,0,1023,0,345,536,0,0
Lee West,E05014148,WD25,Gosport,Gosport,1,All,CON,,,221,1275,0,267,620,0,0
Leesland & Newtown,E05014149,WD25,Gosport,Gosport,1,All,RFM,,,110,456,682,237,737,0,0
Peel Common,E05014150,WD25,Gosport,Gosport,1,All,CON,,,63,738,310,123,682,0,0
Rowner & Holbrook,E05014151,WD25,Gosport,Gosport,1,All,RFM,,,56,226,417,150,805,0,0
Abbey Wood,E05014072,WD25,Greenwich,Greenwich,3,All,LAB,LAB,LAB,1538,407,202,1273,968,783,0
Blackheath Westcombe,E05014073,WD25,Greenwich,Greenwich,3,All,LAB,LAB,LAB,1848,1510,652,1557,627,0,121
Charlton Hornfair,E05014074,WD25,Greenwich,Greenwich,2,All,GRN,LAB,,1207,340,258,1289,587,0,0
Charlton Village & Riverside,E05014075,WD25,Greenwich,Greenwich,2,All,LAB,LAB,,1174,214,180,978,434,0,0
East Greenwich,E05014076,WD25,Greenwich,Greenwich,3,All,GRN,GRN,GRN,1437,434,298,1927,523,0,0
Eltham Page,E05014077,WD25,Greenwich,Greenwich,2,All,RFM,LAB,,912,380,124,465,940,0,0
Eltham Park & Progress,E05014078,WD25,Greenwich,Greenwich,2,All,LAB,LAB,,1317,974,249,862,1106,42,0
Eltham Town & Avery Hill,E05014079,WD25,Greenwich,Greenwich,3,All,CON,CON,CON,1257,2006,266,763,1393,157,0
Greenwich Creekside,E05014080,WD25,Greenwich,Greenwich,2,All,LAB,LAB,,1289,278,533,1147,233,0,0
Greenwich Park,E05014081,WD25,Greenwich,Greenwich,2,All,GRN,GRN,,1238,344,305,1514,358,0,0
Greenwich Peninsula,E05014082,WD25,Greenwich,Greenwich,3,All,GRN,GRN,LAB,924,397,309,982,326,0,0
Kidbrooke Park,E05014083,WD25,Greenwich,Greenwich,2,All,LAB,LAB,,1076,396,209,681,726,0,0
Kidbrooke Village & Sutcliffe,E05014084,WD25,Greenwich,Greenwich,2,All,LAB,LAB,,710,243,152,586,277,0,0
Middle Park & Horn Park,E05014085,WD25,Greenwich,Greenwich,2,All,LAB,LAB,,946,334,138,462,780,0,0
"Mottingham, Coldharbour & New Eltham",E05014086,WD25,Greenwich,Greenwich,3,All,CON,CON,CON,1091,1903,172,643,1228,0,0
Plumstead & Glyndon,E05014087,WD25,Greenwich,Greenwich,3,All,LAB,LAB,LAB,1759,428,265,1272,677,0,0
Plumstead Common,E05014088,WD25,Greenwich,Greenwich,3,All,GRN,GRN,GRN,1428,528,236,1684,979,57,0
Shooters Hill,E05014089,WD25,Greenwich,Greenwich,2,All,GRN,GRN,,968,275,108,1569,475,0,0
Thamesmead Moorings,E05014090,WD25,Greenwich,Greenwich,2,All,LAB,LAB,,1202,204,89,477,537,0,0
West Thamesmead,E05014091,WD25,Greenwich,Greenwich,2,All,LAB,LAB,,718,223,328,572,341,0,0
Woolwich Arsenal,E05014092,WD25,Greenwich,Greenwich,3,All,LAB,LAB,LAB,1249,417,295,1023,411,0,0
Woolwich Common,E05014093,WD25,Greenwich,Greenwich,2,All,LAB,LAB,,1056,208,139,808,341,0,0
Woolwich Dockyard,E05014094,WD25,Greenwich,Greenwich,2,All,LAB,LAB,,1082,289,163,779,387,0,344
Brownswood,E05009367,WD25,Hackney,Hackney,2,All,GRN,GRN,,1152,160,170,1554,144,0,0
Cazenove,E05009368,WD25,Hackney,Hackney,3,All,GRN,CON,GRN,1120,1409,148,1462,138,389,0
Clissold,E05009369,WD25,Hackney,Hackney,3,All,GRN,GRN,LAB,1747,245,333,2479,181,0,1008
Dalston,E05009370,WD25,Hackney,Hackney,2,All,GRN,GRN,,897,102,140,1862,87,0,0
De Beauvoir,E05009371,WD25,Hackney,Hackney,2,All,GRN,GRN,,1055,201,195,1198,201,0,0
Hackney Central,E05009372,WD25,Hackney,Hackney,3,All,GRN,GRN,GRN,1295,202,317,2061,203,242,73
Hackney Downs,E05009373,WD25,Hackney,Hackney,3,All,GRN,GRN,GRN,1220,200,168,2668,176,0,0
Hackney Wick,E05009374,WD25,Hackney,Hackney,3,All,GRN,GRN,GRN,1406,176,190,1750,228,0,0
Haggerston,E05009375,WD25,Hackney,Hackney,3,All,GRN,GRN,GRN,1467,262,287,1775,300,0,0
Homerton,E05009376,WD25,Hackney,Hackney,3,All,GRN,LAB,LAB,1592,209,301,2141,143,0,893
Hoxton East & Shoreditch,E05009377,WD25,Hackney,Hackney,3,All,GRN,LAB,GRN,1286,164,201,1176,225,0,57
Hoxton West,E05009378,WD25,Hackney,Hackney,3,All,GRN,LAB,GRN,1200,324,251,1207,355,0,0
King's Park,E05009379,WD25,Hackney,Hackney,3,All,GRN,GRN,GRN,1525,203,151,2166,217,0,0
Lea Bridge,E05009380,WD25,Hackney,Hackney,3,All,GRN,GRN,GRN,1414,192,152,2684,173,0,83
London Fields,E05009381,WD25,Hackney,Hackney,3,All,GRN,LAB,GRN,1849,215,256,1872,229,422,868
Shacklewell,E05009382,WD25,Hackney,Hackney,2,All,GRN,GRN,,986,123,137,1479,105,0,0
Springfield,E05009383,WD25,Hackney,Hackney,3,All,CON,CON,CON,569,1971,129,926,249,0,0
Stamford Hill West,E05009384,WD25,Hackney,Hackney,2,All,CON,CON,,529,1550,62,626,355,24,0
Stoke Newington,E05009385,WD25,Hackney,Hackney,3,All,GRN,GRN,GRN,1859,238,239,2644,181,0,0
Victoria,E05009386,WD25,Hackney,Hackney,3,All,GRN,LAB,LAB,1696,279,290,2090,287,0,1010
Woodberry Down,E05009387,WD25,Hackney,Hackney,2,All,LAB,GRN,,1170,183,154,1128,251,28,0
Appleton,E05013169,WD25,Halton,Halton,1,All,RFM,,,606,95,0,244,690,0,0
Bankfield,E05013170,WD25,Halton,Halton,1,All,RFM,,,623,104,0,201,682,0,0
Beechwood & Heath,E05013171,WD25,Halton,Halton,1,All,LDM,,,0,0,1201,356,1063,0,69
Birchfield,E05013172,WD25,Halton,Halton,1,All,RFM,,,835,339,0,340,837,0,0
Bridgewater,E05013173,WD25,Halton,Halton,1,All,RFM,,,561,64,90,348,876,0,0
Central & West Bank,E05013174,WD25,Halton,Halton,1,All,RFM,,,369,45,0,209,662,0,0
"Daresbury, Moore & Sandymoor",E05013175,WD25,Halton,Halton,2,All,RFM,RFM,,664,317,249,353,728,0,0
"Ditton, Hale Village & Halebank",E05013176,WD25,Halton,Halton,1,All,RFM,,,510,89,0,220,923,0,0
Farnworth,E05013177,WD25,Halton,Halton,1,All,LAB,,,837,308,0,315,836,0,0
Grange,E05013178,WD25,Halton,Halton,1,All,RFM,,,498,0,0,277,695,168,0
Halton Castle,E05013179,WD25,Halton,Halton,1,All,RFM,,,510,0,0,248,594,138,0
Halton Lea,E05013180,WD25,Halton,Halton,1,All,RFM,,,492,59,0,286,695,0,0
Halton View,E05013181,WD25,Halton,Halton,1,All,RFM,,,619,118,0,243,898,0,0
Highfield,E05013182,WD25,Halton,Halton,1,All,LAB,,,816,112,0,226,809,0,0
Hough Green,E05013183,WD25,Halton,Halton,1,All,RFM,,,688,103,0,217,760,0,0
Mersey & Weston,E05013184,WD25,Halton,Halton,1,All,RFM,,,567,74,154,327,784,179,0
Norton North,E05013185,WD25,Halton,Halton,1,All,RFM,,,595,145,254,280,846,0,0
Norton South & Preston Brook,E05013186,WD25,Halton,Halton,1,All,RFM,,,485,119,0,264,618,0,0
Addison,E05013733,WD25,Hammersmith and Fulham,Hammersmith and Fulham,2,All,LAB,LAB,,958,335,207,360,200,0,0
Avonmore,E05013734,WD25,Hammersmith and Fulham,Hammersmith and Fulham,2,All,LAB,LAB,,918,521,131,381,208,189,0
Brook Green,E05013735,WD25,Hammersmith and Fulham,Hammersmith and Fulham,2,All,LAB,LAB,,1135,751,198,374,172,94,0
College Park & Old Oak,E05013736,WD25,Hammersmith and Fulham,Hammersmith and Fulham,3,All,LAB,LAB,LAB,1110,220,253,645,364,0,0
Coningham,E05013737,WD25,Hammersmith and Fulham,Hammersmith and Fulham,3,All,LAB,LAB,LAB,1399,353,182,860,302,0,0
Fulham Reach,E05013738,WD25,Hammersmith and Fulham,Hammersmith and Fulham,3,All,LAB,LAB,LAB,1550,781,224,586,439,0,0
Fulham Town,E05013739,WD25,Hammersmith and Fulham,Hammersmith and Fulham,2,All,CON,CON,,398,990,359,262,245,0,0
Grove,E05013740,WD25,Hammersmith and Fulham,Hammersmith and Fulham,2,All,LAB,LAB,,1166,411,214,422,200,0,0
Hammersmith Broadway,E05013741,WD25,Hammersmith and Fulham,Hammersmith and Fulham,2,All,LAB,LAB,,878,248,208,507,293,0,0
Lillie,E05013742,WD25,Hammersmith and Fulham,Hammersmith and Fulham,2,All,LAB,LAB,,701,549,167,327,194,0,0
Munster,E05013743,WD25,Hammersmith and Fulham,Hammersmith and Fulham,3,All,CON,CON,CON,843,1378,406,550,451,0,0
Palace & Hurlingham,E05013744,WD25,Hammersmith and Fulham,Hammersmith and Fulham,3,All,CON,CON,CON,830,2037,556,593,435,0,0
Parsons Green & Sandford,E05013745,WD25,Hammersmith and Fulham,Hammersmith and Fulham,2,All,CON,CON,,404,1158,218,239,319,0,0
Ravenscourt,E05013746,WD25,Hammersmith and Fulham,Hammersmith and Fulham,2,All,LAB,LAB,,1180,476,245,447,170,0,0
Sands End,E05013747,WD25,Hammersmith and Fulham,Hammersmith and Fulham,3,All,CON,CON,LAB,946,967,260,472,410,0,0
Shepherd's Bush Green,E05013748,WD25,Hammersmith and Fulham,Hammersmith and Fulham,2,All,LAB,LAB,,626,104,214,409,119,0,0
Walham Green,E05013749,WD25,Hammersmith and Fulham,Hammersmith and Fulham,2,All,LAB,LAB,,731,642,131,314,261,0,0
Wendell Park,E05013750,WD25,Hammersmith and Fulham,Hammersmith and Fulham,2,All,LAB,LAB,,1372,410,236,551,197,0,0
West Kensington,E05013751,WD25,Hammersmith and Fulham,Hammersmith and Fulham,3,All,LAB,LAB,LAB,1023,400,264,602,308,0,0
White City,E05013752,WD25,Hammersmith and Fulham,Hammersmith and Fulham,3,All,LAB,LAB,LAB,1397,184,101,809,214,0,0
Wormholt,E05013753,WD25,Hammersmith and Fulham,Hammersmith and Fulham,2,All,LAB,LAB,,965,238,160,509,264,0,0
Alexandra Park,E05013585,WD25,Haringey,Haringey,2,All,LAB,LAB,,1144,142,1043,877,150,704,0
Bounds Green,E05013586,WD25,Haringey,Haringey,2,All,LAB,LAB,,1212,219,965,865,218,0,0
Bruce Castle,E05013587,WD25,Haringey,Haringey,3,All,LAB,GRN,LAB,1298,275,184,1209,230,0,599
Crouch End,E05013588,WD25,Haringey,Haringey,3,All,LDM,LDM,LDM,1715,224,2338,1552,248,0,79
Fortis Green,E05013589,WD25,Haringey,Haringey,3,All,LDM,LAB,LAB,1712,356,1871,1166,316,0,0
Harringay,E05013590,WD25,Haringey,Haringey,3,All,GRN,GRN,GRN,1621,215,531,2458,199,0,68
Hermitage & Gardens,E05013591,WD25,Haringey,Haringey,2,All,GRN,GRN,,853,127,144,1773,106,0,32
Highgate,E05013592,WD25,Haringey,Haringey,3,All,LDM,LDM,GRN,1077,561,1829,1448,386,0,0
Hornsey,E05013593,WD25,Haringey,Haringey,3,All,LAB,LAB,LAB,2282,285,843,2095,290,0,0
Muswell Hill,E05013594,WD25,Haringey,Haringey,2,All,LDM,LDM,,1192,209,1474,853,191,0,0
Noel Park,E05013595,WD25,Haringey,Haringey,3,All,GRN,GRN,GRN,1367,275,344,1582,287,0,0
Northumberland Park,E05013596,WD25,Haringey,Haringey,3,All,LAB,LAB,GRN,1238,270,182,1135,231,0,823
Seven Sisters,E05013598,WD25,Haringey,Haringey,2,All,GRN,GRN,,917,128,86,1208,135,0,0
South Tottenham,E05013599,WD25,Haringey,Haringey,3,All,LAB,LAB,LAB,1569,270,199,1185,235,0,0
St Ann's,E05013597,WD25,Haringey,Haringey,2,All,GRN,GRN,,819,148,110,1640,165,0,0
Stroud Green,E05013600,WD25,Haringey,Haringey,3,All,GRN,GRN,GRN,1265,155,1342,2131,150,0,89
Tottenham Central,E05013601,WD25,Haringey,Haringey,3,All,GRN,GRN,GRN,1388,269,252,2101,225,0,0
Tottenham Hale,E05013602,WD25,Haringey,Haringey,3,All,GRN,GRN,GRN,1116,200,172,1619,188,0,0
West Green,E05013603,WD25,Haringey,Haringey,3,All,GRN,LAB,LAB,1727,281,418,2009,211,0,880
White Hart Lane,E05013604,WD25,Haringey,Haringey,3,All,GRN,GRN,LAB,1173,306,246,1318,362,0,0
Woodside,E05013605,WD25,Haringey,Haringey,3,All,LAB,GRN,LAB,1434,316,388,1394,266,0,0
Bush Fair,E05015680,WD25,Harlow,Harlow,1,All,CON,,,368,1327,0,250,596,0,0
Church Langley North & Newhall,E05015681,WD25,Harlow,Harlow,1,All,CON,,,198,1636,0,179,487,0,0
Church Langley South & Potter Street,E05015682,WD25,Harlow,Harlow,1,All,CON,,,264,1682,0,235,650,32,0
Great Parndon,E05015683,WD25,Harlow,Harlow,1,All,CON,,,242,1614,0,177,444,0,0
Latton Bush & Stewards,E05015684,WD25,Harlow,Harlow,1,All,CON,,,362,1604,0,219,497,0,0
Little Parndon & Town Centre,E05015685,WD25,Harlow,Harlow,1,All,CON,,,447,866,0,234,343,0,0
Mark Hall,E05015686,WD25,Harlow,Harlow,1,All,CON,,,357,1167,0,330,456,0,0
Netteswell,E05015687,WD25,Harlow,Harlow,1,All,CON,,,372,1029,41,223,414,0,0
Old Harlow,E05015688,WD25,Harlow,Harlow,1,All,CON,,,247,1755,0,240,608,0,16
Passmores,E05015689,WD25,Harlow,Harlow,1,All,CON,,,424,962,0,242,442,0,0
Sumners & Kingsmoor,E05015690,WD25,Harlow,Harlow,1,All,CON,,,267,1571,0,210,471,0,13
Belmont,E05013542,WD25,Harrow,Harrow,2,All,CON,CON,,383,1845,198,385,294,0,0
Canons,E05013543,WD25,Harrow,Harrow,2,All,CON,CON,,386,1991,222,408,339,0,0
Centenary,E05013544,WD25,Harrow,Harrow,3,All,CON,CON,CON,825,2337,302,685,490,0,0
Edgware,E05013545,WD25,Harrow,Harrow,3,All,CON,CON,CON,1141,2348,342,634,375,0,0
Greenhill,E05013546,WD25,Harrow,Harrow,3,All,CON,CON,CON,858,975,243,526,407,0,0
Harrow Weald,E05013548,WD25,Harrow,Harrow,3,All,CON,CON,CON,826,2018,389,770,580,0,0
Harrow on the Hill,E05013547,WD25,Harrow,Harrow,2,All,CON,CON,,923,1014,249,478,350,0,0
Hatch End,E05013549,WD25,Harrow,Harrow,2,All,CON,CON,,612,2013,311,525,230,0,0
Headstone,E05013550,WD25,Harrow,Harrow,3,All,CON,CON,CON,1343,1684,317,948,568,0,1078
Kenton East,E05013551,WD25,Harrow,Harrow,3,All,CON,CON,CON,720,2818,289,630,513,0,0
Kenton West,E05013552,WD25,Harrow,Harrow,2,All,CON,CON,,482,2017,208,431,274,0,0
Marlborough,E05013553,WD25,Harrow,Harrow,3,All,LAB,LOC,LAB,900,760,294,654,313,0,878
North Harrow,E05013554,WD25,Harrow,Harrow,2,All,CON,CON,,966,1319,310,612,336,0,0
Pinner,E05013555,WD25,Harrow,Harrow,3,All,CON,CON,CON,760,2279,564,760,548,0,0
Pinner South,E05013556,WD25,Harrow,Harrow,3,All,CON,CON,CON,945,2747,826,919,641,0,0
Rayners Lane,E05013557,WD25,Harrow,Harrow,2,All,CON,LAB,,945,1041,652,373,341,0,0
Roxbourne,E05013558,WD25,Harrow,Harrow,2,All,LAB,LAB,,1092,706,243,629,398,0,0
Roxeth,E05013559,WD25,Harrow,Harrow,3,All,LAB,LAB,CON,1450,1422,367,861,514,0,458
Stanmore,E05013560,WD25,Harrow,Harrow,3,All,CON,CON,CON,448,2662,323,585,571,0,0
Wealdstone North,E05013561,WD25,Harrow,Harrow,2,All,LAB,CON,,820,699,151,473,350,0,340
Wealdstone South,E05013562,WD25,Harrow,Harrow,2,All,LAB,LAB,,570,444,144,286,453,0,449
West Harrow,E05013563,WD25,Harrow,Harrow,2,All,LAB,LAB,,1194,719,152,695,367,0,0
Blackwater and Hawley,E05009352,WD25,Hart,Hart,1,All,LDM,,,116,328,1101,189,823,0,0
Crookham East,E05009353,WD25,Hart,Hart,1,All,LOC,,,0,411,261,217,519,0,1420
Crookham West and Ewshot,E05009354,WD25,Hart,Hart,1,All,LOC,,,0,765,352,271,838,0,1308
Fleet Central,E05009355,WD25,Hart,Hart,1,All,LOC,,,143,759,0,334,557,0,1318
Fleet East,E05009356,WD25,Hart,Hart,1,All,LDM,,,84,742,1392,328,639,0,0
Fleet West,E05009357,WD25,Hart,Hart,1,All,LOC,,,0,859,693,212,573,0,958
Hartley Wintney,E05009358,WD25,Hart,Hart,1,All,CON,,,85,1510,830,235,759,0,0
Hook,E05009359,WD25,Hart,Hart,1,All,LDM,,,68,956,1277,413,851,0,0
Odiham,E05009360,WD25,Hart,Hart,1,All,CON,,,0,1529,682,297,634,0,0
Yateley East,E05009361,WD25,Hart,Hart,1,All,LDM,,,0,371,1401,238,949,0,0
Yateley West,E05009362,WD25,Hart,Hart,1,All,LDM,,,0,615,1499,0,829,0,0
Burn Valley,E05013038,WD25,Hartlepool,Hartlepool,1,All,RFM,,,740,165,57,252,847,0,0
De Bruce,E05013039,WD25,Hartlepool,Hartlepool,1,All,RFM,,,459,114,0,146,1080,0,0
Fens & Greatham,E05013040,WD25,Hartlepool,Hartlepool,1,All,RFM,,,857,373,0,173,1226,0,0
Foggy Furze,E05013041,WD25,Hartlepool,Hartlepool,1,All,RFM,,,470,154,324,163,1001,0,0
Hart,E05013042,WD25,Hartlepool,Hartlepool,1,All,RFM,,,535,186,46,189,1128,205,0
Headland & Harbour,E05013043,WD25,Hartlepool,Hartlepool,1,All,RFM,,,549,175,73,223,1150,0,0
Manor House,E05013044,WD25,Hartlepool,Hartlepool,1,All,RFM,,,354,0,0,174,1041,0,0
Rossmere,E05013045,WD25,Hartlepool,Hartlepool,1,All,RFM,,,307,110,0,144,1017,0,0
Rural West,E05013046,WD25,Hartlepool,Hartlepool,1,All,RFM,,,578,840,0,304,1309,0,0
Seaton,E05013047,WD25,Hartlepool,Hartlepool,1,All,RFM,,,486,148,65,167,1062,410,0
Throston,E05013048,WD25,Hartlepool,Hartlepool,1,All,RFM,,,550,125,77,132,1012,0,0
Victoria,E05013049,WD25,Hartlepool,Hartlepool,1,All,RFM,,,553,123,0,319,766,0,0
Ashdown,E05011201,WD25,Hastings,Hastings,1,All,RFM,,,363,202,95,407,628,0,0
Baird,E05011202,WD25,Hastings,Hastings,1,All,GRN,,,128,151,0,492,438,335,0
Braybrooke,E05011203,WD25,Hastings,Hastings,1,All,GRN,,,364,138,0,1232,353,0,0
Castle,E05011204,WD25,Hastings,Hastings,1,All,GRN,,,333,125,0,1404,336,0,0
Central St Leonards,E05011205,WD25,Hastings,Hastings,1,All,GRN,,,344,107,0,1303,378,0,0
Conquest,E05011206,WD25,Hastings,Hastings,1,All,RFM,,,235,398,87,444,607,0,0
Gensing,E05011207,WD25,Hastings,Hastings,1,All,GRN,,,274,95,0,1436,365,0,0
Hollington,E05011208,WD25,Hastings,Hastings,1,All,RFM,,,261,135,0,196,484,197,0
Maze Hill,E05011209,WD25,Hastings,Hastings,1,All,GRN,,,223,268,44,969,499,0,0
Old Hastings,E05011210,WD25,Hastings,Hastings,1,All,GRN,,,640,124,0,1064,387,0,0
Ore,E05011211,WD25,Hastings,Hastings,1,All,GRN,,,167,113,0,874,471,70,0
Silverhill,E05011213,WD25,Hastings,Hastings,1,All,GRN,,,327,213,0,610,492,265,0
St Helens,E05011212,WD25,Hastings,Hastings,2,All,RFM,IND,,320,249,164,490,572,544,0
Tressell,E05011214,WD25,Hastings,Hastings,1,All,GRN,,,129,51,0,921,409,0,0
West St Leonards,E05011215,WD25,Hastings,Hastings,1,All,RFM,,,370,220,50,346,506,0,0
Wishing Tree,E05011216,WD25,Hastings,Hastings,1,All,RFM,,,365,137,18,263,516,153,0
Bedhampton,E05015581,WD25,Havant,Havant,1,All,RFM,,,0,893,1178,0,1490,0,0
Cowplain,E05015582,WD25,Havant,Havant,1,All,RFM,,,0,880,994,0,1569,0,0
Emsworth,E05015583,WD25,Havant,Havant,1,All,GRN,,,0,1261,0,2185,992,0,0
Hart Plain,E05015584,WD25,Havant,Havant,1,All,RFM,,,629,853,0,0,1628,0,0
Havant St Faith's,E05015585,WD25,Havant,Havant,1,All,LAB,,,1570,1315,0,0,1349,0,0
Hayling East,E05015586,WD25,Havant,Havant,1,All,RFM,,,0,820,0,1161,1486,0,0
Hayling West,E05015587,WD25,Havant,Havant,1,All,GRN,,,0,1038,0,1264,1152,0,0
Leigh Park Central & West Leigh,E05015588,WD25,Havant,Havant,1,All,RFM,,,591,440,0,0,1418,0,0
Leigh Park Hermitage,E05015589,WD25,Havant,Havant,1,All,RFM,,,0,366,0,570,1283,0,0
Purbrook,E05015590,WD25,Havant,Havant,1,All,RFM,,,0,652,1157,0,1393,0,0
Stakes,E05015591,WD25,Havant,Havant,1,All,RFM,,,656,843,0,0,1267,0,0
Waterloo,E05015592,WD25,Havant,Havant,1,All,RFM,,,0,912,915,0,1486,0,0
Beam Park,E05013967,WD25,Havering,Havering,2,All,LAB,LAB,,488,178,40,230,449,0,330
Cranham,E05013968,WD25,Havering,Havering,3,All,LOC,LOC,LOC,270,476,115,411,1914,0,2844
Elm Park,E05013969,WD25,Havering,Havering,3,All,LOC,LOC,LOC,503,405,110,704,2067,0,2367
Emerson Park,E05013970,WD25,Havering,Havering,2,All,RFM,RFM,,272,866,47,226,1306,0,1098
Gooshays,E05013971,WD25,Havering,Havering,3,All,RFM,RFM,RFM,622,446,86,477,1738,100,895
Hacton,E05013972,WD25,Havering,Havering,2,All,LOC,RFM,,210,310,60,238,1533,0,1574
Harold Wood,E05013973,WD25,Havering,Havering,3,All,LOC,LOC,LOC,353,342,118,415,1481,134,2425
Havering-atte-Bower,E05013974,WD25,Havering,Havering,3,All,RFM,RFM,RFM,551,704,143,564,2419,0,686
Heaton,E05013975,WD25,Havering,Havering,3,All,RFM,RFM,RFM,752,444,124,583,1829,0,587
Hylands & Harrow Lodge,E05013976,WD25,Havering,Havering,3,All,RFM,RFM,RFM,456,530,90,497,2271,0,1824
Marshalls & Rise Park,E05013977,WD25,Havering,Havering,3,All,RFM,RFM,RFM,420,1086,131,442,2241,0,1103
Mawneys,E05013978,WD25,Havering,Havering,3,All,RFM,RFM,RFM,450,1581,134,497,1863,0,360
Rainham & Wennington,E05013979,WD25,Havering,Havering,3,All,LOC,RFM,RFM,596,290,95,323,1741,0,1780
Rush Green & Crowlands,E05013980,WD25,Havering,Havering,3,All,RFM,RFM,RFM,810,1103,128,750,1347,0,269
South Hornchurch,E05013984,WD25,Havering,Havering,2,All,RFM,RFM,,433,230,66,316,1307,261,851
Squirrels Heath,E05013985,WD25,Havering,Havering,3,All,RFM,RFM,RFM,550,1432,226,851,2330,0,620
St Alban's,E05013981,WD25,Havering,Havering,2,All,RFM,RFM,,681,532,61,308,764,0,235
St Andrew's,E05013982,WD25,Havering,Havering,3,All,RFM,RFM,RFM,343,585,120,514,2274,0,1995
St Edward's,E05013983,WD25,Havering,Havering,3,All,RFM,RFM,RFM,547,732,120,552,1108,0,411
Upminster,E05013986,WD25,Havering,Havering,3,All,LOC,LOC,LOC,334,647,112,394,1950,0,2770
Belmore,E05013564,WD25,Hillingdon,Hillingdon,3,All,LAB,LAB,LAB,1573,900,215,767,590,531,373
Charville,E05013565,WD25,Hillingdon,Hillingdon,2,All,CON,CON,,912,1537,133,498,600,0,135
Colham & Cowley,E05013566,WD25,Hillingdon,Hillingdon,3,All,CON,CON,CON,1027,1758,209,721,1082,0,106
Eastcote,E05013567,WD25,Hillingdon,Hillingdon,3,All,CON,CON,CON,965,3680,616,1019,1064,0,113
Harefield Village,E05013568,WD25,Hillingdon,Hillingdon,1,All,CON,,,165,980,200,0,816,0,0
Hayes Town,E05013569,WD25,Hillingdon,Hillingdon,3,All,LAB,LAB,LAB,1022,608,277,696,577,412,465
Heathrow Villages,E05013570,WD25,Hillingdon,Hillingdon,2,All,LAB,RFM,,803,630,145,534,798,407,0
Hillingdon East,E05013571,WD25,Hillingdon,Hillingdon,3,All,CON,CON,CON,871,2065,389,789,894,0,202
Hillingdon West,E05013572,WD25,Hillingdon,Hillingdon,2,All,,,,0,0,0,0,0,0,0
Ickenham & South Harefield,E05013573,WD25,Hillingdon,Hillingdon,3,All,CON,CON,CON,735,2842,350,937,1335,0,0
Northwood,E05013574,WD25,Hillingdon,Hillingdon,2,All,CON,CON,,405,2051,388,515,423,0,0
Northwood Hills,E05013575,WD25,Hillingdon,Hillingdon,2,All,CON,CON,,412,2092,171,638,620,0,0
Pinkwell,E05013576,WD25,Hillingdon,Hillingdon,3,All,LAB,LAB,LAB,1514,865,315,726,702,0,469
Ruislip,E05013577,WD25,Hillingdon,Hillingdon,3,All,CON,CON,CON,786,3553,505,787,1161,0,0
Ruislip Manor,E05013578,WD25,Hillingdon,Hillingdon,2,All,CON,CON,,695,2097,313,591,905,0,0
South Ruislip,E05013579,WD25,Hillingdon,Hillingdon,3,All,CON,CON,CON,880,3021,333,783,1002,0,0
Uxbridge,E05013580,WD25,Hillingdon,Hillingdon,3,All,CON,CON,CON,1121,1715,393,646,808,0,86
West Drayton,E05013581,WD25,Hillingdon,Hillingdon,3,All,RFM,GRN,LAB,1166,960,243,1182,1353,0,0
Wood End,E05013582,WD25,Hillingdon,Hillingdon,3,All,LAB,LAB,LAB,1327,805,225,948,718,0,389
Yeading,E05013583,WD25,Hillingdon,Hillingdon,2,All,LAB,LAB,,834,588,159,263,577,0,504
Yiewsley,E05013584,WD25,Hillingdon,Hillingdon,2,All,RFM,RFM,,714,501,119,571,726,0,34
Bedfont,E05013606,WD25,Hounslow,Hounslow,3,All,RFM,RFM,LAB,1253,985,444,739,1393,0,0
Brentford East,E05013607,WD25,Hounslow,Hounslow,2,All,LAB,LAB,,812,233,272,514,398,0,0
Brentford West,E05013608,WD25,Hounslow,Hounslow,2,All,GRN,LAB,,836,265,315,1078,374,252,0
Chiswick Gunnersbury,E05013609,WD25,Hounslow,Hounslow,3,All,CON,CON,CON,1088,1709,559,999,337,0,0
Chiswick Homefields,E05013610,WD25,Hounslow,Hounslow,3,All,CON,CON,CON,1245,1911,930,1064,541,0,0
Chiswick Riverside,E05013611,WD25,Hounslow,Hounslow,3,All,LAB,CON,GRN,1387,1202,627,1184,327,0,0
Cranford,E05013612,WD25,Hounslow,Hounslow,3,All,CON,CON,LAB,1387,1541,422,818,667,0,0
Feltham North,E05013613,WD25,Hounslow,Hounslow,3,All,LAB,RFM,RFM,1171,901,331,646,1122,172,437
Feltham West,E05013614,WD25,Hounslow,Hounslow,3,All,LAB,RFM,LAB,1345,863,341,739,1339,168,466
Hanworth Park,E05013615,WD25,Hounslow,Hounslow,2,All,RFM,RFM,,881,672,349,541,988,0,0
Hanworth Village,E05013616,WD25,Hounslow,Hounslow,3,All,RFM,LAB,LAB,1229,1050,468,791,1266,0,0
Heston Central,E05013617,WD25,Hounslow,Hounslow,3,All,CON,CON,CON,1146,1470,353,821,571,0,0
Heston East,E05013618,WD25,Hounslow,Hounslow,3,All,GRN,LAB,LAB,977,719,350,1065,619,0,0
Heston West,E05013619,WD25,Hounslow,Hounslow,3,All,LAB,CON,LAB,1307,1269,275,712,457,0,653
Hounslow Central,E05013620,WD25,Hounslow,Hounslow,3,All,LAB,LAB,LAB,1192,1066,356,584,384,0,0
Hounslow East,E05013621,WD25,Hounslow,Hounslow,2,All,LAB,LAB,,864,673,274,583,555,0,0
Hounslow Heath,E05013622,WD25,Hounslow,Hounslow,3,All,LAB,LAB,CON,1830,1358,722,1147,883,412,0
Hounslow South,E05013623,WD25,Hounslow,Hounslow,3,All,LAB,LAB,LAB,1618,723,876,927,835,0,119
Hounslow West,E05013624,WD25,Hounslow,Hounslow,3,All,CON,CON,CON,1227,1851,462,799,761,405,0
Isleworth,E05013625,WD25,Hounslow,Hounslow,3,All,LAB,LAB,LDM,1658,414,1364,976,673,0,102
Osterley & Spring Grove,E05013626,WD25,Hounslow,Hounslow,3,All,LAB,LAB,LAB,1657,1095,548,988,571,0,0
Syon & Brentford Lock,E05013627,WD25,Hounslow,Hounslow,3,All,LAB,LAB,LOC,1284,398,364,903,532,0,1098
Alconbury,E05011256,WD25,Huntingdonshire,Huntingdonshire,1,All,CON,,,55,641,130,184,380,0,0
Brampton,E05011257,WD25,Huntingdonshire,Huntingdonshire,2,All,LDM,LDM,,176,646,1160,356,559,0,0
Buckden,E05011258,WD25,Huntingdonshire,Huntingdonshire,1,All,IND,,,36,245,161,75,296,514,0
Fenstanton,E05011259,WD25,Huntingdonshire,Huntingdonshire,1,All,LDM,,,0,464,542,121,291,0,0
Godmanchester & Hemingford Abbots,E05011260,WD25,Huntingdonshire,Huntingdonshire,3,All,LDM,LDM,LDM,237,671,1720,407,936,0,0
Great Paxton,E05011261,WD25,Huntingdonshire,Huntingdonshire,1,All,LDM,,,0,433,657,68,205,0,0
Great Staughton,E05011262,WD25,Huntingdonshire,Huntingdonshire,1,All,CON,,,71,566,198,121,357,0,0
Hemingford Grey & Houghton,E05011263,WD25,Huntingdonshire,Huntingdonshire,2,All,CON,CON,,169,852,636,315,432,0,96
Holywell-cum-Needingworth,E05011264,WD25,Huntingdonshire,Huntingdonshire,2,All,CON,CON,,276,889,677,358,606,0,0
Huntingdon East,E05011265,WD25,Huntingdonshire,Huntingdonshire,2,All,LDM,LDM,,144,455,875,204,549,0,0
Huntingdon North,E05011266,WD25,Huntingdonshire,Huntingdonshire,3,All,RFM,RFM,RFM,574,487,283,414,627,239,0
Kimbolton,E05011267,WD25,Huntingdonshire,Huntingdonshire,1,All,CON,,,67,912,120,90,298,0,0
Ramsey,E05011268,WD25,Huntingdonshire,Huntingdonshire,3,All,RFM,RFM,RFM,381,830,318,405,1127,954,0
Sawtry,E05011276,WD25,Huntingdonshire,Huntingdonshire,2,All,CON,CON,,0,1364,206,237,505,0,0
Somersham,E05011277,WD25,Huntingdonshire,Huntingdonshire,1,All,CON,,,121,408,220,103,359,0,0
St Ives East,E05011269,WD25,Huntingdonshire,Huntingdonshire,2,All,LDM,IND,,252,390,567,354,506,516,0
St Ives South,E05011270,WD25,Huntingdonshire,Huntingdonshire,2,All,LAB,LDM,,842,586,641,364,484,0,0
St Ives West,E05011271,WD25,Huntingdonshire,Huntingdonshire,1,All,IND,,,0,125,63,77,211,552,0
St Neots East,E05011272,WD25,Huntingdonshire,Huntingdonshire,2,All,GRN,GRN,,0,152,200,951,249,0,0
St Neots Eatons,E05011273,WD25,Huntingdonshire,Huntingdonshire,3,All,LDM,LDM,LDM,156,563,1161,288,1134,514,94
St Neots Eynesbury,E05011274,WD25,Huntingdonshire,Huntingdonshire,3,All,RFM,IND,RFM,0,377,653,649,978,944,0
St Neots Priory Park & Little Paxton,E05011275,WD25,Huntingdonshire,Huntingdonshire,3,All,LDM,LDM,CON,0,1044,1193,495,886,963,0
"Stilton, Folksworth & Washingley",E05011278,WD25,Huntingdonshire,Huntingdonshire,2,All,CON,CON,,207,1381,203,245,720,0,0
The Stukeleys,E05011279,WD25,Huntingdonshire,Huntingdonshire,3,All,LDM,LDM,LDM,212,553,878,268,472,0,0
Warboys,E05011280,WD25,Huntingdonshire,Huntingdonshire,2,All,CON,CON,,187,895,347,289,722,0,0
Yaxley,E05011281,WD25,Huntingdonshire,Huntingdonshire,3,All,LDM,RFM,RFM,176,651,1255,321,1152,0,0
Altham,E05005206,WD25,Hyndburn,Hyndburn,0,All,,,,0,0,0,0,0,0,0
Barnfield,E05005207,WD25,Hyndburn,Hyndburn,0,All,,,,0,0,0,0,0,0,0
Baxenden,E05005208,WD25,Hyndburn,Hyndburn,0,All,,,,0,0,0,0,0,0,0
Central,E05005209,WD25,Hyndburn,Hyndburn,0,All,,,,0,0,0,0,0,0,0
Church,E05005210,WD25,Hyndburn,Hyndburn,0,All,,,,0,0,0,0,0,0,0
Clayton-le-Moors,E05005211,WD25,Hyndburn,Hyndburn,1,All,RFM,,,396,177,0,162,668,0,0
Huncoat,E05005212,WD25,Hyndburn,Hyndburn,1,All,RFM,,,339,148,0,234,697,0,0
Immanuel,E05005213,WD25,Hyndburn,Hyndburn,1,All,CON,,,0,650,0,0,518,236,0
Milnshaw,E05005214,WD25,Hyndburn,Hyndburn,1,All,RFM,,,193,120,0,297,609,0,0
Netherton,E05005215,WD25,Hyndburn,Hyndburn,1,All,LAB,,,616,143,0,186,540,0,0
Overton,E05005216,WD25,Hyndburn,Hyndburn,1,All,RFM,,,599,257,0,230,874,0,0
Peel,E05005217,WD25,Hyndburn,Hyndburn,1,All,RFM,,,159,165,0,197,377,0,0
Rishton,E05005218,WD25,Hyndburn,Hyndburn,1,All,RFM,,,307,375,0,227,903,0,0
Spring Hill,E05005221,WD25,Hyndburn,Hyndburn,1,All,IND,,,405,369,0,0,261,428,0
St Andrew's,E05005219,WD25,Hyndburn,Hyndburn,1,All,RFM,,,147,432,0,157,492,0,0
St Oswald's,E05005220,WD25,Hyndburn,Hyndburn,1,All,RFM,,,329,860,0,0,950,0,0
Alexandra,E05007117,WD25,Ipswich,Ipswich,1,All,GRN,,,1006,250,150,1047,589,0,0
Bixley,E05007118,WD25,Ipswich,Ipswich,1,All,RFM,,,612,899,161,398,934,0,0
Bridge,E05007119,WD25,Ipswich,Ipswich,1,All,RFM,,,686,291,133,437,780,0,0
Castle Hill,E05007120,WD25,Ipswich,Ipswich,1,All,RFM,,,446,581,261,423,948,0,0
Gainsborough,E05007121,WD25,Ipswich,Ipswich,1,All,RFM,,,530,402,0,373,952,0,0
Gipping,E05007122,WD25,Ipswich,Ipswich,1,All,RFM,,,692,234,136,411,755,0,0
Holywells,E05007123,WD25,Ipswich,Ipswich,1,All,LAB,,,990,470,0,547,676,0,0
Priory Heath,E05007124,WD25,Ipswich,Ipswich,1,All,RFM,,,761,315,148,442,876,0,0
Rushmere,E05007125,WD25,Ipswich,Ipswich,1,All,LAB,,,1031,433,248,536,790,0,0
Sprites,E05007128,WD25,Ipswich,Ipswich,1,All,RFM,,,424,359,96,191,894,0,0
St John's,E05007126,WD25,Ipswich,Ipswich,1,All,LAB,,,983,348,182,728,866,0,0
St Margaret's,E05007127,WD25,Ipswich,Ipswich,1,All,LDM,,,353,379,1633,410,546,0,0
Stoke Park,E05007129,WD25,Ipswich,Ipswich,1,All,RFM,,,418,443,0,330,842,0,0
Westgate,E05007130,WD25,Ipswich,Ipswich,1,All,LAB,,,805,253,137,519,508,0,0
Whitehouse,E05007131,WD25,Ipswich,Ipswich,1,All,RFM,,,485,189,85,580,880,0,0
Whitton,E05007132,WD25,Ipswich,Ipswich,1,All,RFM,,,718,0,0,400,1113,0,0
Bembridge,E05013359,WD25,Isle of Wight,Isle of Wight,1,All,LDM,,,0,542,643,0,510,0,0
Binstead & Fishbourne,E05013360,WD25,Isle of Wight,Isle of Wight,1,All,IND,,,0,242,0,93,314,894,0
Brading & St Helens,E05013361,WD25,Isle of Wight,Isle of Wight,1,All,IND,,,0,72,0,0,380,780,0
"Brighstone, Calbourne & Shalfleet",E05013362,WD25,Isle of Wight,Isle of Wight,1,All,LDM,,,0,160,797,0,469,37,0
Carisbrooke & Gunville,E05013363,WD25,Isle of Wight,Isle of Wight,1,All,GRN,,,0,252,0,565,399,0,0
Central Rural,E05013364,WD25,Isle of Wight,Isle of Wight,1,All,RFM,,,0,372,0,352,613,112,0
"Chale, Niton & Shorwell",E05013365,WD25,Isle of Wight,Isle of Wight,1,All,GRN,,,0,261,0,822,506,0,0
Cowes Medina,E05013366,WD25,Isle of Wight,Isle of Wight,1,All,IND,,,0,66,0,214,318,519,0
Cowes North,E05013367,WD25,Isle of Wight,Isle of Wight,1,All,LAB,,,439,223,0,0,206,364,0
Cowes South & Northwood,E05013368,WD25,Isle of Wight,Isle of Wight,1,All,RFM,,,121,363,106,0,393,292,0
Cowes West & Gurnard,E05013369,WD25,Isle of Wight,Isle of Wight,1,All,IND,,,0,106,0,0,275,1173,0
East Cowes,E05013370,WD25,Isle of Wight,Isle of Wight,1,All,IND,,,0,156,0,136,360,876,0
Fairlee & Whippingham,E05013371,WD25,Isle of Wight,Isle of Wight,1,All,CON,,,0,602,79,168,380,0,0
Freshwater North & Yarmouth,E05013372,WD25,Isle of Wight,Isle of Wight,1,All,RFM,,,56,197,0,165,422,405,0
Freshwater South,E05013373,WD25,Isle of Wight,Isle of Wight,1,All,IND,,,33,0,0,89,395,913,0
Haylands & Swanmore,E05013374,WD25,Isle of Wight,Isle of Wight,1,All,RFM,,,35,200,69,203,437,128,0
Lake North,E05013375,WD25,Isle of Wight,Isle of Wight,1,All,RFM,,,92,387,176,0,421,0,0
Lake South,E05013376,WD25,Isle of Wight,Isle of Wight,1,All,RFM,,,73,431,0,224,517,0,0
Mountjoy & Shide,E05013377,WD25,Isle of Wight,Isle of Wight,1,All,RFM,,,92,247,130,185,368,0,0
Nettlestone & Seaview,E05013378,WD25,Isle of Wight,Isle of Wight,1,All,IND,,,0,267,0,65,251,542,0
"Newchurch, Havenstreet & Ashey",E05013379,WD25,Isle of Wight,Isle of Wight,1,All,RFM,,,47,397,0,330,638,0,0
Newport Central,E05013380,WD25,Isle of Wight,Isle of Wight,1,All,IND,,,0,51,178,0,242,440,0
Newport West,E05013381,WD25,Isle of Wight,Isle of Wight,1,All,RFM,,,0,299,0,375,442,0,0
Osborne,E05013382,WD25,Isle of Wight,Isle of Wight,1,All,RFM,,,0,226,0,162,389,359,0
Pan & Barton,E05013383,WD25,Isle of Wight,Isle of Wight,1,All,RFM,,,366,97,0,0,397,0,0
Parkhurst & Hunnyhill,E05013384,WD25,Isle of Wight,Isle of Wight,1,All,LDM,,,0,0,551,0,349,0,0
Ryde Appley & Elmfield,E05013385,WD25,Isle of Wight,Isle of Wight,1,All,LDM,,,0,94,781,0,419,0,0
Ryde Monktonmead,E05013386,WD25,Isle of Wight,Isle of Wight,1,All,IND,,,0,96,0,269,354,404,0
Ryde North West,E05013387,WD25,Isle of Wight,Isle of Wight,1,All,RFM,,,0,172,0,339,401,255,0
Ryde South East,E05013388,WD25,Isle of Wight,Isle of Wight,1,All,RFM,,,40,30,153,82,223,12,0
Ryde West,E05013389,WD25,Isle of Wight,Isle of Wight,1,All,RFM,,,0,57,0,275,355,273,0
Sandown North,E05013390,WD25,Isle of Wight,Isle of Wight,1,All,RFM,,,37,91,0,76,419,465,0
Sandown South,E05013391,WD25,Isle of Wight,Isle of Wight,1,All,RFM,,,42,216,0,96,358,269,0
Shanklin Central,E05013392,WD25,Isle of Wight,Isle of Wight,1,All,RFM,,,0,355,0,276,356,216,0
Shanklin South,E05013393,WD25,Isle of Wight,Isle of Wight,1,All,RFM,,,86,419,0,188,526,195,0
Totland & Colwell,E05013394,WD25,Isle of Wight,Isle of Wight,1,All,IND,,,60,114,27,126,422,797,0
Ventnor & St Lawrence,E05013395,WD25,Isle of Wight,Isle of Wight,1,All,CON,,,149,627,0,0,305,239,54
Wootton Bridge,E05013396,WD25,Isle of Wight,Isle of Wight,1,All,RFM,,,0,291,208,141,485,20,128
"Wroxall, Lowtherville & Bonchurch",E05013397,WD25,Isle of Wight,Isle of Wight,1,All,IND,,,0,234,0,176,326,621,0
Arsenal,E05013697,WD25,Islington,Islington,3,All,LAB,GRN,GRN,1622,223,241,1600,240,69,0
Barnsbury,E05013698,WD25,Islington,Islington,3,All,LAB,LAB,LAB,1615,482,395,1168,480,0,0
Bunhill,E05013699,WD25,Islington,Islington,3,All,LAB,LAB,LAB,1091,270,259,739,390,0,299
Caledonian,E05013700,WD25,Islington,Islington,3,All,LAB,LAB,LAB,1201,177,188,978,361,0,0
Canonbury,E05013701,WD25,Islington,Islington,3,All,LAB,LAB,GRN,1343,241,321,1207,457,97,0
Clerkenwell,E05013702,WD25,Islington,Islington,3,All,GRN,LAB,GRN,1141,239,404,1146,379,0,68
Finsbury Park,E05013703,WD25,Islington,Islington,3,All,GRN,GRN,LAB,1194,180,217,1288,253,763,569
Highbury,E05013704,WD25,Islington,Islington,3,All,GRN,GRN,GRN,1481,377,417,2090,354,309,0
Hillrise,E05013705,WD25,Islington,Islington,3,All,LAB,LAB,LAB,1732,264,380,1362,305,523,374
Holloway,E05013706,WD25,Islington,Islington,3,All,LAB,LAB,LAB,1505,236,269,1040,351,0,0
Junction,E05013707,WD25,Islington,Islington,3,All,LAB,LAB,LAB,1544,206,206,1197,328,0,0
Laycock,E05013708,WD25,Islington,Islington,3,All,LAB,LAB,LAB,1245,308,262,1137,387,0,0
Mildmay,E05013709,WD25,Islington,Islington,3,All,GRN,GRN,GRN,1542,231,234,1885,268,118,0
St Mary's & St James',E05013710,WD25,Islington,Islington,3,All,LAB,LAB,LAB,1298,276,842,989,396,0,0
St Peter's & Canalside,E05013711,WD25,Islington,Islington,3,All,LAB,LAB,LAB,1193,380,306,790,440,0,0
Tollington,E05013712,WD25,Islington,Islington,3,All,GRN,GRN,GRN,1663,179,229,2262,285,0,0
Tufnell Park,E05013713,WD25,Islington,Islington,3,All,GRN,GRN,GRN,1653,199,235,2106,300,0,0
Abingdon,E05009388,WD25,Kensington and Chelsea,Kensington and Chelsea,3,All,CON,CON,CON,200,1248,218,249,137,0,0
Brompton & Hans Town,E05009389,WD25,Kensington and Chelsea,Kensington and Chelsea,3,All,CON,CON,CON,193,1084,178,0,224,0,0
Campden,E05009390,WD25,Kensington and Chelsea,Kensington and Chelsea,3,All,CON,CON,CON,310,1405,303,0,213,78,0
Chelsea Riverside,E05009391,WD25,Kensington and Chelsea,Kensington and Chelsea,3,All,CON,CON,CON,498,1073,187,405,354,281,0
Colville,E05009392,WD25,Kensington and Chelsea,Kensington and Chelsea,3,All,LAB,LAB,LAB,821,426,192,535,203,0,0
Courtfield,E05009393,WD25,Kensington and Chelsea,Kensington and Chelsea,3,All,CON,CON,CON,143,1285,191,140,141,0,0
Dalgarno,E05009394,WD25,Kensington and Chelsea,Kensington and Chelsea,2,All,LAB,LAB,,593,304,84,400,239,64,0
Earl's Court,E05009395,WD25,Kensington and Chelsea,Kensington and Chelsea,3,All,LDM,LDM,LDM,229,826,1205,259,139,0,0
Golborne,E05009396,WD25,Kensington and Chelsea,Kensington and Chelsea,3,All,LAB,LAB,LAB,704,210,98,608,171,0,0
Holland,E05009397,WD25,Kensington and Chelsea,Kensington and Chelsea,3,All,CON,CON,CON,409,1408,187,336,119,0,0
Norland,E05009398,WD25,Kensington and Chelsea,Kensington and Chelsea,2,All,CON,CON,,266,964,140,216,123,0,0
Notting Dale,E05009399,WD25,Kensington and Chelsea,Kensington and Chelsea,3,All,LAB,LAB,LAB,944,303,127,524,271,29,0
Pembridge,E05009400,WD25,Kensington and Chelsea,Kensington and Chelsea,2,All,CON,CON,,147,735,501,0,85,0,0
Queen's Gate,E05009401,WD25,Kensington and Chelsea,Kensington and Chelsea,3,All,CON,CON,CON,151,1075,203,193,120,0,0
Redcliffe,E05009402,WD25,Kensington and Chelsea,Kensington and Chelsea,3,All,CON,CON,CON,255,1293,266,227,188,0,0
Royal Hospital,E05009403,WD25,Kensington and Chelsea,Kensington and Chelsea,3,All,CON,CON,CON,220,1671,188,212,329,0,0
St. Helen's,E05009404,WD25,Kensington and Chelsea,Kensington and Chelsea,2,All,LAB,LAB,,648,589,76,346,144,0,0
Stanley,E05009405,WD25,Kensington and Chelsea,Kensington and Chelsea,3,All,CON,CON,CON,328,1359,236,0,286,69,0
Avenue,E05011525,WD25,"Kingston upon Hull, City of","Kingston upon Hull, City of",1,All,LDM,,,651,60,1845,984,552,0,23
Beverley & Newland,E05011526,WD25,"Kingston upon Hull, City of","Kingston upon Hull, City of",1,All,LDM,,,363,76,1812,509,800,0,0
Boothferry,E05011527,WD25,"Kingston upon Hull, City of","Kingston upon Hull, City of",1,All,LDM,,,313,80,1382,261,1105,0,0
Bricknell,E05011528,WD25,"Kingston upon Hull, City of","Kingston upon Hull, City of",1,All,LAB,,,870,59,800,218,732,0,0
Central,E05011529,WD25,"Kingston upon Hull, City of","Kingston upon Hull, City of",1,All,LDM,,,515,66,567,243,420,0,0
Derringham,E05011530,WD25,"Kingston upon Hull, City of","Kingston upon Hull, City of",1,All,RFM,,,387,63,1114,225,1157,0,0
Drypool,E05011531,WD25,"Kingston upon Hull, City of","Kingston upon Hull, City of",1,All,LDM,,,221,44,1339,344,966,0,15
Holderness,E05011532,WD25,"Kingston upon Hull, City of","Kingston upon Hull, City of",1,All,LDM,,,235,59,1465,300,1159,0,0
Ings,E05011533,WD25,"Kingston upon Hull, City of","Kingston upon Hull, City of",0,All,,,,0,0,0,0,0,0,0
Kingswood,E05011534,WD25,"Kingston upon Hull, City of","Kingston upon Hull, City of",0,All,,,,0,0,0,0,0,0,0
Longhill & Bilton Grange,E05011535,WD25,"Kingston upon Hull, City of","Kingston upon Hull, City of",1,All,RFM,,,455,71,409,182,1100,0,0
Marfleet,E05011536,WD25,"Kingston upon Hull, City of","Kingston upon Hull, City of",1,All,RFM,,,366,60,185,321,1021,0,0
Newington & Gipsyville,E05011537,WD25,"Kingston upon Hull, City of","Kingston upon Hull, City of",1,All,RFM,,,768,77,367,316,1050,0,0
North Carr,E05011538,WD25,"Kingston upon Hull, City of","Kingston upon Hull, City of",1,All,RFM,,,400,60,315,251,1098,0,0
Orchard Park,E05011539,WD25,"Kingston upon Hull, City of","Kingston upon Hull, City of",1,All,RFM,,,530,68,260,194,954,97,0
Pickering,E05011540,WD25,"Kingston upon Hull, City of","Kingston upon Hull, City of",1,All,LDM,,,226,31,832,122,816,0,0
Southcoates,E05011542,WD25,"Kingston upon Hull, City of","Kingston upon Hull, City of",1,All,RFM,,,943,68,195,305,1179,46,0
St Andrew's & Docklands,E05011541,WD25,"Kingston upon Hull, City of","Kingston upon Hull, City of",1,All,RFM,,,824,67,246,499,836,0,41
Sutton,E05011543,WD25,"Kingston upon Hull, City of","Kingston upon Hull, City of",1,All,RFM,,,232,94,1252,434,1295,0,0
University,E05011544,WD25,"Kingston upon Hull, City of","Kingston upon Hull, City of",1,All,LDM,,,247,45,712,269,547,0,0
West Carr,E05011545,WD25,"Kingston upon Hull, City of","Kingston upon Hull, City of",1,All,RFM,,,204,54,944,162,1093,0,0
Alexandra,E05013928,WD25,Kingston upon Thames,Kingston upon Thames,2,All,LDM,LDM,,129,451,1006,290,318,0,315
Berrylands,E05013929,WD25,Kingston upon Thames,Kingston upon Thames,2,All,LDM,LDM,,159,662,1331,397,329,0,0
Canbury Gardens,E05013930,WD25,Kingston upon Thames,Kingston upon Thames,2,All,LDM,LDM,,168,357,1362,455,321,0,133
Chessington South & Malden Rushett,E05013931,WD25,Kingston upon Thames,Kingston upon Thames,3,All,LDM,LDM,LDM,178,590,1641,0,1001,0,79
Coombe Hill,E05013932,WD25,Kingston upon Thames,Kingston upon Thames,2,All,CON,CON,,92,854,407,227,203,0,636
Coombe Vale,E05013933,WD25,Kingston upon Thames,Kingston upon Thames,3,All,LDM,LDM,LDM,252,755,1744,699,426,319,561
Green Lane & St James,E05013934,WD25,Kingston upon Thames,Kingston upon Thames,2,All,LOC,LOC,,165,129,863,0,175,72,1043
Hook & Chessington North,E05013935,WD25,Kingston upon Thames,Kingston upon Thames,3,All,LDM,LDM,LDM,159,621,1510,376,900,0,394
King George's & Sunray,E05013936,WD25,Kingston upon Thames,Kingston upon Thames,2,All,LDM,LDM,,150,492,916,240,0,0,166
Kingston Gate,E05013937,WD25,Kingston upon Thames,Kingston upon Thames,3,All,LDM,LDM,LDM,276,431,1807,824,351,0,321
Kingston Town,E05013938,WD25,Kingston upon Thames,Kingston upon Thames,3,All,LDM,LDM,LDM,441,405,1277,592,375,0,161
Motspur Park & Old Malden East,E05013939,WD25,Kingston upon Thames,Kingston upon Thames,2,All,LDM,LDM,,151,718,1182,370,443,0,0
New Malden Village,E05013940,WD25,Kingston upon Thames,Kingston upon Thames,3,All,LDM,LDM,LDM,261,371,1524,531,306,0,1043
Norbiton,E05013941,WD25,Kingston upon Thames,Kingston upon Thames,3,All,LDM,LDM,LDM,537,275,1416,524,359,0,264
Old Malden,E05013942,WD25,Kingston upon Thames,Kingston upon Thames,2,All,LDM,LDM,,147,467,1311,249,394,0,91
St Mark's & Seething Wells,E05013943,WD25,Kingston upon Thames,Kingston upon Thames,3,All,LDM,LDM,LDM,260,513,2146,1103,468,0,0
Surbiton Hill,E05013944,WD25,Kingston upon Thames,Kingston upon Thames,3,All,LDM,LDM,LDM,204,458,1948,599,428,0,223
Tolworth,E05013945,WD25,Kingston upon Thames,Kingston upon Thames,3,All,LDM,LDM,LDM,265,321,1861,563,509,0,428
Tudor,E05013946,WD25,Kingston upon Thames,Kingston upon Thames,2,All,LDM,LDM,,101,642,1355,433,319,0,0
Almondbury,E05008558,WD25,Kirklees,Kirklees,3,All,RFM,RFM,RFM,477,532,1755,1001,2224,0,0
Ashbrow,E05001389,WD25,Kirklees,Kirklees,3,All,GRN,GRN,GRN,1225,472,215,1634,1394,0,291
Batley East,E05001390,WD25,Kirklees,Kirklees,3,All,IND,IND,IND,646,322,222,856,827,2378,0
Batley West,E05001391,WD25,Kirklees,Kirklees,3,All,IND,IND,IND,1214,276,286,762,1191,1768,0
Birstall & Birkenshaw,E05016505,WD26,Kirklees,Kirklees,3,All,CON,RFM,RFM,639,2559,323,638,2235,0,0
Cleckheaton,E05001393,WD25,Kirklees,Kirklees,3,All,LDM,RFM,LDM,383,498,2466,537,2386,0,0
Colne Valley East,E05016507,WD26,Kirklees,Kirklees,3,All,RFM,RFM,RFM,859,328,1495,1099,1950,0,0
Colne Valley West,E05016508,WD26,Kirklees,Kirklees,3,All,RFM,RFM,RFM,2164,619,557,1481,2258,0,0
Crosland Moor,E05016509,WD26,Kirklees,Kirklees,3,All,GRN,GRN,GRN,543,172,148,2736,883,2172,53
Dalton,E05001396,WD25,Kirklees,Kirklees,3,All,RFM,RFM,RFM,1355,403,317,945,1800,0,0
Denby Dale,E05001397,WD25,Kirklees,Kirklees,3,All,CON,CON,RFM,1509,3075,287,863,1971,0,64
Dewsbury East,E05001398,WD25,Kirklees,Kirklees,3,All,RFM,RFM,RFM,775,364,1024,557,2096,1212,0
Dewsbury South,E05001399,WD25,Kirklees,Kirklees,3,All,IND,IND,RFM,1287,226,156,425,1311,3241,0
Dewsbury West,E05001400,WD25,Kirklees,Kirklees,3,All,IND,IND,IND,1756,140,966,427,636,2563,0
Greenhead,E05001402,WD25,Kirklees,Kirklees,3,All,GRN,GRN,GRN,1371,393,359,2633,996,0,318
Heckmondwike,E05001403,WD25,Kirklees,Kirklees,3,All,RFM,RFM,RFM,1456,491,174,527,1892,1161,0
Holme Valley North,E05008561,WD25,Kirklees,Kirklees,3,All,IND,IND,IND,567,1338,198,973,1791,3040,0
Holme Valley South,E05001405,WD25,Kirklees,Kirklees,3,All,RFM,CON,RFM,1937,2259,365,1702,2297,0,0
Kirkburton,E05008562,WD25,Kirklees,Kirklees,3,All,CON,CON,CON,793,2637,228,1403,1939,0,0
Lindley,E05001407,WD25,Kirklees,Kirklees,3,All,LDM,LDM,LDM,640,1082,2097,954,1864,397,0
Liversedge & Gomersal,E05016521,WD26,Kirklees,Kirklees,3,All,RFM,RFM,RFM,702,1641,231,672,2490,209,0
Mirfield,E05001409,WD25,Kirklees,Kirklees,3,All,CON,RFM,RFM,952,2974,312,1163,2640,0,0
Netherton & Newsome,E05016523,WD26,Kirklees,Kirklees,3,All,GRN,GRN,GRN,376,215,140,2703,1671,0,0
Cherryfield,E05010935,WD25,Knowsley,Knowsley,1,All,IND,,,572,0,0,227,605,628,0
Halewood North,E05010936,WD25,Knowsley,Knowsley,1,All,RFM,,,708,101,0,562,765,553,0
Halewood South,E05010937,WD25,Knowsley,Knowsley,1,All,IND,,,750,0,0,0,617,1204,0
Northwood,E05010938,WD25,Knowsley,Knowsley,1,All,RFM,,,583,0,0,271,849,0,409
Page Moss,E05010939,WD25,Knowsley,Knowsley,1,All,GRN,,,593,0,0,703,574,0,0
Prescot North,E05010940,WD25,Knowsley,Knowsley,1,All,LDM,,,770,113,1059,0,980,0,0
Prescot South,E05010941,WD25,Knowsley,Knowsley,1,All,GRN,,,448,82,0,1212,658,0,0
Roby,E05010942,WD25,Knowsley,Knowsley,2,All,LAB,LAB,,1237,0,0,833,814,0,0
Shevington,E05010943,WD25,Knowsley,Knowsley,1,All,IND,,,610,0,0,211,568,870,0
St Gabriels,E05010944,WD25,Knowsley,Knowsley,1,All,GRN,,,535,0,0,958,693,0,0
St Michaels,E05010945,WD25,Knowsley,Knowsley,1,All,LAB,,,862,0,0,359,611,0,0
Stockbridge,E05010946,WD25,Knowsley,Knowsley,1,All,RFM,,,574,78,0,596,802,0,0
Swanside,E05010947,WD25,Knowsley,Knowsley,1,All,LAB,,,1187,0,0,434,678,0,0
Whiston and Cronton,E05010948,WD25,Knowsley,Knowsley,1,All,RFM,,,752,0,0,865,920,0,0
Whitefield,E05010949,WD25,Knowsley,Knowsley,1,All,IND,,,650,0,0,0,591,1006,0
Brixton Acre Lane,E05014095,WD25,Lambeth,Lambeth,3,All,GRN,GRN,LAB,1684,361,410,1835,261,347,0
Brixton North,E05014096,WD25,Lambeth,Lambeth,3,All,LAB,GRN,LAB,1415,261,215,1388,189,372,130
Brixton Rush Common,E05014097,WD25,Lambeth,Lambeth,3,All,GRN,GRN,GRN,1810,216,359,2132,207,0,100
Brixton Windrush,E05014098,WD25,Lambeth,Lambeth,2,All,GRN,GRN,,975,98,139,1297,83,321,0
Clapham Common & Abbeville,E05014099,WD25,Lambeth,Lambeth,2,All,LDM,LDM,,1116,347,1331,441,194,0,14
Clapham East,E05014100,WD25,Lambeth,Lambeth,2,All,LAB,GRN,,928,213,240,803,190,0,0
Clapham Park,E05014101,WD25,Lambeth,Lambeth,3,All,LAB,LAB,GRN,1285,308,364,1184,235,202,0
Clapham Town,E05014102,WD25,Lambeth,Lambeth,3,All,LAB,LAB,GRN,1631,833,420,1451,323,0,0
Gipsy Hill,E05014103,WD25,Lambeth,Lambeth,2,All,GRN,GRN,,1243,233,167,1666,238,0,40
Herne Hill & Loughborough Junction,E05014104,WD25,Lambeth,Lambeth,3,All,GRN,GRN,GRN,1873,329,403,2931,230,0,0
Kennington,E05014105,WD25,Lambeth,Lambeth,3,All,LAB,LAB,LAB,1891,367,919,1471,340,0,62
Knight's Hill,E05014106,WD25,Lambeth,Lambeth,3,All,GRN,GRN,GRN,1923,349,314,2181,320,0,0
Myatt's Fields,E05014107,WD25,Lambeth,Lambeth,2,All,GRN,LAB,,1179,169,230,1267,173,0,0
Oval,E05014108,WD25,Lambeth,Lambeth,3,All,LAB,LAB,LAB,1424,290,709,1120,232,0,32
St Martin's,E05014109,WD25,Lambeth,Lambeth,2,All,GRN,LAB,,1213,190,269,1268,205,470,0
Stockwell East,E05014110,WD25,Lambeth,Lambeth,2,All,GRN,LDM,,832,144,850,875,156,0,0
Stockwell West & Larkhall,E05014111,WD25,Lambeth,Lambeth,3,All,LAB,LAB,LAB,1438,374,377,1234,420,0,0
Streatham Common & Vale,E05014112,WD25,Lambeth,Lambeth,3,All,LAB,LAB,LAB,1469,376,1311,1245,333,0,60
Streatham Hill East,E05014113,WD25,Lambeth,Lambeth,2,All,GRN,GRN,,855,144,760,1333,172,0,0
Streatham Hill West & Thornton,E05014114,WD25,Lambeth,Lambeth,2,All,LDM,LDM,,828,287,1661,747,234,0,0
Streatham St Leonard's,E05014115,WD25,Lambeth,Lambeth,3,All,GRN,GRN,GRN,1084,349,726,2242,320,0,0
Streatham Wells,E05014116,WD25,Lambeth,Lambeth,2,All,LDM,LDM,,780,152,1091,898,167,0,0
Vauxhall,E05014117,WD25,Lambeth,Lambeth,3,All,GRN,LAB,LAB,580,200,445,653,216,0,0
Waterloo & South Bank,E05014118,WD25,Lambeth,Lambeth,2,All,LAB,LDM,,678,128,626,538,207,0,0
West Dulwich,E05014119,WD25,Lambeth,Lambeth,2,All,GRN,LAB,,1474,589,447,1565,327,0,0
Adel & Wharfedale,E05012841,WD25,Leeds,Leeds,2,All,CON,CON,,1923,2462,1004,1300,1874,0,0
Alwoodley,E05012842,WD25,Leeds,Leeds,1,All,CON,,,1124,4633,296,1133,893,0,0
Ardsley & Robin Hood,E05011384,WD25,Leeds,Leeds,1,All,RFM,,,1336,1492,476,802,3023,0,135
Armley,E05011385,WD25,Leeds,Leeds,1,All,GRN,,,1137,268,187,2215,1443,0,58
Beeston & Holbeck,E05012647,WD25,Leeds,Leeds,1,All,GRN,,,1725,280,159,1978,1245,0,327
Bramley & Stanningley,E05011387,WD25,Leeds,Leeds,1,All,LAB,,,2724,308,166,883,2112,0,20
Burmantofts & Richmond Hill,E05011388,WD25,Leeds,Leeds,1,All,LAB,,,1957,183,252,1123,1393,0,53
Calverley & Farsley,E05011389,WD25,Leeds,Leeds,1,All,CON,,,2313,3102,258,1380,1418,0,0
Chapel Allerton,E05011390,WD25,Leeds,Leeds,1,All,GRN,,,2971,382,287,3520,594,0,55
Cross Gates & Whinmoor,E05011391,WD25,Leeds,Leeds,1,All,RFM,,,2051,902,260,706,3013,223,182
Farnley & Wortley,E05012648,WD25,Leeds,Leeds,1,All,RFM,,,983,304,178,1635,2397,922,19
Garforth & Swillington,E05013830,WD25,Leeds,Leeds,1,All,LOC,,,542,362,92,433,1582,0,5007
Gipton & Harehills,E05011394,WD25,Leeds,Leeds,1,All,LAB,,,2345,174,104,1936,612,1108,76
Guiseley & Rawdon,E05011395,WD25,Leeds,Leeds,1,All,LAB,,,3469,2407,279,918,1813,0,316
Harewood,E05011396,WD25,Leeds,Leeds,1,All,CON,,,1007,3380,300,842,1911,224,0
Headingley & Hyde Park,E05011397,WD25,Leeds,Leeds,1,All,GRN,,,1278,97,139,4334,225,0,62
Horsforth,E05011547,WD25,Leeds,Leeds,1,All,LAB,,,3018,2063,570,1719,1450,0,25
Hunslet & Riverside,E05011399,WD25,Leeds,Leeds,1,All,GRN,,,1422,199,112,3202,700,0,57
Killingbeck & Seacroft,E05011400,WD25,Leeds,Leeds,1,All,RFM,,,1794,446,214,899,2371,0,50
Kippax & Methley,E05011401,WD25,Leeds,Leeds,1,All,LAB,,,3336,717,208,674,3038,0,0
Kirkstall,E05011402,WD25,Leeds,Leeds,1,All,GRN,,,1958,240,178,2922,946,211,16
Little London & Woodhouse,E05011403,WD25,Leeds,Leeds,1,All,GRN,,,1001,125,255,2617,326,0,26
Middleton Park,E05011404,WD25,Leeds,Leeds,1,All,SDP,,,773,206,108,545,1936,0,2203
Moortown,E05011405,WD25,Leeds,Leeds,1,All,LAB,,,2758,838,1277,2447,1011,0,43
Morley North,E05011406,WD25,Leeds,Leeds,2,All,LOC,RFM,,892,678,313,736,2780,0,2801
Morley South,E05011407,WD25,Leeds,Leeds,1,All,RFM,,,594,402,992,793,2564,0,1969
Otley & Yeadon,E05011549,WD25,Leeds,Leeds,1,All,LDM,,,1038,600,3189,1746,2195,0,0
Pudsey,E05011409,WD25,Leeds,Leeds,1,All,CON,,,1304,4415,176,1105,1531,0,0
Rothwell,E05011410,WD25,Leeds,Leeds,1,All,LDM,,,495,293,3772,638,1929,0,52
Roundhay,E05011411,WD25,Leeds,Leeds,1,All,LAB,,,3316,918,316,3242,851,0,56
Temple Newsam,E05013831,WD25,Leeds,Leeds,2,All,RFM,RFM,,1990,1172,355,813,2456,0,60
Weetwood,E05011413,WD25,Leeds,Leeds,1,All,LAB,,,2684,270,2213,1901,821,0,30
Wetherby,E05011414,WD25,Leeds,Leeds,1,All,CON,,,549,3684,182,2586,1464,0,0
Bellingham,E05013714,WD25,Lewisham,Lewisham,2,All,LAB,GRN,,838,164,155,689,352,74,31
Blackheath,E05013715,WD25,Lewisham,Lewisham,3,All,GRN,LAB,GRN,1626,352,1358,1890,416,0,0
Brockley,E05013716,WD25,Lewisham,Lewisham,3,All,GRN,GRN,GRN,1861,229,298,2832,292,0,0
Catford South,E05013717,WD25,Lewisham,Lewisham,3,All,GRN,LAB,LAB,1529,342,1077,1580,457,0,0
Crofton Park,E05013718,WD25,Lewisham,Lewisham,3,All,GRN,GRN,GRN,1809,325,379,3090,300,0,0
Deptford,E05013719,WD25,Lewisham,Lewisham,3,All,GRN,GRN,GRN,1554,273,219,2313,265,0,99
Downham,E05013720,WD25,Lewisham,Lewisham,3,All,LAB,LAB,LAB,1291,388,271,990,894,0,0
Evelyn,E05013721,WD25,Lewisham,Lewisham,3,All,GRN,GRN,GRN,1216,246,272,1509,325,218,64
Forest Hill,E05013722,WD25,Lewisham,Lewisham,3,All,GRN,GRN,LAB,2001,399,545,2762,374,0,103
Grove Park,E05013723,WD25,Lewisham,Lewisham,3,All,LAB,GRN,LAB,1555,576,315,1293,792,49,0
Hither Green,E05013724,WD25,Lewisham,Lewisham,3,All,LAB,GRN,LAB,2105,316,407,1994,464,104,0
Ladywell,E05013725,WD25,Lewisham,Lewisham,3,All,GRN,GRN,GRN,1700,258,302,2860,235,0,0
Lee Green,E05013726,WD25,Lewisham,Lewisham,3,All,LAB,GRN,LAB,1762,394,1021,1696,417,0,0
Lewisham Central,E05013727,WD25,Lewisham,Lewisham,2,All,GRN,GRN,,812,142,126,928,173,0,65
New Cross Gate,E05013728,WD25,Lewisham,Lewisham,2,All,GRN,GRN,,877,136,101,1188,214,0,73
Perry Vale,E05013729,WD25,Lewisham,Lewisham,3,All,GRN,GRN,GRN,1997,318,352,2880,471,0,122
Rushey Green,E05013730,WD25,Lewisham,Lewisham,3,All,GRN,GRN,GRN,1842,298,237,2436,343,0,160
Sydenham,E05013731,WD25,Lewisham,Lewisham,3,All,GRN,GRN,GRN,1834,389,348,2174,515,0,0
Telegraph Hill,E05013732,WD25,Lewisham,Lewisham,3,All,GRN,GRN,GRN,1980,167,232,3050,230,0,114
Abbey,E05010784,WD25,Lincoln,Lincoln,1,All,LDM,,,301,117,897,428,403,0,182
Birchwood,E05010785,WD25,Lincoln,Lincoln,1,All,RFM,,,337,488,94,285,752,0,0
Boultham,E05010786,WD25,Lincoln,Lincoln,1,All,LAB,,,623,198,165,528,582,0,0
Carholme,E05010787,WD25,Lincoln,Lincoln,1,All,LAB,,,889,167,117,779,447,0,68
Castle,E05010788,WD25,Lincoln,Lincoln,1,All,LAB,,,768,155,128,491,635,0,0
Glebe,E05010789,WD25,Lincoln,Lincoln,1,All,LDM,,,292,160,764,209,634,0,0
Hartsholme,E05010790,WD25,Lincoln,Lincoln,1,All,RFM,,,424,549,178,340,1007,0,0
Minster,E05010791,WD25,Lincoln,Lincoln,1,All,LAB,,,811,305,133,250,716,0,0
Moorland,E05010792,WD25,Lincoln,Lincoln,1,All,RFM,,,327,305,93,262,782,0,0
Park,E05010793,WD25,Lincoln,Lincoln,1,All,GRN,,,302,80,425,568,416,0,85
Witham,E05010794,WD25,Lincoln,Lincoln,1,All,RFM,,,398,454,192,278,863,0,0
Ancoats & Beswick,E05011350,WD25,Manchester,Manchester,1,All,GRN,,,785,78,1095,1776,498,0,0
Ardwick,E05011351,WD25,Manchester,Manchester,1,All,GRN,,,1128,161,119,1607,295,0,200
Baguley,E05011352,WD25,Manchester,Manchester,1,All,RFM,,,906,245,122,597,1329,0,53
Brooklands,E05011353,WD25,Manchester,Manchester,1,All,RFM,,,1190,377,182,767,1198,0,0
Burnage,E05011354,WD25,Manchester,Manchester,1,All,GRN,,,1446,107,152,2257,837,24,110
Charlestown,E05011355,WD25,Manchester,Manchester,1,All,RFM,,,1202,0,172,652,1566,0,0
Cheetham,E05011356,WD25,Manchester,Manchester,1,All,LAB,,,1398,0,121,1090,270,943,323
Chorlton,E05011357,WD25,Manchester,Manchester,1,All,GRN,,,2374,147,247,2549,295,0,0
Chorlton Park,E05011358,WD25,Manchester,Manchester,1,All,GRN,,,2358,150,342,2474,495,0,283
Clayton & Openshaw,E05011359,WD25,Manchester,Manchester,1,All,LAB,,,1308,180,151,1013,996,0,0
Crumpsall,E05011360,WD25,Manchester,Manchester,1,All,LAB,,,1425,0,123,1073,587,0,246
Deansgate,E05011361,WD25,Manchester,Manchester,1,All,GRN,,,801,120,380,1380,226,0,5
Didsbury East,E05011362,WD25,Manchester,Manchester,1,All,LAB,,,2104,156,1474,1443,476,0,0
Didsbury West,E05011363,WD25,Manchester,Manchester,1,All,LDM,,,1220,54,2504,1547,342,0,0
Fallowfield,E05011364,WD25,Manchester,Manchester,1,All,GRN,,,710,105,79,1328,293,0,37
Gorton & Abbey Hey,E05011365,WD25,Manchester,Manchester,1,All,GRN,,,1196,87,169,1489,1117,0,0
Harpurhey,E05011366,WD25,Manchester,Manchester,1,All,LAB,,,1135,210,132,735,788,0,0
Higher Blackley,E05011367,WD25,Manchester,Manchester,1,All,RFM,,,942,0,146,621,1084,710,0
Hulme,E05011368,WD25,Manchester,Manchester,1,All,GRN,,,1257,0,156,2059,285,0,0
Levenshulme,E05011369,WD25,Manchester,Manchester,1,All,GRN,,,1052,0,68,3073,378,286,682
Longsight,E05011370,WD25,Manchester,Manchester,1,All,GRN,,,1524,83,93,2307,384,0,472
Miles Platting & Newton Heath,E05011371,WD25,Manchester,Manchester,1,All,RFM,,,1166,196,137,884,1243,0,0
Moss Side,E05011372,WD25,Manchester,Manchester,1,All,GRN,,,1356,110,65,2371,189,0,108
Moston,E05011373,WD25,Manchester,Manchester,1,All,RFM,,,1498,0,188,753,1683,0,0
Northenden,E05011374,WD25,Manchester,Manchester,1,All,LAB,,,1465,253,178,851,1094,0,0
Old Moat,E05011375,WD25,Manchester,Manchester,1,All,GRN,,,1189,115,209,1829,394,0,28
Piccadilly,E05011376,WD25,Manchester,Manchester,1,All,GRN,,,1030,96,325,1684,172,0,0
Rusholme,E05011377,WD25,Manchester,Manchester,1,All,GRN,,,1066,122,120,1919,155,0,579
Sharston,E05011378,WD25,Manchester,Manchester,1,All,RFM,,,1009,226,132,577,1203,0,0
Whalley Range,E05011379,WD25,Manchester,Manchester,1,All,GRN,,,1407,124,135,2498,206,0,266
Withington,E05011380,WD25,Manchester,Manchester,1,All,GRN,,,843,64,1056,1604,362,0,0
Woodhouse Park,E05011381,WD25,Manchester,Manchester,1,All,GRN,,,438,91,55,1411,1015,0,0
Abbey,E05013810,WD25,Merton,Merton,3,All,LDM,LDM,LDM,953,507,1594,676,289,0,0
Cannon Hill,E05013811,WD25,Merton,Merton,3,All,LDM,LDM,LDM,702,1038,1379,659,474,0,0
Colliers Wood,E05013812,WD25,Merton,Merton,3,All,LAB,LAB,LAB,1807,315,886,950,281,0,0
Cricket Green,E05013813,WD25,Merton,Merton,3,All,LAB,LAB,LAB,1576,316,300,553,530,0,0
Figge's Marsh,E05013814,WD25,Merton,Merton,3,All,LAB,LAB,LAB,1569,176,235,503,356,0,0
Graveney,E05013815,WD25,Merton,Merton,3,All,LAB,LAB,LAB,1778,308,284,832,281,0,0
Hillside,E05013816,WD25,Merton,Merton,2,All,LDM,CON,,318,1089,1366,424,241,0,0
Lavender Fields,E05013817,WD25,Merton,Merton,3,All,LAB,LAB,LAB,1316,243,293,641,475,0,0
Longthornton,E05013818,WD25,Merton,Merton,3,All,LAB,LAB,LAB,1637,311,241,641,386,0,0
Lower Morden,E05013819,WD25,Merton,Merton,3,All,LAB,LAB,LAB,1604,908,540,608,1088,0,0
Merton Park,E05013820,WD25,Merton,Merton,2,All,LOC,LOC,,381,213,406,443,202,0,1916
Pollards Hill,E05013821,WD25,Merton,Merton,3,All,LAB,LAB,LAB,1696,225,256,643,428,0,0
Ravensbury,E05013822,WD25,Merton,Merton,3,All,LAB,LAB,LAB,1321,235,815,532,526,0,0
Raynes Park,E05013823,WD25,Merton,Merton,3,All,LDM,LDM,LDM,610,735,2093,659,432,0,0
St Helier,E05013824,WD25,Merton,Merton,3,All,LAB,LAB,LAB,1215,276,296,929,537,0,0
Village,E05013825,WD25,Merton,Merton,3,All,CON,CON,CON,377,2169,1701,441,421,0,0
Wandle,E05013826,WD25,Merton,Merton,2,All,LAB,LAB,,1155,192,986,438,238,0,0
West Barnes,E05013827,WD25,Merton,Merton,3,All,LDM,LDM,LDM,666,664,1816,610,449,0,0
Wimbledon Park,E05013828,WD25,Merton,Merton,3,All,LDM,LDM,LDM,538,610,2078,741,284,0,0
Wimbledon Town & Dundonald,E05013829,WD25,Merton,Merton,3,All,LDM,LDM,LDM,793,634,2664,840,339,0,0
Bletchley Park & Fenny Stratford,E05016588,WD26,Milton Keynes,Milton Keynes,3,All,RFM,RFM,RFM,1219,794,337,580,1388,41,0
Bletchley South,E05016589,WD26,Milton Keynes,Milton Keynes,3,All,LAB,RFM,RFM,1155,403,213,502,1132,0,0
Bletchley West,E05009408,WD25,Milton Keynes,Milton Keynes,3,All,RFM,RFM,RFM,1246,834,228,464,1435,103,0
Bradwell,E05009409,WD25,Milton Keynes,Milton Keynes,3,All,LDM,LDM,LDM,676,478,1946,569,1246,0,0
Broughton & Moulsoe,E05016592,WD26,Milton Keynes,Milton Keynes,3,All,LDM,LDM,LDM,335,399,1346,384,561,0,0
Campbell Park & Willen,E05016593,WD26,Milton Keynes,Milton Keynes,3,All,LDM,LDM,LDM,745,747,1656,603,857,0,0
Central Milton Keynes,E05009412,WD25,Milton Keynes,Milton Keynes,3,All,LAB,LAB,LAB,1025,458,337,589,587,0,0
Danesborough,E05016595,WD26,Milton Keynes,Milton Keynes,3,All,CON,CON,CON,1143,1799,242,630,726,0,0
Furzton,E05016596,WD26,Milton Keynes,Milton Keynes,3,All,LDM,LDM,LDM,625,1134,1533,636,1373,0,0
Great Linford,E05016597,WD26,Milton Keynes,Milton Keynes,3,All,LAB,LAB,LAB,1384,539,852,674,1139,0,0
Hanslope,E05016598,WD26,Milton Keynes,Milton Keynes,1,All,CON,,,187,1011,97,293,496,0,0
New Bradwell,E05016599,WD26,Milton Keynes,Milton Keynes,2,All,LAB,LAB,,979,315,174,616,749,0,0
Newport Pagnell,E05016600,WD26,Milton Keynes,Milton Keynes,3,All,LDM,LDM,LDM,380,985,2584,563,1311,0,0
Olney & Rural,E05016601,WD26,Milton Keynes,Milton Keynes,3,All,CON,CON,CON,727,2255,430,951,1319,0,0
Ouzel Valley,E05016602,WD26,Milton Keynes,Milton Keynes,3,All,LDM,LDM,LDM,470,751,1338,480,873,0,0
Stony Stratford,E05009421,WD25,Milton Keynes,Milton Keynes,3,All,LAB,LAB,LAB,1507,979,373,669,789,0,0
Tattenhoe,E05009422,WD25,Milton Keynes,Milton Keynes,3,All,CON,CON,CON,928,1859,459,508,799,0,0
Walton,E05016605,WD26,Milton Keynes,Milton Keynes,3,All,LDM,RFM,LDM,674,687,1357,527,1270,0,0
Watling,E05016606,WD26,Milton Keynes,Milton Keynes,3,All,CON,CON,LAB,1558,1630,528,896,1266,0,0
Wolverton,E05009423,WD25,Milton Keynes,Milton Keynes,3,All,LAB,LAB,LAB,1539,331,203,1367,828,0,0
Woughton & Fishermead,E05009424,WD25,Milton Keynes,Milton Keynes,3,All,LAB,LAB,LAB,1090,254,169,434,706,303,0
Arthur's Hill,E05011436,WD25,Newcastle upon Tyne,Newcastle upon Tyne,3,All,GRN,GRN,GRN,788,130,165,1314,375,91,0
"Benwell, Scotswood & Denton Burn",E05016348,WD26,Newcastle upon Tyne,Newcastle upon Tyne,3,All,RFM,RFM,RFM,726,193,173,481,954,402,0
Blakelaw & Cowgate,E05016349,WD26,Newcastle upon Tyne,Newcastle upon Tyne,3,All,RFM,RFM,RFM,812,165,169,457,885,114,35
Byker,E05011439,WD25,Newcastle upon Tyne,Newcastle upon Tyne,3,All,GRN,GRN,GRN,312,84,89,1567,630,0,0
Castle,E05011441,WD25,Newcastle upon Tyne,Newcastle upon Tyne,3,All,GRN,LDM,GRN,380,195,1109,1228,657,0,0
Chapel,E05011442,WD25,Newcastle upon Tyne,Newcastle upon Tyne,3,All,IND,IND,IND,272,137,99,233,1108,2918,0
Dene & South Gosforth,E05011443,WD25,Newcastle upon Tyne,Newcastle upon Tyne,3,All,LDM,LDM,LDM,692,194,2141,1064,540,0,0
Denton & Westerhope,E05011444,WD25,Newcastle upon Tyne,Newcastle upon Tyne,3,All,RFM,RFM,RFM,509,150,293,290,1231,0,776
Elswick,E05011445,WD25,Newcastle upon Tyne,Newcastle upon Tyne,3,All,GRN,GRN,GRN,575,106,130,1302,634,0,0
Fawdon & West Gosforth,E05011446,WD25,Newcastle upon Tyne,Newcastle upon Tyne,3,All,LDM,LDM,LDM,571,188,1854,604,808,0,0
Gosforth,E05011447,WD25,Newcastle upon Tyne,Newcastle upon Tyne,3,All,LDM,LDM,LDM,517,1638,2181,646,409,0,0
Heaton,E05011448,WD25,Newcastle upon Tyne,Newcastle upon Tyne,3,All,GRN,GRN,GRN,872,102,950,2329,339,0,50
Jesmond,E05016359,WD26,Newcastle upon Tyne,Newcastle upon Tyne,3,All,LDM,LDM,LDM,494,169,1570,1147,316,0,0
Kenton,E05011449,WD25,Newcastle upon Tyne,Newcastle upon Tyne,3,All,LAB,LAB,RFM,1051,199,385,600,978,0,45
Kingston Park & Dinnington,E05016361,WD26,Newcastle upon Tyne,Newcastle upon Tyne,3,All,LDM,LDM,LDM,534,289,1643,443,1034,0,0
Lemington,E05011451,WD25,Newcastle upon Tyne,Newcastle upon Tyne,3,All,RFM,RFM,RFM,817,180,261,386,1361,0,0
Manor Park,E05011452,WD25,Newcastle upon Tyne,Newcastle upon Tyne,3,All,LDM,LDM,LDM,515,158,1691,780,619,0,0
Monument,E05011453,WD25,Newcastle upon Tyne,Newcastle upon Tyne,3,All,GRN,GRN,GRN,528,88,142,1100,343,101,0
Newbiggin Hall & Callerton,E05016365,WD26,Newcastle upon Tyne,Newcastle upon Tyne,3,All,RFM,RFM,RFM,887,217,235,402,1257,0,0
Ouseburn,E05011455,WD25,Newcastle upon Tyne,Newcastle upon Tyne,3,All,GRN,GRN,GRN,277,54,884,2066,314,0,0
Parklands & North Gosforth,E05016367,WD26,Newcastle upon Tyne,Newcastle upon Tyne,3,All,LDM,LDM,LDM,393,363,2174,763,670,0,0
"Throckley, Walbottle & Newburn",E05016368,WD26,Newcastle upon Tyne,Newcastle upon Tyne,3,All,RFM,RFM,RFM,914,276,150,432,1380,0,0
Walker,E05011458,WD25,Newcastle upon Tyne,Newcastle upon Tyne,3,All,GRN,RFM,RFM,325,69,64,1068,1052,161,75
Walkergate,E05011459,WD25,Newcastle upon Tyne,Newcastle upon Tyne,3,All,RFM,RFM,RFM,724,205,310,653,1514,0,0
West Fenham,E05011460,WD25,Newcastle upon Tyne,Newcastle upon Tyne,3,All,LDM,LDM,LDM,347,85,1135,521,937,0,0
Wingrove,E05011461,WD25,Newcastle upon Tyne,Newcastle upon Tyne,3,All,GRN,GRN,GRN,1076,124,219,1434,447,0,0
Audley,E05011415,WD25,Newcastle-under-Lyme,Newcastle-under-Lyme,3,All,RFM,RFM,RFM,373,557,380,0,1098,0,304
Bradwell,E05011416,WD25,Newcastle-under-Lyme,Newcastle-under-Lyme,3,All,RFM,RFM,RFM,586,407,0,328,1096,0,0
Clayton,E05011417,WD25,Newcastle-under-Lyme,Newcastle-under-Lyme,1,All,RFM,,,204,302,68,0,322,0,0
Crackley & Red Street,E05011418,WD25,Newcastle-under-Lyme,Newcastle-under-Lyme,2,All,RFM,RFM,,316,390,0,179,813,0,0
Cross Heath,E05011419,WD25,Newcastle-under-Lyme,Newcastle-under-Lyme,2,All,RFM,RFM,,448,239,0,266,666,0,0
Holditch & Chesterton,E05011420,WD25,Newcastle-under-Lyme,Newcastle-under-Lyme,2,All,RFM,RFM,,369,168,0,0,566,0,0
Keele,E05011421,WD25,Newcastle-under-Lyme,Newcastle-under-Lyme,1,All,LAB,,,143,118,0,131,82,0,0
Kidsgrove & Ravenscliffe,E05011422,WD25,Newcastle-under-Lyme,Newcastle-under-Lyme,3,All,RFM,RFM,RFM,546,328,0,273,1335,0,77
Knutton,E05011423,WD25,Newcastle-under-Lyme,Newcastle-under-Lyme,1,All,RFM,,,129,54,0,0,359,0,0
Loggerheads,E05011424,WD25,Newcastle-under-Lyme,Newcastle-under-Lyme,2,All,CON,CON,,274,805,0,202,615,0,0
Madeley & Betley,E05011425,WD25,Newcastle-under-Lyme,Newcastle-under-Lyme,2,All,CON,CON,,249,884,0,241,549,0,0
Maer & Whitmore,E05011426,WD25,Newcastle-under-Lyme,Newcastle-under-Lyme,1,All,CON,,,132,562,0,0,428,0,0
May Bank,E05011427,WD25,Newcastle-under-Lyme,Newcastle-under-Lyme,3,All,CON,CON,CON,812,948,0,439,721,0,0
Newchapel & Mow Cop,E05011428,WD25,Newcastle-under-Lyme,Newcastle-under-Lyme,2,All,RFM,RFM,,381,251,0,0,968,236,0
Silverdale,E05011429,WD25,Newcastle-under-Lyme,Newcastle-under-Lyme,2,All,RFM,RFM,,361,199,0,218,735,0,0
Talke & Butt Lane,E05011430,WD25,Newcastle-under-Lyme,Newcastle-under-Lyme,3,All,RFM,RFM,RFM,746,306,0,0,1306,0,0
Thistleberry,E05011431,WD25,Newcastle-under-Lyme,Newcastle-under-Lyme,2,All,CON,CON,,256,607,210,200,405,0,0
Town,E05011432,WD25,Newcastle-under-Lyme,Newcastle-under-Lyme,2,All,LAB,RFM,,345,197,84,263,331,0,0
Westbury Park & Northwood,E05011433,WD25,Newcastle-under-Lyme,Newcastle-under-Lyme,2,All,CON,CON,,238,571,0,227,683,0,0
Westlands,E05011434,WD25,Newcastle-under-Lyme,Newcastle-under-Lyme,3,All,CON,CON,CON,369,1480,0,610,781,0,0
Wolstanton,E05011435,WD25,Newcastle-under-Lyme,Newcastle-under-Lyme,2,All,RFM,RFM,,466,369,0,244,688,0,0
Beckton,E05013904,WD25,Newham,Newham,3,All,LAB,LAB,LAB,1033,299,270,687,601,0,1036
Boleyn,E05013905,WD25,Newham,Newham,3,All,LOC,LOC,LOC,1452,437,175,847,261,0,1989
Canning Town North,E05013906,WD25,Newham,Newham,3,All,GRN,LAB,LAB,706,272,213,651,364,0,610
Canning Town South,E05013907,WD25,Newham,Newham,3,All,LAB,LAB,LAB,507,263,119,454,283,279,395
Custom House,E05013908,WD25,Newham,Newham,3,All,LAB,LAB,LAB,1047,341,244,771,643,343,646
East Ham,E05013909,WD25,Newham,Newham,3,All,LOC,LOC,LOC,1064,456,0,963,352,0,1674
East Ham South,E05013910,WD25,Newham,Newham,3,All,LAB,LAB,LAB,1322,254,198,841,492,960,1067
Forest Gate North,E05013911,WD25,Newham,Newham,2,All,GRN,LAB,,1092,168,146,1145,209,0,659
Forest Gate South,E05013912,WD25,Newham,Newham,3,All,GRN,GRN,GRN,1311,281,246,1522,277,198,913
Green Street East,E05013913,WD25,Newham,Newham,3,All,LOC,LOC,LAB,1409,483,0,799,335,0,1541
Green Street West,E05013914,WD25,Newham,Newham,3,All,LOC,LOC,LOC,1169,259,0,706,222,0,1647
Little Ilford,E05013915,WD25,Newham,Newham,3,All,LOC,LOC,LOC,1497,251,109,734,235,0,1897
Manor Park,E05013916,WD25,Newham,Newham,3,All,LAB,LAB,LAB,1448,457,184,991,222,0,1174
Maryland,E05013917,WD25,Newham,Newham,2,All,GRN,GRN,,785,138,144,1101,244,0,563
Plaistow North,E05013918,WD25,Newham,Newham,3,All,LOC,LAB,LOC,1158,349,136,765,228,0,1640
Plaistow South,E05013919,WD25,Newham,Newham,3,All,LOC,LOC,LOC,797,403,145,671,432,102,1254
Plaistow West & Canning Town East,E05013920,WD25,Newham,Newham,3,All,LAB,LAB,LAB,1112,351,0,900,596,159,925
Plashet,E05013921,WD25,Newham,Newham,2,All,LOC,LOC,,677,348,96,475,172,0,1547
Royal Albert,E05013922,WD25,Newham,Newham,2,All,LAB,GRN,,602,195,203,531,408,0,216
Royal Victoria,E05013923,WD25,Newham,Newham,2,All,GRN,GRN,,715,394,295,1384,405,0,171
Stratford,E05013924,WD25,Newham,Newham,3,All,GRN,GRN,GRN,889,280,279,1428,274,53,343
Stratford Olympic Park,E05013925,WD25,Newham,Newham,2,All,GRN,GRN,,450,123,166,1696,156,0,138
Wall End,E05013926,WD25,Newham,Newham,3,All,LOC,LOC,LOC,1144,876,209,822,606,0,1545
West Ham,E05013927,WD25,Newham,Newham,3,All,GRN,LAB,LAB,1114,327,323,1037,411,0,469
Croft Baker,E05001713,WD25,North East Lincolnshire,North East Lincolnshire,1,All,RFM,,,980,258,156,627,1543,114,0
East Marsh,E05001714,WD25,North East Lincolnshire,North East Lincolnshire,1,All,LDM,,,145,37,675,110,515,0,9
Freshney,E05001715,WD25,North East Lincolnshire,North East Lincolnshire,1,All,RFM,,,231,200,44,120,939,835,0
Haverstoe,E05001716,WD25,North East Lincolnshire,North East Lincolnshire,1,All,RFM,,,425,1020,0,318,1756,0,15
Heneage,E05001717,WD25,North East Lincolnshire,North East Lincolnshire,1,All,RFM,,,446,109,565,183,1064,0,25
Humberston and New Waltham,E05001718,WD25,North East Lincolnshire,North East Lincolnshire,1,All,RFM,,,425,1200,0,318,2032,0,15
Immingham,E05001719,WD25,North East Lincolnshire,North East Lincolnshire,1,All,RFM,,,374,640,103,251,1481,0,26
Park,E05001720,WD25,North East Lincolnshire,North East Lincolnshire,1,All,RFM,,,773,587,208,446,1214,0,15
Scartho,E05001721,WD25,North East Lincolnshire,North East Lincolnshire,1,All,RFM,,,593,891,172,330,1579,0,0
Sidney Sussex,E05001722,WD25,North East Lincolnshire,North East Lincolnshire,1,All,RFM,,,365,226,119,213,1161,0,37
South,E05001723,WD25,North East Lincolnshire,North East Lincolnshire,1,All,RFM,,,420,211,143,0,1081,0,46
Waltham,E05001724,WD25,North East Lincolnshire,North East Lincolnshire,1,All,RFM,,,202,956,98,177,1037,0,0
West Marsh,E05001725,WD25,North East Lincolnshire,North East Lincolnshire,1,All,RFM,,,259,74,54,156,574,0,38
Wolds,E05001726,WD25,North East Lincolnshire,North East Lincolnshire,1,All,RFM,,,153,547,85,171,953,914,0
Yarborough,E05001727,WD25,North East Lincolnshire,North East Lincolnshire,1,All,RFM,,,247,193,64,188,1272,655,0
Backworth & Holystone,E05015865,WD25,North Tyneside,North Tyneside,1,All,LAB,,,1042,279,0,358,973,0,0
Battle Hill,E05015866,WD25,North Tyneside,North Tyneside,1,All,RFM,,,1058,231,0,413,1299,0,0
Camperdown,E05015867,WD25,North Tyneside,North Tyneside,1,All,RFM,,,818,260,0,390,1010,0,0
Chirton & Percy Main,E05015868,WD25,North Tyneside,North Tyneside,1,All,RFM,,,633,208,0,544,1353,0,81
Cullercoats & Whitley Bay South,E05015869,WD25,North Tyneside,North Tyneside,1,All,LAB,,,1473,646,257,1192,1015,0,49
Forest Hall,E05015870,WD25,North Tyneside,North Tyneside,1,All,LAB,,,1204,238,0,500,916,0,564
Howdon,E05015871,WD25,North Tyneside,North Tyneside,1,All,RFM,,,736,190,0,500,1294,0,0
Killingworth,E05015872,WD25,North Tyneside,North Tyneside,1,All,RFM,,,899,303,0,333,1134,0,0
Longbenton & Benton,E05015873,WD25,North Tyneside,North Tyneside,1,All,LAB,,,1019,163,149,612,885,0,0
Monkseaton,E05015874,WD25,North Tyneside,North Tyneside,1,All,LAB,,,1470,612,346,783,1149,0,0
New York & Murton,E05015875,WD25,North Tyneside,North Tyneside,1,All,RFM,,,386,588,0,367,800,0,0
North Shields,E05015876,WD25,North Tyneside,North Tyneside,1,All,GRN,,,934,274,154,1156,938,0,0
Preston with Preston Grange,E05015877,WD25,North Tyneside,North Tyneside,1,All,CON,,,902,1343,0,651,909,0,0
Shiremoor,E05015878,WD25,North Tyneside,North Tyneside,1,All,RFM,,,576,237,0,1012,1076,0,0
St Mary's,E05015879,WD25,North Tyneside,North Tyneside,1,All,IND,,,729,1207,135,393,801,1507,0
Tynemouth,E05015880,WD25,North Tyneside,North Tyneside,1,All,CON,,,1312,1680,0,690,644,0,0
Wallsend Central,E05015881,WD25,North Tyneside,North Tyneside,1,All,RFM,,,945,187,0,700,1022,0,0
Wallsend North,E05015882,WD25,North Tyneside,North Tyneside,1,All,RFM,,,906,226,317,429,1463,0,0
Weetslade,E05015883,WD25,North Tyneside,North Tyneside,1,All,RFM,,,979,488,0,465,1531,0,0
Whitley Bay North,E05015884,WD25,North Tyneside,North Tyneside,1,All,GRN,,,1586,331,215,1868,702,0,0
Bowthorpe,E05012901,WD25,Norwich,Norwich,1,All,GRN,,,673,170,110,980,898,0,0
Catton Grove,E05012902,WD25,Norwich,Norwich,1,All,RFM,,,857,273,168,910,969,0,0
Crome,E05012903,WD25,Norwich,Norwich,1,All,RFM,,,968,285,159,735,1143,0,77
Eaton,E05012904,WD25,Norwich,Norwich,1,All,LDM,,,568,367,2169,896,723,0,0
Lakenham,E05012905,WD25,Norwich,Norwich,1,All,GRN,,,826,202,158,1304,840,0,0
Mancroft,E05012906,WD25,Norwich,Norwich,1,All,GRN,,,377,173,150,1784,575,0,0
Mile Cross,E05012907,WD25,Norwich,Norwich,1,All,GRN,,,382,145,90,1503,878,0,0
Nelson,E05012908,WD25,Norwich,Norwich,1,All,GRN,,,901,159,189,3138,343,0,45
Sewell,E05012909,WD25,Norwich,Norwich,1,All,GRN,,,542,146,146,2405,557,0,0
Thorpe Hamlet,E05012910,WD25,Norwich,Norwich,1,All,GRN,,,1112,281,154,1622,590,0,0
Town Close,E05012911,WD25,Norwich,Norwich,1,All,GRN,,,1313,309,185,1973,526,0,0
University,E05012912,WD25,Norwich,Norwich,1,All,GRN,,,578,132,455,1384,672,0,0
Wensum,E05012913,WD25,Norwich,Norwich,2,All,GRN,GRN,,1048,337,282,3347,1610,0,0
Arbury,E05015827,WD25,Nuneaton and Bedworth,Nuneaton and Bedworth,1,All,RFM,,,324,396,111,264,958,0,8
Attleborough,E05015828,WD25,Nuneaton and Bedworth,Nuneaton and Bedworth,1,All,RFM,,,355,365,0,316,900,0,0
Bede,E05015829,WD25,Nuneaton and Bedworth,Nuneaton and Bedworth,1,All,RFM,,,618,364,0,0,1320,0,0
Bulkington,E05015830,WD25,Nuneaton and Bedworth,Nuneaton and Bedworth,1,All,RFM,,,247,804,0,244,956,0,0
Camp Hill,E05015831,WD25,Nuneaton and Bedworth,Nuneaton and Bedworth,1,All,RFM,,,370,185,0,285,740,0,24
Chilvers Coton,E05015832,WD25,Nuneaton and Bedworth,Nuneaton and Bedworth,1,All,LAB,,,627,152,0,367,609,0,13
Eastboro,E05015833,WD25,Nuneaton and Bedworth,Nuneaton and Bedworth,1,All,RFM,,,225,528,0,364,647,0,0
Exhall,E05015834,WD25,Nuneaton and Bedworth,Nuneaton and Bedworth,1,All,RFM,,,377,357,0,314,840,0,39
Galley Common,E05015835,WD25,Nuneaton and Bedworth,Nuneaton and Bedworth,1,All,RFM,,,316,384,0,312,1159,0,0
Heath,E05015836,WD25,Nuneaton and Bedworth,Nuneaton and Bedworth,1,All,RFM,,,425,324,169,200,1121,0,0
Milby,E05015837,WD25,Nuneaton and Bedworth,Nuneaton and Bedworth,1,All,GRN,,,80,304,0,639,404,0,0
Poplar,E05015838,WD25,Nuneaton and Bedworth,Nuneaton and Bedworth,1,All,RFM,,,326,461,0,346,746,0,0
Slough,E05015839,WD25,Nuneaton and Bedworth,Nuneaton and Bedworth,1,All,RFM,,,350,691,0,184,1063,0,32
St Mary's,E05015840,WD25,Nuneaton and Bedworth,Nuneaton and Bedworth,1,All,LAB,,,770,194,0,329,639,0,32
St Nicolas,E05015841,WD25,Nuneaton and Bedworth,Nuneaton and Bedworth,1,All,RFM,,,224,684,0,636,844,0,0
Stockingford East,E05015842,WD25,Nuneaton and Bedworth,Nuneaton and Bedworth,1,All,RFM,,,427,261,0,292,856,0,21
Stockingford West,E05015843,WD25,Nuneaton and Bedworth,Nuneaton and Bedworth,1,All,RFM,,,355,224,0,236,1086,0,0
Weddington,E05015844,WD25,Nuneaton and Bedworth,Nuneaton and Bedworth,1,All,GRN,,,122,266,54,969,775,0,0
Whitestone,E05015845,WD25,Nuneaton and Bedworth,Nuneaton and Bedworth,1,All,RFM,,,322,1019,0,278,1052,0,0
Alexandra,E05014646,WD25,Oldham,Oldham,1,All,LOC,,,989,0,85,228,689,29,1598
Chadderton Central,E05014647,WD25,Oldham,Oldham,1,All,LAB,,,1215,88,149,456,1015,892,0
Chadderton North,E05014648,WD25,Oldham,Oldham,1,All,RFM,,,948,285,141,502,2107,0,0
Chadderton South,E05014649,WD25,Oldham,Oldham,1,All,RFM,,,709,256,103,539,1833,0,351
Coldhurst,E05014650,WD25,Oldham,Oldham,1,All,IND,,,1471,0,128,464,473,1892,0
Crompton,E05014651,WD25,Oldham,Oldham,1,All,RFM,,,227,153,1036,250,1773,232,79
Failsworth East,E05014652,WD25,Oldham,Oldham,1,All,RFM,,,474,101,60,369,2050,0,430
Failsworth West,E05014653,WD25,Oldham,Oldham,1,All,RFM,,,584,88,95,507,1878,0,205
Hollinwood,E05014654,WD25,Oldham,Oldham,1,All,RFM,,,866,0,164,359,1472,0,830
Medlock Vale,E05014655,WD25,Oldham,Oldham,1,All,LAB,,,1283,0,198,432,983,0,777
Royton North,E05014656,WD25,Oldham,Oldham,1,All,RFM,,,586,569,169,412,2502,0,0
Royton South,E05014657,WD25,Oldham,Oldham,1,All,RFM,,,645,267,144,368,1922,143,0
Saddleworth North,E05014658,WD25,Oldham,Oldham,1,All,RFM,,,432,488,1289,330,1752,0,0
Saddleworth South,E05014659,WD25,Oldham,Oldham,1,All,LDM,,,602,417,1594,344,1592,0,0
Saddleworth West & Lees,E05014660,WD25,Oldham,Oldham,1,All,RFM,,,279,143,1636,238,1808,0,0
Shaw,E05014661,WD25,Oldham,Oldham,1,All,RFM,,,336,53,955,253,1555,177,175
St James',E05014662,WD25,Oldham,Oldham,1,All,RFM,,,576,209,158,284,1938,0,22
St Mary's,E05014663,WD25,Oldham,Oldham,1,All,LOC,,,1465,0,110,321,368,0,2554
Waterhead,E05014664,WD25,Oldham,Oldham,1,All,RFM,,,954,0,266,394,1459,132,1034
Werneth,E05014665,WD25,Oldham,Oldham,1,All,LAB,,,1748,0,102,364,247,864,1602
Barton & Sandhills,E05013096,WD25,Oxford,Oxford,1,All,LAB,,,578,124,96,237,336,165,29
Blackbird Leys,E05013097,WD25,Oxford,Oxford,1,All,LAB,,,588,71,49,151,337,0,17
Carfax & Jericho,E05013098,WD25,Oxford,Oxford,1,All,GRN,,,523,84,123,811,75,0,0
Churchill,E05013099,WD25,Oxford,Oxford,1,All,LAB,,,570,133,75,397,231,0,0
Cowley,E05013100,WD25,Oxford,Oxford,1,All,GRN,,,291,58,69,1031,219,565,0
Cutteslowe & Sunnymead,E05013101,WD25,Oxford,Oxford,1,All,LDM,,,351,388,1044,396,165,0,0
Donnington,E05013102,WD25,Oxford,Oxford,1,All,GRN,,,267,41,58,980,109,468,0
Headington,E05013103,WD25,Oxford,Oxford,1,All,LDM,,,511,185,927,422,181,0,0
Headington Hill & Northway,E05013104,WD25,Oxford,Oxford,1,All,LAB,,,650,85,48,238,137,0,435
Hinksey Park,E05013105,WD25,Oxford,Oxford,1,All,LAB,,,1012,107,127,665,122,0,0
Holywell,E05013106,WD25,Oxford,Oxford,1,All,GRN,,,186,75,120,808,0,0,0
Littlemore,E05013107,WD25,Oxford,Oxford,1,All,LAB,,,726,89,27,251,210,400,0
Lye Valley,E05013108,WD25,Oxford,Oxford,1,All,GRN,,,474,124,76,500,248,0,0
Marston,E05013109,WD25,Oxford,Oxford,1,All,GRN,,,369,69,44,969,146,0,749
Northfield Brook,E05013110,WD25,Oxford,Oxford,1,All,LAB,,,488,82,62,207,367,0,0
Osney & St Thomas,E05013111,WD25,Oxford,Oxford,1,All,GRN,,,594,101,84,912,114,0,0
Quarry & Risinghurst,E05013112,WD25,Oxford,Oxford,1,All,LAB,,,943,96,568,344,255,0,317
Rose Hill & Iffley,E05013113,WD25,Oxford,Oxford,1,All,LAB,,,952,60,59,299,203,0,458
St Clement's,E05013114,WD25,Oxford,Oxford,1,All,GRN,,,403,72,65,875,88,0,0
St Mary's,E05013115,WD25,Oxford,Oxford,1,All,GRN,,,473,82,105,1154,86,0,0
Summertown,E05013116,WD25,Oxford,Oxford,1,All,LDM,,,486,254,836,318,96,0,0
Temple Cowley,E05013117,WD25,Oxford,Oxford,1,All,IND,,,331,39,69,535,109,700,0
Walton Manor,E05013118,WD25,Oxford,Oxford,1,All,LAB,,,664,134,443,422,60,0,0
Wolvercote,E05013119,WD25,Oxford,Oxford,1,All,LDM,,,124,88,908,308,114,0,571
Barnoldswick,E05015546,WD25,Pendle,Pendle,1,All,LDM,,,103,235,970,230,889,0,0
Barrowford & Pendleside,E05013201,WD25,Pendle,Pendle,1,All,CON,,,461,1115,105,273,1100,0,0
Boulsworth & Foulridge,E05013202,WD25,Pendle,Pendle,1,All,RFM,,,230,1048,223,279,1151,0,0
Bradley,E05013203,WD25,Pendle,Pendle,1,All,IND,,,187,173,65,192,365,990,0
Brierfield East & Clover Hill,E05013204,WD25,Pendle,Pendle,1,All,IND,,,155,215,65,163,483,1253,0
Brierfield West & Reedley,E05013205,WD25,Pendle,Pendle,0,All,,,,0,0,0,0,0,0,0
Earby & Coates,E05015547,WD25,Pendle,Pendle,1,All,RFM,,,119,294,1060,203,1067,0,0
Fence & Higham,E05013207,WD25,Pendle,Pendle,0,All,,,,0,0,0,0,0,0,0
Marsden & Southfield,E05013208,WD25,Pendle,Pendle,1,All,IND,,,160,232,66,167,603,777,0
Vivary Bridge,E05013209,WD25,Pendle,Pendle,1,All,RFM,,,91,310,483,130,716,0,0
Waterside & Horsfield,E05013210,WD25,Pendle,Pendle,1,All,RFM,,,121,318,570,192,798,0,0
Whitefield & Walverden,E05013211,WD25,Pendle,Pendle,1,All,IND,,,318,155,38,209,208,982,171
Barnack,E05010805,WD25,Peterborough,Peterborough,0,All,,,,0,0,0,0,0,0,0
Bretton,E05010806,WD25,Peterborough,Peterborough,1,All,RFM,,,407,627,124,239,687,0,0
Central,E05010807,WD25,Peterborough,Peterborough,1,All,LAB,,,1106,403,173,1069,399,0,45
Dogsthorpe,E05010808,WD25,Peterborough,Peterborough,1,All,CON,,,431,692,103,390,579,36,0
East,E05010809,WD25,Peterborough,Peterborough,1,All,LAB,,,939,753,111,297,562,0,0
"Eye, Thorney and Newborough",E05010810,WD25,Peterborough,Peterborough,1,All,RFM,,,230,1064,133,331,1355,0,0
Fletton and Stanground,E05010811,WD25,Peterborough,Peterborough,1,All,LDM,,,275,255,919,0,874,0,41
Fletton and Woodston,E05010812,WD25,Peterborough,Peterborough,1,All,GRN,,,254,428,0,1007,714,258,0
Glinton and Castor,E05010813,WD25,Peterborough,Peterborough,0,All,,,,0,0,0,0,0,0,0
Gunthorpe,E05010814,WD25,Peterborough,Peterborough,1,All,LDM,,,162,401,1230,0,912,0,0
Hampton Vale,E05010815,WD25,Peterborough,Peterborough,1,All,LDM,,,170,281,558,299,463,0,0
Hargate and Hempsted,E05010816,WD25,Peterborough,Peterborough,1,All,CON,,,318,674,164,478,652,0,0
North,E05010817,WD25,Peterborough,Peterborough,1,All,CON,,,738,812,0,363,421,0,0
Orton Longueville,E05010818,WD25,Peterborough,Peterborough,1,All,RFM,,,255,322,255,691,775,502,0
Orton Waterville,E05010819,WD25,Peterborough,Peterborough,1,All,GRN,,,174,310,0,1187,897,559,0
Park,E05010820,WD25,Peterborough,Peterborough,1,All,CON,,,655,1009,124,648,315,115,0
Paston and Walton,E05010821,WD25,Peterborough,Peterborough,1,All,CON,,,186,1000,714,0,666,0,78
Ravensthorpe,E05010822,WD25,Peterborough,Peterborough,1,All,CON,,,329,1214,114,699,638,0,0
Stanground South,E05010823,WD25,Peterborough,Peterborough,1,All,RFM,,,229,325,77,291,902,80,450
Werrington,E05010824,WD25,Peterborough,Peterborough,1,All,LOC,,,265,393,0,0,979,0,1448
West,E05010825,WD25,Peterborough,Peterborough,0,All,,,,0,0,0,0,0,0,0
Wittering,E05010826,WD25,Peterborough,Peterborough,0,All,,,,0,0,0,0,0,0,0
Budshead,E05002078,WD25,Plymouth,Plymouth,1,All,RFM,,,513,633,149,353,1544,611,0
Compton,E05002079,WD25,Plymouth,Plymouth,1,All,RFM,,,1248,678,399,729,1418,0,0
Devonport,E05002080,WD25,Plymouth,Plymouth,1,All,RFM,,,1089,300,151,602,1509,70,30
Drake,E05002081,WD25,Plymouth,Plymouth,1,All,GRN,,,798,89,63,1019,485,183,12
Efford and Lipson,E05002082,WD25,Plymouth,Plymouth,1,All,RFM,,,1057,293,189,726,1543,0,27
Eggbuckland,E05002083,WD25,Plymouth,Plymouth,1,All,RFM,,,648,948,303,382,1723,151,0
Ham,E05002084,WD25,Plymouth,Plymouth,1,All,RFM,,,785,378,169,427,1649,295,15
Honicknowle,E05002085,WD25,Plymouth,Plymouth,1,All,RFM,,,835,307,175,348,1868,0,0
Moor View,E05002086,WD25,Plymouth,Plymouth,1,All,RFM,,,713,688,233,376,2076,0,16
Peverell,E05002087,WD25,Plymouth,Plymouth,1,All,LAB,,,1911,732,206,828,1442,0,80
Plympton Chaddlewood,E05002088,WD25,Plymouth,Plymouth,1,All,RFM,,,106,309,55,877,1013,137,0
Plympton Erle,E05002089,WD25,Plymouth,Plymouth,0,All,,,,0,0,0,0,0,0,0
Plympton St Mary,E05002090,WD25,Plymouth,Plymouth,1,All,RFM,,,340,1383,205,422,1448,620,0
Plymstock Dunstone,E05002091,WD25,Plymouth,Plymouth,1,All,RFM,,,870,1232,565,401,1791,0,0
Plymstock Radford,E05002092,WD25,Plymouth,Plymouth,1,All,CON,,,767,1799,326,603,1708,0,0
Southway,E05002095,WD25,Plymouth,Plymouth,1,All,RFM,,,622,589,206,475,1733,109,14
St Budeaux,E05002093,WD25,Plymouth,Plymouth,1,All,RFM,,,538,512,0,584,1627,0,0
St Peter and the Waterfront,E05002094,WD25,Plymouth,Plymouth,1,All,RFM,,,1250,426,225,1072,1297,85,51
Stoke,E05002096,WD25,Plymouth,Plymouth,1,All,LAB,,,1665,320,174,834,1294,59,19
Sutton and Mount Gould,E05002097,WD25,Plymouth,Plymouth,1,All,GRN,,,942,251,157,1725,1163,0,25
Baffins,E05002441,WD25,Portsmouth,Portsmouth,1,All,LDM,,,342,2015,2100,486,327,0,0
Central Southsea,E05002442,WD25,Portsmouth,Portsmouth,1,All,LDM,,,856,195,1996,978,661,0,0
Charles Dickens,E05002443,WD25,Portsmouth,Portsmouth,1,All,RFM,,,697,154,906,562,993,0,0
Copnor,E05002444,WD25,Portsmouth,Portsmouth,1,All,RFM,,,478,1095,500,520,1616,0,0
Cosham,E05002445,WD25,Portsmouth,Portsmouth,1,All,RFM,,,1747,0,374,425,1881,0,0
Drayton and Farlington,E05002446,WD25,Portsmouth,Portsmouth,1,All,CON,,,648,1841,413,422,1817,0,0
Eastney and Craneswater,E05002447,WD25,Portsmouth,Portsmouth,1,All,LDM,,,472,551,1900,619,1117,0,0
Fratton,E05002448,WD25,Portsmouth,Portsmouth,1,All,LDM,,,454,186,1518,542,1162,0,0
Hilsea,E05002449,WD25,Portsmouth,Portsmouth,1,All,RFM,,,562,470,526,574,2067,0,0
Milton,E05002450,WD25,Portsmouth,Portsmouth,1,All,LDM,,,367,203,2233,779,1273,0,0
Nelson,E05002451,WD25,Portsmouth,Portsmouth,1,All,LDM,,,281,168,1499,347,1350,0,0
Paulsgrove,E05002452,WD25,Portsmouth,Portsmouth,1,All,RFM,,,347,467,319,315,1963,0,0
St Jude,E05002453,WD25,Portsmouth,Portsmouth,1,All,LDM,,,795,218,1654,636,670,0,0
St Thomas,E05002454,WD25,Portsmouth,Portsmouth,1,All,LDM,,,379,330,1646,666,784,0,0
Ashton,E05012193,WD25,Preston,Preston,1,All,LDM,,,428,136,836,373,723,0,0
Brookfield,E05012194,WD25,Preston,Preston,1,All,RFM,,,437,118,106,237,665,0,0
Cadley,E05012195,WD25,Preston,Preston,1,All,LDM,,,304,192,1037,282,762,0,0
City Centre,E05012196,WD25,Preston,Preston,1,All,GRN,,,572,199,119,821,357,0,0
Deepdale,E05012197,WD25,Preston,Preston,1,All,LAB,,,1219,82,87,636,231,0,0
Fishwick & Frenchwood,E05012198,WD25,Preston,Preston,1,All,LAB,,,846,115,73,594,298,0,0
Garrison,E05012199,WD25,Preston,Preston,1,All,LAB,,,983,254,239,356,774,64,0
Greyfriars,E05012200,WD25,Preston,Preston,1,All,LDM,,,309,309,1258,294,622,0,0
Ingol & Cottam,E05012201,WD25,Preston,Preston,1,All,LDM,,,163,281,1248,239,821,0,0
Lea & Larches,E05012202,WD25,Preston,Preston,1,All,RFM,,,222,79,823,162,829,0,0
Plungington,E05012203,WD25,Preston,Preston,1,All,GRN,,,538,81,108,641,438,0,22
Preston Rural East,E05012204,WD25,Preston,Preston,1,All,RFM,,,345,980,610,523,1172,0,0
Preston Rural North,E05012205,WD25,Preston,Preston,1,All,RFM,,,212,515,932,244,983,0,0
Ribbleton,E05012206,WD25,Preston,Preston,1,All,RFM,,,340,89,72,20,625,0,0
Sharoe Green,E05012208,WD25,Preston,Preston,1,All,LDM,,,323,552,975,351,638,0,0
St Matthew's,E05012207,WD25,Preston,Preston,1,All,LAB,,,618,71,59,270,297,396,0
Abbey,E05013864,WD25,Reading,Reading,1,All,GRN,,,683,279,139,792,202,0,9
Battle,E05013865,WD25,Reading,Reading,1,All,LAB,,,1180,207,118,998,335,0,0
Caversham,E05013866,WD25,Reading,Reading,1,All,LAB,,,1438,549,225,920,600,0,0
Caversham Heights,E05013867,WD25,Reading,Reading,2,All,CON,CON,,1088,1900,416,866,580,0,0
Church,E05013868,WD25,Reading,Reading,1,All,LAB,,,1095,362,163,468,680,0,0
Coley,E05013869,WD25,Reading,Reading,1,All,GRN,,,964,367,166,973,445,0,0
Emmer Green,E05013870,WD25,Reading,Reading,1,All,CON,,,770,1143,290,1103,805,0,0
Katesgrove,E05013871,WD25,Reading,Reading,1,All,GRN,,,604,281,109,1340,279,0,0
Kentwood,E05013872,WD25,Reading,Reading,1,All,LAB,,,1014,775,127,476,736,0,0
Norcot,E05013873,WD25,Reading,Reading,1,All,LAB,,,967,293,221,558,641,0,51
Park,E05013874,WD25,Reading,Reading,1,All,GRN,,,591,149,71,1872,190,0,0
Redlands,E05013875,WD25,Reading,Reading,1,All,GRN,,,708,179,122,1549,254,0,16
Southcote,E05013876,WD25,Reading,Reading,1,All,LAB,,,1032,408,188,614,623,0,0
Thames,E05013877,WD25,Reading,Reading,1,All,GRN,,,750,308,183,1031,351,0,13
Tilehurst,E05013878,WD25,Reading,Reading,1,All,LDM,,,439,288,1144,343,763,0,0
Whitley,E05013879,WD25,Reading,Reading,1,All,LAB,,,919,473,205,449,612,0,0
Aldborough,E05011234,WD25,Redbridge,Redbridge,3,All,LAB,LAB,LAB,1874,809,160,790,564,432,631
Barkingside,E05011235,WD25,Redbridge,Redbridge,3,All,LAB,LAB,LAB,1785,1145,313,0,680,0,1472
Bridge,E05011236,WD25,Redbridge,Redbridge,3,All,CON,CON,CON,942,1475,191,951,1068,0,0
Chadwell,E05011237,WD25,Redbridge,Redbridge,3,All,LAB,LOC,GRN,1171,723,369,946,586,0,1060
Churchfields,E05011238,WD25,Redbridge,Redbridge,3,All,LAB,LAB,LAB,1808,1072,426,0,1004,1143,0
Clayhall,E05011239,WD25,Redbridge,Redbridge,3,All,LAB,LAB,LAB,1529,923,155,864,457,0,850
Clementswood,E05011240,WD25,Redbridge,Redbridge,3,All,LAB,LAB,LOC,1065,527,148,640,219,0,915
Cranbrook,E05011241,WD25,Redbridge,Redbridge,3,All,LOC,LAB,LOC,1143,626,239,651,273,718,1200
Fairlop,E05011242,WD25,Redbridge,Redbridge,3,All,LAB,LAB,LAB,1387,1034,263,772,1082,0,0
Fullwell,E05011243,WD25,Redbridge,Redbridge,3,All,LAB,LAB,LAB,1868,746,0,901,946,0,490
Goodmayes,E05011244,WD25,Redbridge,Redbridge,3,All,LAB,LAB,LAB,1140,519,0,677,379,0,951
Hainault,E05011245,WD25,Redbridge,Redbridge,3,All,LAB,LAB,RFM,1573,516,261,846,1378,0,613
Ilford Town,E05011246,WD25,Redbridge,Redbridge,2,All,LAB,LOC,,910,428,113,462,302,0,905
Loxford,E05011247,WD25,Redbridge,Redbridge,3,All,LAB,LAB,LAB,1173,366,0,884,241,0,558
Mayfield,E05011248,WD25,Redbridge,Redbridge,3,All,LAB,LAB,LOC,1306,442,0,725,380,0,1286
Monkhams,E05011249,WD25,Redbridge,Redbridge,2,All,CON,CON,,545,2055,260,518,568,0,0
Newbury,E05011250,WD25,Redbridge,Redbridge,3,All,LAB,LAB,LAB,1683,444,0,694,370,0,1215
Seven Kings,E05011251,WD25,Redbridge,Redbridge,3,All,LOC,LAB,LAB,1156,519,0,627,355,0,1322
South Woodford,E05011252,WD25,Redbridge,Redbridge,3,All,LAB,GRN,GRN,1464,978,324,1309,633,0,0
Valentines,E05011253,WD25,Redbridge,Redbridge,3,All,LOC,LAB,LOC,1501,408,138,624,294,0,1576
Wanstead Park,E05011254,WD25,Redbridge,Redbridge,2,All,LAB,GRN,,1183,349,175,1156,384,0,0
Wanstead Village,E05011255,WD25,Redbridge,Redbridge,3,All,LAB,GRN,LAB,1715,726,782,1478,649,0,0
Astwood Bank & Feckenham,E05015615,WD25,Redditch,Redditch,1,All,RFM,,,425,990,176,369,1140,0,0
Batchley & Brockhill,E05015616,WD25,Redditch,Redditch,1,All,RFM,,,533,400,125,512,1038,0,0
Central,E05015617,WD25,Redditch,Redditch,1,All,LAB,,,652,237,74,555,614,0,0
Greenlands & Lakeside,E05015618,WD25,Redditch,Redditch,1,All,RFM,,,652,381,158,385,1086,0,0
Headless Cross & Oakenshaw,E05015619,WD25,Redditch,Redditch,1,All,RFM,,,595,526,338,378,1190,0,0
Matchborough & Woodrow,E05015620,WD25,Redditch,Redditch,1,All,RFM,,,421,453,107,296,947,0,0
North,E05015621,WD25,Redditch,Redditch,1,All,RFM,,,496,600,178,275,1177,0,0
Webheath & Callow Hill,E05015622,WD25,Redditch,Redditch,1,All,RFM,,,261,720,93,1072,1177,0,0
Winyates,E05015623,WD25,Redditch,Redditch,1,All,RFM,,,475,484,159,327,1212,0,0
Barnes,E05013774,WD25,Richmond upon Thames,Richmond upon Thames,3,All,LDM,LDM,LDM,151,1365,1800,397,380,105,0
East Sheen,E05013775,WD25,Richmond upon Thames,Richmond upon Thames,3,All,LDM,LDM,LDM,177,1069,2198,546,360,0,0
Fulwell & Hampton Hill,E05013776,WD25,Richmond upon Thames,Richmond upon Thames,3,All,LDM,LDM,LDM,199,589,2289,1188,420,0,0
"Ham, Petersham & Richmond Riverside",E05013777,WD25,Richmond upon Thames,Richmond upon Thames,3,All,LDM,LDM,LDM,113,470,2097,1154,480,0,0
Hampton,E05013778,WD25,Richmond upon Thames,Richmond upon Thames,3,All,LDM,LDM,LDM,144,946,2117,544,468,0,0
Hampton North,E05013779,WD25,Richmond upon Thames,Richmond upon Thames,3,All,LDM,LDM,LDM,174,535,1767,431,565,0,0
Hampton Wick & South Teddington,E05013780,WD25,Richmond upon Thames,Richmond upon Thames,3,All,LDM,LDM,LDM,229,818,2436,609,440,0,0
Heathfield,E05013781,WD25,Richmond upon Thames,Richmond upon Thames,3,All,LDM,LDM,LDM,233,481,1572,422,620,0,0
Kew,E05013782,WD25,Richmond upon Thames,Richmond upon Thames,3,All,LDM,LDM,LDM,195,1157,2212,717,416,0,0
Mortlake & Barnes Common,E05013783,WD25,Richmond upon Thames,Richmond upon Thames,3,All,LDM,LDM,LDM,341,1065,1637,767,444,0,0
North Richmond,E05013784,WD25,Richmond upon Thames,Richmond upon Thames,3,All,LDM,LDM,LDM,176,584,2191,575,438,0,0
South Richmond,E05013786,WD25,Richmond upon Thames,Richmond upon Thames,3,All,LDM,LDM,LDM,168,962,1758,801,417,0,0
South Twickenham,E05013787,WD25,Richmond upon Thames,Richmond upon Thames,3,All,LDM,LDM,LDM,183,630,2121,1333,395,0,0
St Margarets & North Twickenham,E05013785,WD25,Richmond upon Thames,Richmond upon Thames,3,All,LDM,LDM,LDM,234,630,2480,667,374,0,0
Teddington,E05013788,WD25,Richmond upon Thames,Richmond upon Thames,3,All,LDM,LDM,LDM,208,625,2613,683,442,0,0
Twickenham Riverside,E05013789,WD25,Richmond upon Thames,Richmond upon Thames,3,All,LDM,LDM,LDM,226,698,2299,833,363,0,0
West Twickenham,E05013790,WD25,Richmond upon Thames,Richmond upon Thames,3,All,LDM,LDM,LDM,175,521,2210,711,492,0,0
Whitton,E05013791,WD25,Richmond upon Thames,Richmond upon Thames,3,All,LDM,LDM,LDM,254,580,1933,534,666,0,0
Balderstone & Kirkholt,E05014033,WD25,Rochdale,Rochdale,1,All,RFM,,,772,160,129,349,1205,0,275
Bamford,E05014034,WD25,Rochdale,Rochdale,1,All,CON,,,466,1230,0,566,1009,0,293
Castleton,E05014035,WD25,Rochdale,Rochdale,1,All,RFM,,,719,197,150,638,1379,0,0
Central Rochdale,E05014036,WD25,Rochdale,Rochdale,1,All,WPB,,,1424,77,0,395,269,0,1944
East Middleton,E05014037,WD25,Rochdale,Rochdale,1,All,LAB,,,1315,149,0,265,1215,0,337
Healey,E05014038,WD25,Rochdale,Rochdale,1,All,RFM,,,772,190,528,441,1300,0,237
Hopwood Hall,E05014039,WD25,Rochdale,Rochdale,1,All,RFM,,,856,319,157,290,1536,0,52
Kingsway,E05014040,WD25,Rochdale,Rochdale,1,All,LAB,,,1176,132,117,364,812,0,820
Littleborough Lakeside,E05014041,WD25,Rochdale,Rochdale,1,All,RFM,,,1170,454,125,274,1391,0,0
Milkstone & Deeplish,E05014042,WD25,Rochdale,Rochdale,1,All,WPB,,,1017,38,64,296,161,0,1560
Milnrow & Newhey,E05014043,WD25,Rochdale,Rochdale,1,All,RFM,,,519,128,1306,217,1400,0,13
Norden,E05014044,WD25,Rochdale,Rochdale,1,All,CON,,,495,1662,154,431,1193,0,0
North Heywood,E05014045,WD25,Rochdale,Rochdale,1,All,RFM,,,597,144,123,310,1365,0,0
North Middleton,E05014046,WD25,Rochdale,Rochdale,1,All,RFM,,,562,141,73,410,1450,0,599
Smallbridge & Firgrove,E05014047,WD25,Rochdale,Rochdale,1,All,LDM,,,683,126,917,332,850,160,0
South Middleton,E05014048,WD25,Rochdale,Rochdale,1,All,RFM,,,1238,308,176,392,1674,0,0
Spotland & Falinge,E05014049,WD25,Rochdale,Rochdale,1,All,RFM,,,1009,134,689,307,1018,35,151
"Wardle, Shore & West Littleborough",E05014050,WD25,Rochdale,Rochdale,1,All,RFM,,,451,1209,169,328,1466,0,39
West Heywood,E05014051,WD25,Rochdale,Rochdale,1,All,RFM,,,921,151,213,215,1474,0,0
West Middleton,E05014052,WD25,Rochdale,Rochdale,1,All,RFM,,,791,229,0,388,936,0,0
Downhall and Rawreth,E05010844,WD25,Rochford,Rochford,2,All,RFM,LDM,,132,613,746,193,976,0,0
Foulness and The Wakerings,E05010845,WD25,Rochford,Rochford,1,All,IND,,,0,315,49,170,892,1108,0
Hawkwell East,E05010846,WD25,Rochford,Rochford,2,All,RFM,RFM,,113,393,158,350,947,271,450
Hawkwell West,E05010847,WD25,Rochford,Rochford,1,All,RFM,,,110,607,380,253,1043,0,0
Hockley,E05010848,WD25,Rochford,Rochford,1,All,RFM,,,125,638,240,230,901,269,0
Hockley and Ashingdon,E05010849,WD25,Rochford,Rochford,1,All,RFM,,,87,926,626,144,952,0,0
Hullbridge,E05010850,WD25,Rochford,Rochford,1,All,RFM,,,140,533,0,652,1571,0,0
Lodge,E05010851,WD25,Rochford,Rochford,1,All,RFM,,,0,706,457,233,1103,0,0
Roche North and Rural,E05010852,WD25,Rochford,Rochford,1,All,RFM,,,197,516,119,296,1065,0,0
Roche South,E05010853,WD25,Rochford,Rochford,1,All,RFM,,,232,645,92,237,813,0,0
Sweyne Park and Grange,E05010854,WD25,Rochford,Rochford,1,All,RFM,,,82,387,379,186,911,0,349
Trinity,E05010855,WD25,Rochford,Rochford,1,All,RFM,,,129,868,605,175,1013,0,0
Wheatley,E05010856,WD25,Rochford,Rochford,1,All,RFM,,,59,691,741,153,935,0,0
Admirals and Cawston,E05010758,WD25,Rugby,Rugby,1,All,RFM,,,542,673,484,298,856,0,0
Benn,E05008974,WD25,Rugby,Rugby,1,All,LAB,,,786,257,123,398,391,0,0
Bilton,E05008975,WD25,Rugby,Rugby,2,All,LDM,LDM,,223,621,811,242,701,0,0
"Clifton, Newton and Churchover",E05008976,WD25,Rugby,Rugby,0,All,,,,0,0,0,0,0,0,0
Coton and Boughton,E05008977,WD25,Rugby,Rugby,1,All,RFM,,,584,567,201,314,733,0,0
Dunsmore,E05010759,WD25,Rugby,Rugby,1,All,LDM,,,264,954,1147,314,1108,0,0
Eastlands,E05008986,WD25,Rugby,Rugby,1,All,LDM,,,260,262,930,312,604,0,0
Hillmorton,E05008979,WD25,Rugby,Rugby,1,All,CON,,,382,1120,283,334,825,0,0
Leam Valley,E05008980,WD25,Rugby,Rugby,0,All,,,,0,0,0,0,0,0,0
New Bilton,E05008981,WD25,Rugby,Rugby,1,All,LAB,,,571,254,94,226,495,0,0
Newbold and Brownsover,E05008982,WD25,Rugby,Rugby,1,All,RFM,,,521,565,114,283,644,0,0
Paddox,E05008983,WD25,Rugby,Rugby,1,All,LDM,,,233,392,1045,264,635,0,0
Revel and Binley Woods,E05008984,WD25,Rugby,Rugby,1,All,CON,,,323,1072,124,236,983,0,0
Rokeby and Overslade,E05008985,WD25,Rugby,Rugby,1,All,LDM,,,184,270,1061,212,682,0,0
Wolston and the Lawfords,E05010760,WD25,Rugby,Rugby,1,All,CON,,,276,1333,125,319,692,0,0
Wolvey and Shilton,E05008988,WD25,Rugby,Rugby,1,All,CON,,,86,537,31,88,349,0,0
Aldershot Park,E05008989,WD25,Rushmoor,Rushmoor,1,All,RFM,,,556,269,0,240,678,0,24
Cherrywood,E05008990,WD25,Rushmoor,Rushmoor,1,All,RFM,,,527,474,0,215,557,0,0
Cove and Southwood,E05008991,WD25,Rushmoor,Rushmoor,1,All,CON,,,481,719,192,308,671,0,0
Empress,E05008992,WD25,Rushmoor,Rushmoor,1,All,LAB,,,728,557,284,229,551,0,0
Fernhill,E05008993,WD25,Rushmoor,Rushmoor,2,All,RFM,RFM,,287,714,338,270,798,0,0
Knellwood,E05008994,WD25,Rushmoor,Rushmoor,1,All,CON,,,419,918,476,315,759,0,0
Manor Park,E05008995,WD25,Rushmoor,Rushmoor,1,All,CON,,,572,891,171,282,623,0,12
North Town,E05008996,WD25,Rushmoor,Rushmoor,1,All,LAB,,,903,0,0,305,764,0,0
Rowhill,E05008997,WD25,Rushmoor,Rushmoor,1,All,RFM,,,746,401,0,301,768,0,66
St John's,E05008998,WD25,Rushmoor,Rushmoor,1,All,RFM,,,558,656,0,264,719,0,0
St Mark's,E05008999,WD25,Rushmoor,Rushmoor,1,All,LDM,,,236,405,603,296,591,0,0
Wellington,E05009000,WD25,Rushmoor,Rushmoor,1,All,LAB,,,551,389,0,0,459,256,0
West Heath,E05009001,WD25,Rushmoor,Rushmoor,1,All,CON,,,435,661,132,244,649,0,0
Barton & Winton,E05013018,WD25,Salford,Salford,1,All,LAB,,,1348,184,135,586,1306,0,0
Blackfriars & Trinity,E05013019,WD25,Salford,Salford,1,All,GRN,,,563,141,451,1611,295,0,0
Boothstown & Ellenbrook,E05013020,WD25,Salford,Salford,1,All,CON,,,699,1616,279,587,1486,0,0
Broughton,E05013021,WD25,Salford,Salford,1,All,LAB,,,803,156,87,570,797,40,0
Cadishead & Lower Irlam,E05013022,WD25,Salford,Salford,2,All,RFM,RFM,,1281,247,115,410,1626,0,0
Claremont,E05013023,WD25,Salford,Salford,1,All,RFM,,,1262,234,209,732,1497,0,0
Eccles,E05013024,WD25,Salford,Salford,1,All,LAB,,,1663,338,186,875,1207,0,32
Higher Irlam & Peel Green,E05013025,WD25,Salford,Salford,1,All,RFM,,,938,192,0,495,1403,0,0
Kersal & Broughton Park,E05013026,WD25,Salford,Salford,1,All,IND,,,754,454,0,381,731,1016,0
Little Hulton,E05013027,WD25,Salford,Salford,1,All,RFM,,,837,185,103,334,1121,0,0
Ordsall,E05013028,WD25,Salford,Salford,1,All,GRN,,,772,147,332,1125,428,0,0
Pendlebury & Clifton,E05013029,WD25,Salford,Salford,1,All,RFM,,,755,268,168,456,1627,0,0
Pendleton & Charlestown,E05013030,WD25,Salford,Salford,1,All,RFM,,,755,268,168,456,1627,0,0
Quays,E05013031,WD25,Salford,Salford,1,All,GRN,,,294,103,874,1062,170,0,0
Swinton & Wardley,E05013032,WD25,Salford,Salford,1,All,RFM,,,980,258,156,627,1543,114,0
Swinton Park,E05013033,WD25,Salford,Salford,1,All,RFM,,,1160,333,252,570,1450,0,0
Walkden North,E05013034,WD25,Salford,Salford,1,All,RFM,,,953,181,0,427,1209,276,0
Walkden South,E05013035,WD25,Salford,Salford,1,All,RFM,,,1228,518,0,679,1422,0,101
Weaste & Seedley,E05013036,WD25,Salford,Salford,1,All,RFM,,,926,212,192,949,1173,0,66
Worsley & Westwood Park,E05013037,WD25,Salford,Salford,1,All,RFM,,,1047,635,242,571,1342,0,0
Bearwood,E05016609,WD26,Sandwell,Sandwell,3,All,GRN,GRN,LAB,1535,343,0,1599,818,0,58
Blackheath,E05001261,WD25,Sandwell,Sandwell,3,All,RFM,RFM,RFM,1099,488,0,541,1985,100,0
Bristnall,E05001262,WD25,Sandwell,Sandwell,3,All,RFM,LAB,RFM,1215,486,0,676,1283,0,0
Charlemont & Grove Vale,E05016612,WD26,Sandwell,Sandwell,3,All,RFM,RFM,RFM,1131,868,182,531,1499,0,0
Cradley Heath & Old Hill,E05016613,WD26,Sandwell,Sandwell,3,All,RFM,RFM,RFM,919,348,230,566,1482,0,0
Friar Park & Stone Cross,E05016614,WD26,Sandwell,Sandwell,3,All,RFM,RFM,RFM,829,439,0,303,1671,0,38
"Great Barr, Tamebridge & Yew Tree",E05016615,WD26,Sandwell,Sandwell,3,All,LAB,LAB,RFM,1489,598,335,503,1276,0,0
Great Bridge,E05001267,WD25,Sandwell,Sandwell,3,All,RFM,RFM,RFM,843,283,0,836,1591,0,0
Greets Green & Lyng,E05016617,WD26,Sandwell,Sandwell,3,All,LAB,LAB,LAB,1597,245,215,484,805,0,0
Hateley Heath,E05001269,WD25,Sandwell,Sandwell,3,All,LAB,LAB,RFM,1266,268,80,336,1127,0,0
Hill Top,E05016619,WD26,Sandwell,Sandwell,3,All,RFM,RFM,RFM,1067,391,191,385,1381,0,0
Langley,E05001270,WD25,Sandwell,Sandwell,3,All,RFM,RFM,RFM,992,463,205,614,1450,0,0
Newton & Valley,E05016621,WD26,Sandwell,Sandwell,3,All,LAB,RFM,LAB,1311,421,300,548,1073,0,0
Old Warley,E05001272,WD25,Sandwell,Sandwell,3,All,RFM,RFM,LAB,1288,501,258,596,1379,0,0
Oldbury,E05001273,WD25,Sandwell,Sandwell,3,All,LAB,LAB,LAB,1177,387,0,486,767,0,0
Princes End,E05001274,WD25,Sandwell,Sandwell,3,All,RFM,RFM,RFM,687,486,126,298,1569,0,113
Rowley,E05001275,WD25,Sandwell,Sandwell,3,All,RFM,RFM,RFM,945,458,0,401,1677,0,0
Smethwick,E05001277,WD25,Sandwell,Sandwell,3,All,LAB,LAB,LAB,1339,239,0,673,605,0,0
Soho & Victoria,E05016627,WD26,Sandwell,Sandwell,3,All,LAB,LAB,LAB,1304,258,0,676,260,0,0
St Pauls,E05001276,WD25,Sandwell,Sandwell,3,All,LAB,LAB,LAB,1745,224,0,646,301,474,214
Tipton Green,E05001279,WD25,Sandwell,Sandwell,3,All,IND,RFM,RFM,1101,293,0,554,1386,1443,0
Tividale,E05001280,WD25,Sandwell,Sandwell,3,All,RFM,LAB,RFM,1338,297,148,428,1366,0,0
Wednesbury,E05016631,WD26,Sandwell,Sandwell,3,All,RFM,RFM,RFM,850,298,206,563,1777,106,0
West Bromwich Central,E05001283,WD25,Sandwell,Sandwell,3,All,LAB,LAB,LAB,1371,423,0,483,586,150,0
Ainsdale,E05000932,WD25,Sefton,Sefton,3,All,LDM,LDM,LDM,771,771,2199,403,1199,0,0
Aintree & Maghull South,E05016326,WD26,Sefton,Sefton,3,All,LAB,LAB,LAB,1726,136,159,0,1172,1012,0
Birkdale,E05000933,WD25,Sefton,Sefton,3,All,LDM,LDM,RFM,1137,323,1794,460,1372,0,0
Blundellsands,E05000934,WD25,Sefton,Sefton,3,All,LAB,LAB,LAB,1792,530,418,712,864,0,80
Bootle East,E05016329,WD26,Sefton,Sefton,3,All,LAB,LAB,LAB,913,99,136,413,812,0,98
Bootle West,E05016330,WD26,Sefton,Sefton,3,All,LAB,LAB,RFM,794,102,140,520,705,0,61
Cambridge,E05000935,WD25,Sefton,Sefton,3,All,LDM,LDM,LDM,409,578,1581,375,1338,0,128
Duke's,E05000938,WD25,Sefton,Sefton,3,All,LDM,LDM,LDM,304,1136,1653,384,1047,0,0
Ford,E05000939,WD25,Sefton,Sefton,3,All,LAB,LAB,LAB,1209,100,0,0,776,816,0
Formby East,E05016334,WD26,Sefton,Sefton,3,All,LAB,LAB,LAB,2045,571,244,546,1186,0,836
Formby West,E05016335,WD26,Sefton,Sefton,3,All,LAB,LAB,LAB,1838,1089,293,532,1144,0,485
Great Crosby,E05016336,WD26,Sefton,Sefton,3,All,LAB,LAB,LAB,1563,264,563,1149,767,0,0
Kew,E05000941,WD25,Sefton,Sefton,3,All,LDM,LDM,LDM,834,298,1576,0,1310,0,339
Litherland,E05000943,WD25,Sefton,Sefton,3,All,LAB,LAB,LAB,1043,112,147,557,781,249,0
Lydiate & Maghull West,E05016339,WD26,Sefton,Sefton,3,All,LOC,LOC,LOC,1552,470,304,0,1018,1723,0
Maghull East,E05016340,WD26,Sefton,Sefton,3,All,LAB,LOC,LOC,1468,168,115,0,795,0,1413
Meols,E05000945,WD25,Sefton,Sefton,3,All,LDM,LDM,LDM,393,352,2205,361,1343,0,103
Netherton North,E05016342,WD26,Sefton,Sefton,3,All,LAB,LAB,LAB,1169,109,103,314,700,0,84
Netherton South & Orrell,E05016343,WD26,Sefton,Sefton,3,All,LAB,LAB,LAB,1025,75,147,404,803,0,0
Norwood,E05000948,WD25,Sefton,Sefton,3,All,RFM,RFM,RFM,779,332,545,1152,1359,0,0
Thornton & Hightown,E05016345,WD26,Sefton,Sefton,3,All,LAB,LAB,LAB,1454,498,362,639,1090,0,0
Waterloo,E05016346,WD26,Sefton,Sefton,3,All,GRN,GRN,GRN,1184,175,0,1947,671,0,0
Beauchief and Greenhill,E05010857,WD25,Sheffield,Sheffield,1,All,LDM,,,871,249,1819,1099,1674,0,31
Beighton,E05010858,WD25,Sheffield,Sheffield,2,All,RFM,RFM,,683,274,1701,436,2197,87,29
Birley,E05010859,WD25,Sheffield,Sheffield,1,All,RFM,,,1292,218,218,597,2153,368,16
Broomhill and Sharrow Vale,E05010860,WD25,Sheffield,Sheffield,1,All,GRN,,,1175,170,405,4038,401,0,40
Burngreave,E05010861,WD25,Sheffield,Sheffield,1,All,GRN,,,1138,149,106,1816,591,1412,0
City,E05010862,WD25,Sheffield,Sheffield,1,All,GRN,,,434,155,182,2524,239,0,15
Crookes and Crosspool,E05010863,WD25,Sheffield,Sheffield,1,All,LAB,,,2656,159,1794,2083,846,0,48
Darnall,E05010864,WD25,Sheffield,Sheffield,1,All,LAB,,,1289,129,143,509,996,1244,786
Dore and Totley,E05010865,WD25,Sheffield,Sheffield,1,All,LDM,,,1135,618,3142,1233,1874,0,33
East Ecclesfield,E05010866,WD25,Sheffield,Sheffield,1,All,RFM,,,1203,227,1850,442,2365,0,21
Ecclesall,E05010867,WD25,Sheffield,Sheffield,1,All,GRN,,,1228,317,3000,4328,721,0,39
Firth Park,E05010868,WD25,Sheffield,Sheffield,2,All,RFM,LAB,,1352,194,252,793,1442,244,42
Fulwood,E05010869,WD25,Sheffield,Sheffield,1,All,LDM,,,830,362,3053,2952,906,0,21
Gleadless Valley,E05010870,WD25,Sheffield,Sheffield,1,All,GRN,,,763,43,336,3517,1077,0,62
Graves Park,E05010871,WD25,Sheffield,Sheffield,1,All,GRN,,,1168,212,1807,2254,1464,0,40
Hillsborough,E05010872,WD25,Sheffield,Sheffield,1,All,GRN,,,1045,199,231,3445,1805,68,34
Manor Castle,E05010873,WD25,Sheffield,Sheffield,1,All,GRN,,,1080,177,149,2012,1241,51,27
Mosborough,E05010874,WD25,Sheffield,Sheffield,1,All,RFM,,,836,269,1453,444,2139,74,29
Nether Edge and Sharrow,E05010875,WD25,Sheffield,Sheffield,1,All,GRN,,,2695,192,319,3370,441,0,554
Park and Arbourthorne,E05010876,WD25,Sheffield,Sheffield,1,All,RFM,,,1287,210,193,1009,1740,89,52
Richmond,E05010877,WD25,Sheffield,Sheffield,1,All,RFM,,,1107,256,168,710,2472,107,74
Shiregreen and Brightside,E05010878,WD25,Sheffield,Sheffield,1,All,RFM,,,951,192,192,707,1671,203,25
Southey,E05010879,WD25,Sheffield,Sheffield,1,All,RFM,,,1059,206,204,547,2157,111,26
Stannington,E05010880,WD25,Sheffield,Sheffield,1,All,LDM,,,971,301,2400,1089,2266,48,23
Stocksbridge and Upper Don,E05016246,WD25,Sheffield,Sheffield,1,All,RFM,,,1022,382,2208,638,2551,0,35
Walkley,E05010882,WD25,Sheffield,Sheffield,1,All,GRN,,,2721,146,194,2794,980,70,69
West Ecclesfield,E05010883,WD25,Sheffield,Sheffield,1,All,LDM,,,609,254,2295,435,2278,0,30
Woodhouse,E05010884,WD25,Sheffield,Sheffield,1,All,RFM,,,890,206,451,678,1987,108,25
Balsall & Berkswell,E05016416,WD26,Solihull,Solihull,3,All,CON,CON,CON,362,2164,594,550,788,0,0
Blythe,E05001285,WD25,Solihull,Solihull,3,All,CON,CON,CON,383,1614,410,646,1145,0,0
Castle Bromwich,E05001286,WD25,Solihull,Solihull,3,All,RFM,RFM,RFM,360,1097,217,538,2376,0,0
Chelmsley Wood,E05001287,WD25,Solihull,Solihull,3,All,RFM,RFM,RFM,190,214,64,812,1346,0,0
Dorridge & Hockley Heath,E05016420,WD26,Solihull,Solihull,3,All,CON,CON,CON,242,2940,352,969,962,149,0
Elmdon,E05001289,WD25,Solihull,Solihull,3,All,LDM,RFM,RFM,206,791,345,1585,1498,0,0
Fordbridge,E05016422,WD26,Solihull,Solihull,3,All,RFM,RFM,RFM,247,470,149,437,1452,0,0
Kingshurst & Smith's Wood,E05016423,WD26,Solihull,Solihull,3,All,RFM,RFM,RFM,257,279,91,1061,1590,0,0
Knowle,E05001291,WD25,Solihull,Solihull,3,All,CON,CON,CON,254,2678,384,541,951,0,0
Lyndon,E05001292,WD25,Solihull,Solihull,3,All,LDM,LDM,LDM,243,611,1803,501,1379,0,0
Meriden & Arden,E05016426,WD26,Solihull,Solihull,3,All,RFM,CON,CON,295,1425,269,533,1432,0,0
Olton,E05001294,WD25,Solihull,Solihull,3,All,LDM,LDM,CON,342,1669,1814,601,1142,169,0
Shirley East & Sharmans Cross,E05016428,WD26,Solihull,Solihull,3,All,CON,CON,CON,416,2748,559,883,1118,0,0
Shirley South,E05001297,WD25,Solihull,Solihull,3,All,GRN,GRN,GRN,235,1329,259,1806,1436,0,0
Shirley West,E05001298,WD25,Solihull,Solihull,3,All,RFM,RFM,GRN,284,1294,231,1691,1829,0,0
Silhill,E05001299,WD25,Solihull,Solihull,3,All,CON,CON,CON,376,2226,763,661,1427,0,0
St Alphege with Monkspath & Hillfield,E05016432,WD26,Solihull,Solihull,3,All,CON,CON,CON,527,2929,807,719,1415,0,0
Balsham,E05011282,WD25,South Cambridgeshire,South Cambridgeshire,1,All,LDM,,,40,351,631,154,317,0,0
Bar Hill,E05011283,WD25,South Cambridgeshire,South Cambridgeshire,1,All,LDM,,,59,358,531,103,337,0,0
Barrington,E05011284,WD25,South Cambridgeshire,South Cambridgeshire,1,All,LDM,,,64,294,661,172,347,0,0
Bassingbourn,E05011285,WD25,South Cambridgeshire,South Cambridgeshire,1,All,LDM,,,48,254,614,88,368,0,0
Caldecote,E05011286,WD25,South Cambridgeshire,South Cambridgeshire,1,All,LDM,,,45,211,662,153,314,125,0
Cambourne,E05014031,WD25,South Cambridgeshire,South Cambridgeshire,3,All,LDM,LDM,LDM,190,1192,1582,652,665,80,0
Caxton & Papworth,E05014032,WD25,South Cambridgeshire,South Cambridgeshire,2,All,LDM,LDM,,119,429,1011,270,506,0,0
Cottenham,E05011289,WD25,South Cambridgeshire,South Cambridgeshire,2,All,LDM,LDM,,243,453,1138,511,425,0,0
Duxford,E05014169,WD25,South Cambridgeshire,South Cambridgeshire,1,All,LDM,,,41,198,677,175,270,0,0
Fen Ditton & Fulbourn,E05011291,WD25,South Cambridgeshire,South Cambridgeshire,3,All,LDM,LDM,LDM,657,618,1462,742,736,0,0
Foxton,E05011292,WD25,South Cambridgeshire,South Cambridgeshire,1,All,LDM,,,35,270,743,147,342,0,0
Gamlingay,E05011293,WD25,South Cambridgeshire,South Cambridgeshire,1,All,LDM,,,22,147,821,52,496,0,0
Girton,E05011294,WD25,South Cambridgeshire,South Cambridgeshire,2,All,LDM,LDM,,208,336,1182,351,220,0,0
Hardwick,E05011295,WD25,South Cambridgeshire,South Cambridgeshire,1,All,LDM,,,41,380,584,165,232,0,0
Harston & Comberton,E05011296,WD25,South Cambridgeshire,South Cambridgeshire,3,All,LDM,LDM,LDM,303,763,1778,632,604,0,0
Histon & Impington,E05011297,WD25,South Cambridgeshire,South Cambridgeshire,3,All,LDM,LDM,LDM,246,345,1974,1497,482,0,0
Linton,E05011298,WD25,South Cambridgeshire,South Cambridgeshire,2,All,LDM,LDM,,126,464,1393,324,600,0,0
Longstanton,E05013880,WD25,South Cambridgeshire,South Cambridgeshire,2,All,LDM,LDM,,171,557,1120,421,484,0,0
Melbourn,E05011300,WD25,South Cambridgeshire,South Cambridgeshire,2,All,LDM,LDM,,86,446,1554,270,811,0,0
Milton & Waterbeach,E05011301,WD25,South Cambridgeshire,South Cambridgeshire,3,All,LDM,LDM,LDM,660,436,1607,696,600,0,0
Over & Willingham,E05013881,WD25,South Cambridgeshire,South Cambridgeshire,2,All,LDM,LDM,,154,451,1221,331,598,0,0
Sawston,E05014170,WD25,South Cambridgeshire,South Cambridgeshire,2,All,LDM,LDM,,177,313,1217,448,545,0,0
Shelford,E05011304,WD25,South Cambridgeshire,South Cambridgeshire,2,All,LDM,LDM,,105,486,1206,1151,325,0,0
Swavesey,E05011305,WD25,South Cambridgeshire,South Cambridgeshire,1,All,LDM,,,44,424,482,152,212,0,0
The Mordens,E05011306,WD25,South Cambridgeshire,South Cambridgeshire,1,All,CON,,,29,950,279,113,206,0,0
Whittlesford,E05011307,WD25,South Cambridgeshire,South Cambridgeshire,1,All,CON,,,83,751,304,122,168,0,0
Beacon & Bents,E05016262,WD26,South Tyneside,South Tyneside,3,All,GRN,GRN,GRN,641,79,0,1470,903,526,0
Bede,E05001136,WD25,South Tyneside,South Tyneside,3,All,RFM,RFM,RFM,373,62,0,364,936,571,0
Biddick & All Saints,E05016264,WD26,South Tyneside,South Tyneside,3,All,RFM,RFM,GRN,262,0,0,825,871,158,0
Boldon Colliery,E05001138,WD25,South Tyneside,South Tyneside,3,All,RFM,IND,RFM,806,0,156,300,987,970,0
Cleadon Park & Harton Moor,E05016266,WD26,South Tyneside,South Tyneside,3,All,RFM,RFM,RFM,351,155,0,406,938,435,0
Cleadon Village & East Boldon,E05016267,WD26,South Tyneside,South Tyneside,3,All,GRN,GRN,GRN,581,492,432,1614,1226,528,0
Fellgate & Hedworth,E05016268,WD26,South Tyneside,South Tyneside,3,All,RFM,LAB,RFM,924,89,0,289,949,388,0
Harton,E05001142,WD25,South Tyneside,South Tyneside,3,All,RFM,RFM,RFM,413,0,0,530,1171,674,0
Hebburn North,E05001143,WD25,South Tyneside,South Tyneside,3,All,RFM,RFM,RFM,790,100,0,524,1171,535,0
Hebburn South,E05001144,WD25,South Tyneside,South Tyneside,3,All,RFM,RFM,RFM,597,164,0,700,1387,484,0
Horsley Hill & Westoe Crown,E05016272,WD26,South Tyneside,South Tyneside,3,All,RFM,RFM,RFM,529,173,0,690,1354,771,0
Monkton,E05001146,WD25,South Tyneside,South Tyneside,3,All,RFM,RFM,RFM,845,133,0,514,1152,325,0
Primrose,E05001147,WD25,South Tyneside,South Tyneside,3,All,RFM,RFM,RFM,439,93,0,354,946,653,0
Simonside & Rekendyke,E05016275,WD26,South Tyneside,South Tyneside,3,All,RFM,RFM,RFM,437,124,0,799,959,449,0
West Park,E05001150,WD25,South Tyneside,South Tyneside,3,All,GRN,GRN,GRN,351,0,0,1193,1009,0,0
Westoe,E05001149,WD25,South Tyneside,South Tyneside,3,All,IND,RFM,RFM,397,119,0,597,909,919,0
Whitburn & Marsden,E05016278,WD26,South Tyneside,South Tyneside,3,All,RFM,RFM,RFM,811,0,0,895,1373,0,0
Whiteleas,E05001152,WD25,South Tyneside,South Tyneside,3,All,RFM,RFM,RFM,499,0,0,535,1195,0,0
Banister & Polygon,E05015490,WD25,Southampton,Southampton,1,All,GRN,,,839,356,182,1183,415,84,0
Bargate,E05015491,WD25,Southampton,Southampton,1,All,GRN,,,665,262,354,702,501,0,29
Bassett,E05015492,WD25,Southampton,Southampton,1,All,LDM,,,321,919,1596,467,755,0,27
Bevois,E05015493,WD25,Southampton,Southampton,1,All,LAB,,,972,194,233,690,274,0,739
Bitterne Park,E05015494,WD25,Southampton,Southampton,1,All,LAB,,,1290,1132,646,709,962,0,26
Coxford,E05015495,WD25,Southampton,Southampton,1,All,RFM,,,653,673,327,464,1416,0,26
Freemantle,E05015496,WD25,Southampton,Southampton,1,All,GRN,,,1060,447,269,1136,711,0,32
Harefield,E05015497,WD25,Southampton,Southampton,1,All,RFM,,,613,949,302,489,1185,0,15
Millbrook,E05015498,WD25,Southampton,Southampton,1,All,RFM,,,607,845,217,479,869,0,22
Peartree,E05015499,WD25,Southampton,Southampton,1,All,RFM,,,765,1265,252,654,1354,0,19
Portswood,E05015500,WD25,Southampton,Southampton,1,All,GRN,,,864,244,718,1432,427,0,22
Redbridge,E05015501,WD25,Southampton,Southampton,1,All,RFM,,,557,290,145,344,1144,365,5
Shirley,E05015502,WD25,Southampton,Southampton,1,All,LDM,,,1088,380,1229,811,789,0,0
Sholing,E05015503,WD25,Southampton,Southampton,1,All,RFM,,,563,878,489,498,1434,0,0
Swaythling,E05015504,WD25,Southampton,Southampton,1,All,LDM,,,426,231,1029,691,680,0,21
Thornhill,E05015505,WD25,Southampton,Southampton,1,All,RFM,,,627,456,187,403,1215,0,34
Woolston,E05015506,WD25,Southampton,Southampton,1,All,RFM,,,799,492,272,598,1220,0,53
Belfairs,E05002212,WD25,Southend-on-Sea,Southend-on-Sea,1,All,RFM,,,191,792,144,820,1280,287,17
Blenheim Park,E05002213,WD25,Southend-on-Sea,Southend-on-Sea,1,All,RFM,,,866,545,108,454,1074,362,29
Chalkwell,E05002214,WD25,Southend-on-Sea,Southend-on-Sea,1,All,GRN,,,284,967,133,1024,777,0,61
Eastwood Park,E05002215,WD25,Southend-on-Sea,Southend-on-Sea,1,All,LDM,,,93,319,1717,134,1257,0,18
Kursaal,E05002216,WD25,Southend-on-Sea,Southend-on-Sea,1,All,LAB,,,849,161,69,360,748,0,380
Leigh,E05002217,WD25,Southend-on-Sea,Southend-on-Sea,1,All,GRN,,,164,325,772,1301,767,287,17
Milton,E05002218,WD25,Southend-on-Sea,Southend-on-Sea,1,All,LAB,,,938,354,133,741,862,0,36
Prittlewell,E05002219,WD25,Southend-on-Sea,Southend-on-Sea,1,All,RFM,,,642,981,163,491,1091,0,65
Shoeburyness,E05002222,WD25,Southend-on-Sea,Southend-on-Sea,1,All,RFM,,,235,362,85,485,1319,704,58
Southchurch,E05002223,WD25,Southend-on-Sea,Southend-on-Sea,1,All,CON,,,295,1465,80,328,990,0,180
St Laurence,E05002220,WD25,Southend-on-Sea,Southend-on-Sea,1,All,RFM,,,1092,418,140,284,1418,0,108
St. Luke's,E05002221,WD25,Southend-on-Sea,Southend-on-Sea,1,All,RFM,,,817,332,56,463,1212,178,121
Thorpe,E05002224,WD25,Southend-on-Sea,Southend-on-Sea,1,All,RFM,,,281,624,69,318,1241,995,200
Victoria,E05002225,WD25,Southend-on-Sea,Southend-on-Sea,1,All,LAB,,,936,216,93,596,799,0,74
West Leigh,E05002227,WD25,Southend-on-Sea,Southend-on-Sea,1,All,CON,,,179,1510,336,1034,866,0,105
West Shoebury,E05002228,WD25,Southend-on-Sea,Southend-on-Sea,1,All,RFM,,,351,846,108,371,1201,282,108
Westborough,E05002226,WD25,Southend-on-Sea,Southend-on-Sea,1,All,LAB,,,991,239,143,644,769,161,41
Borough & Bankside,E05011095,WD25,Southwark,Southwark,3,All,LDM,LDM,LDM,512,194,927,573,278,0,0
Camberwell Green,E05011096,WD25,Southwark,Southwark,3,All,LAB,LAB,LAB,2038,267,417,1609,303,0,0
Champion Hill,E05011097,WD25,Southwark,Southwark,2,All,LAB,LAB,,1609,185,240,1172,167,0,0
Chaucer,E05011098,WD25,Southwark,Southwark,3,All,GRN,GRN,GRN,1238,299,855,1465,266,46,0
Dulwich Hill,E05011099,WD25,Southwark,Southwark,2,All,LAB,GRN,,1442,263,356,1306,220,0,0
Dulwich Village,E05011100,WD25,Southwark,Southwark,2,All,LAB,LAB,,1874,911,1316,796,216,0,0
Dulwich Wood,E05011101,WD25,Southwark,Southwark,2,All,LAB,LAB,,1496,523,306,1065,290,0,0
Faraday,E05011102,WD25,Southwark,Southwark,3,All,LAB,LAB,LAB,1297,221,203,1017,314,0,0
Goose Green,E05011103,WD25,Southwark,Southwark,3,All,GRN,GRN,GRN,1447,204,1729,2168,232,0,0
London Bridge & West Bermondsey,E05011104,WD25,Southwark,Southwark,3,All,LAB,LDM,LAB,1431,306,1367,1237,435,0,0
Newington,E05011105,WD25,Southwark,Southwark,3,All,LAB,LAB,LAB,1809,211,370,1378,389,0,0
North Bermondsey,E05011106,WD25,Southwark,Southwark,3,All,LDM,LDM,LDM,944,556,1786,1063,695,0,0
North Walworth,E05011107,WD25,Southwark,Southwark,3,All,GRN,GRN,GRN,1450,330,484,1697,392,109,0
Nunhead & Queen's Road,E05011108,WD25,Southwark,Southwark,3,All,GRN,GRN,GRN,1713,223,184,2683,276,0,0
Old Kent Road,E05011109,WD25,Southwark,Southwark,3,All,LAB,LAB,GRN,1907,316,437,1525,555,0,475
Peckham,E05011110,WD25,Southwark,Southwark,3,All,GRN,LAB,GRN,1570,213,175,1597,203,0,0
Peckham Rye,E05011111,WD25,Southwark,Southwark,2,All,LAB,LAB,,1702,251,178,1550,279,0,0
Rotherhithe,E05011112,WD25,Southwark,Southwark,3,All,GRN,LAB,GRN,1317,229,956,1345,570,315,0
Rye Lane,E05011113,WD25,Southwark,Southwark,3,All,LAB,LAB,GRN,2285,214,332,2123,214,0,0
South Bermondsey,E05011116,WD25,Southwark,Southwark,3,All,LAB,LAB,LAB,1402,314,1265,1221,725,0,0
St George's,E05011114,WD25,Southwark,Southwark,2,All,LDM,LDM,,505,128,823,510,188,0,0
St Giles,E05011115,WD25,Southwark,Southwark,3,All,GRN,GRN,GRN,2149,254,304,2363,249,0,0
Surrey Docks,E05011117,WD25,Southwark,Southwark,3,All,LDM,LDM,LDM,791,351,1297,1226,583,0,149
Batchwood,E05013947,WD25,St Albans,St Albans,1,All,LDM,,,152,181,1091,344,234,603,0
Bernards Heath,E05013948,WD25,St Albans,St Albans,1,All,LDM,,,127,332,1447,514,254,0,0
Clarence,E05013949,WD25,St Albans,St Albans,1,All,LDM,,,123,125,1557,1269,224,0,0
Colney Heath,E05013950,WD25,St Albans,St Albans,1,All,LDM,,,30,225,413,80,223,0,0
Cunningham,E05013951,WD25,St Albans,St Albans,1,All,LDM,,,142,251,1262,328,351,0,0
Harpenden East,E05013952,WD25,St Albans,St Albans,1,All,LDM,,,110,675,1107,248,327,0,0
Harpenden North & Rural,E05013953,WD25,St Albans,St Albans,1,All,LDM,,,96,812,1088,250,428,0,0
Harpenden South,E05013954,WD25,St Albans,St Albans,1,All,CON,,,109,1185,898,195,388,0,0
Harpenden West,E05013955,WD25,St Albans,St Albans,1,All,CON,,,108,1290,1270,220,305,0,0
Hill End,E05013956,WD25,St Albans,St Albans,1,All,LDM,,,97,234,1615,343,293,0,0
London Colney,E05013957,WD25,St Albans,St Albans,1,All,LDM,,,563,226,872,203,632,0,0
Marshalswick East & Jersey Farm,E05015801,WD25,St Albans,St Albans,1,All,LDM,,,87,610,1389,319,418,0,0
Marshalswick West,E05015802,WD25,St Albans,St Albans,1,All,LDM,,,82,282,1121,215,248,0,0
Park Street,E05013960,WD25,St Albans,St Albans,1,All,LDM,,,91,513,1185,261,760,0,0
Redbourn,E05013961,WD25,St Albans,St Albans,1,All,IND,,,64,268,316,124,399,771,0
Sandridge & Wheathampstead,E05013962,WD25,St Albans,St Albans,2,All,LDM,LDM,,132,666,1278,352,547,0,0
Sopwell,E05013963,WD25,St Albans,St Albans,1,All,LDM,,,187,171,1226,344,367,0,15
St Peters,E05013964,WD25,St Albans,St Albans,1,All,LDM,,,102,172,1347,868,240,0,0
St Stephen,E05013965,WD25,St Albans,St Albans,2,All,LDM,LDM,,108,671,1414,218,892,0,0
Verulam,E05013966,WD25,St Albans,St Albans,1,All,LDM,,,125,445,1679,300,382,0,0
Billinge & Seneley Green,E05014120,WD25,St. Helens,St. Helens,3,All,RFM,RFM,RFM,958,319,0,552,1465,947,0
Blackbrook,E05014121,WD25,St. Helens,St. Helens,3,All,RFM,RFM,RFM,965,176,0,590,1364,0,0
Bold & Lea Green,E05014122,WD25,St. Helens,St. Helens,3,All,RFM,RFM,RFM,700,278,0,744,1456,0,0
Eccleston,E05014123,WD25,St. Helens,St. Helens,3,All,LDM,LDM,LDM,566,262,2224,536,979,0,0
Haydock,E05014124,WD25,St. Helens,St. Helens,3,All,RFM,RFM,RFM,607,181,0,938,1331,237,0
Moss Bank,E05014125,WD25,St. Helens,St. Helens,3,All,RFM,RFM,RFM,1172,280,0,605,1664,0,0
Newton-le-Willows East,E05014126,WD25,St. Helens,St. Helens,3,All,LAB,LAB,RFM,1293,318,698,1000,1248,0,1055
Newton-le-Willows West,E05014127,WD25,St. Helens,St. Helens,3,All,LOC,LOC,LOC,920,94,0,0,785,0,1622
Parr,E05014128,WD25,St. Helens,St. Helens,3,All,RFM,RFM,RFM,713,104,0,364,1173,204,0
Peasley Cross & Fingerpost,E05014129,WD25,St. Helens,St. Helens,1,All,RFM,,,217,29,0,122,392,48,0
Rainford,E05014130,WD25,St. Helens,St. Helens,2,All,RFM,CON,,495,1025,0,758,1058,0,0
Rainhill,E05014131,WD25,St. Helens,St. Helens,3,All,LOC,LOC,LOC,765,149,0,0,806,0,2372
St Helens Town Centre,E05014132,WD25,St. Helens,St. Helens,2,All,,,,0,0,0,0,0,0,0
Sutton North West,E05014133,WD25,St. Helens,St. Helens,2,All,RFM,RFM,,757,219,0,0,909,0,0
Sutton South East,E05014134,WD25,St. Helens,St. Helens,2,All,RFM,RFM,,755,152,0,0,895,0,0
Thatto Heath,E05014135,WD25,St. Helens,St. Helens,3,All,RFM,RFM,RFM,1185,271,390,651,1364,0,0
West Park,E05014136,WD25,St. Helens,St. Helens,3,All,RFM,RFM,RFM,1188,249,0,630,1391,0,0
Windle,E05014137,WD25,St. Helens,St. Helens,3,All,RFM,RFM,RFM,1205,326,0,880,1287,0,0
Almond Hill,E05015624,WD25,Stevenage,Stevenage,1,All,RFM,,,392,228,132,615,717,0,0
Bandley Hill & Poplars,E05015625,WD25,Stevenage,Stevenage,1,All,RFM,,,453,291,225,269,842,0,7
Bedwell,E05015626,WD25,Stevenage,Stevenage,1,All,LAB,,,626,169,125,294,589,0,7
Chells,E05015627,WD25,Stevenage,Stevenage,1,All,LDM,,,235,172,701,227,651,0,0
Longmeadow,E05015628,WD25,Stevenage,Stevenage,1,All,RFM,,,360,487,159,258,759,0,14
Manor,E05015629,WD25,Stevenage,Stevenage,1,All,LDM,,,185,187,955,208,737,0,0
Martins Wood,E05015630,WD25,Stevenage,Stevenage,1,All,RFM,,,440,200,195,268,799,0,7
Old Town,E05015631,WD25,Stevenage,Stevenage,1,All,LAB,,,542,272,122,326,509,0,10
Roebuck,E05015632,WD25,Stevenage,Stevenage,1,All,RFM,,,407,238,163,279,667,0,0
Shephall,E05015633,WD25,Stevenage,Stevenage,1,All,RFM,,,505,189,92,227,670,0,16
St Nicholas,E05015634,WD25,Stevenage,Stevenage,2,All,LAB,RFM,,716,235,150,371,666,0,0
Symonds Green,E05015635,WD25,Stevenage,Stevenage,1,All,RFM,,,392,264,131,378,761,0,12
Woodfield,E05015636,WD25,Stevenage,Stevenage,1,All,RFM,,,443,511,161,235,633,0,0
Bramhall North,E05015014,WD25,Stockport,Stockport,1,All,LDM,,,200,804,2188,483,1146,0,0
Bramhall South & Woodford,E05015015,WD25,Stockport,Stockport,1,All,LDM,,,134,2114,2417,393,776,0,0
Bredbury & Woodley,E05015016,WD25,Stockport,Stockport,1,All,LDM,,,252,246,2013,408,1734,0,0
Bredbury Green & Romiley,E05015017,WD25,Stockport,Stockport,1,All,LDM,,,239,430,2097,475,1362,0,0
Brinnington & Stockport Central,E05015018,WD25,Stockport,Stockport,1,All,RFM,,,784,120,297,662,843,0,32
Cheadle East & Cheadle Hulme North,E05015019,WD25,Stockport,Stockport,1,All,LDM,,,530,221,2105,632,1291,0,0
Cheadle Hulme South,E05015020,WD25,Stockport,Stockport,1,All,LDM,,,274,492,3026,544,1071,0,0
Cheadle West & Gatley,E05015021,WD25,Stockport,Stockport,1,All,LDM,,,349,650,2299,709,971,0,0
Davenport & Cale Green,E05015022,WD25,Stockport,Stockport,1,All,LDM,,,1081,191,1323,954,1063,0,101
Edgeley,E05015023,WD25,Stockport,Stockport,1,All,LOC,,,419,88,151,666,731,0,1770
Hazel Grove,E05015024,WD25,Stockport,Stockport,1,All,LDM,,,261,524,1742,470,1662,0,0
Heald Green,E05015025,WD25,Stockport,Stockport,1,All,IND,,,196,222,1372,434,972,1780,0
Heatons North,E05015026,WD25,Stockport,Stockport,1,All,LAB,,,1743,584,409,1613,840,0,0
Heatons South,E05015027,WD25,Stockport,Stockport,1,All,LAB,,,2138,460,391,1276,950,0,32
Manor,E05015028,WD25,Stockport,Stockport,1,All,RFM,,,1003,147,893,633,1521,0,0
Marple North,E05015029,WD25,Stockport,Stockport,1,All,LDM,,,312,590,2754,694,922,0,0
Marple South & High Lane,E05015030,WD25,Stockport,Stockport,1,All,LDM,,,214,507,2267,593,1214,0,0
Norbury & Woodsmoor,E05015031,WD25,Stockport,Stockport,1,All,LDM,,,295,575,2227,546,1276,0,0
Offerton,E05015032,WD25,Stockport,Stockport,1,All,LDM,,,908,234,1736,500,1481,0,0
Reddish North,E05015033,WD25,Stockport,Stockport,1,All,GRN,,,959,185,179,1588,1446,0,0
Reddish South,E05015034,WD25,Stockport,Stockport,1,All,GRN,,,540,192,164,2515,1226,0,0
Barnes & Thornhill Ward,E05016373,WD26,Sunderland,Sunderland,3,All,LAB,LAB,LAB,1502,751,502,402,1128,0,0
Deptford & Hendon Ward,E05016374,WD26,Sunderland,Sunderland,3,All,RFM,RFM,RFM,865,144,352,399,1070,0,0
Doxford Park Ward,E05016375,WD26,Sunderland,Sunderland,3,All,LDM,LDM,LDM,405,171,1860,197,1349,0,0
Farringdon & Silksworth Ward,E05016376,WD26,Sunderland,Sunderland,3,All,RFM,RFM,RFM,1187,229,154,350,1684,0,0
Fulwell Ward,E05001157,WD25,Sunderland,Sunderland,3,All,LDM,LDM,LDM,380,1186,1988,254,1424,0,0
Grangetown Ward,E05016378,WD26,Sunderland,Sunderland,3,All,RFM,RFM,RFM,1003,965,162,357,1476,0,0
Grindon & Thorney Close Ward,E05016379,WD26,Sunderland,Sunderland,3,All,LDM,LDM,LDM,343,91,1728,0,1128,0,0
Herrington & Newbottle Ward,E05016380,WD26,Sunderland,Sunderland,3,All,RFM,RFM,RFM,888,1085,181,300,1548,0,0
Hetton Ward,E05001159,WD25,Sunderland,Sunderland,3,All,RFM,RFM,RFM,742,132,153,277,1340,0,0
Houghton North Ward,E05016382,WD26,Sunderland,Sunderland,3,All,RFM,RFM,RFM,973,195,152,401,1584,0,0
Houghton South & Hetton Downs Ward,E05016383,WD26,Sunderland,Sunderland,3,All,RFM,RFM,RFM,999,233,217,466,1477,0,0
Hylton Castle Ward,E05016384,WD26,Sunderland,Sunderland,3,All,RFM,RFM,RFM,792,135,178,0,1383,0,0
Pallion & Ford Ward,E05016385,WD26,Sunderland,Sunderland,3,All,LDM,LDM,LDM,561,99,1700,313,1120,194,0
Pennywell & South Hylton Ward,E05016386,WD26,Sunderland,Sunderland,3,All,RFM,RFM,RFM,605,364,196,291,1570,0,0
Penshaw & Shiney Row Ward,E05016387,WD26,Sunderland,Sunderland,3,All,RFM,RFM,RFM,1065,287,221,371,1718,0,0
Redhouse Ward,E05016388,WD26,Sunderland,Sunderland,3,All,RFM,RFM,RFM,684,114,136,232,1329,156,0
Roker Ward,E05016389,WD26,Sunderland,Sunderland,3,All,RFM,RFM,RFM,1352,607,380,430,1818,0,0
Ryhope Ward,E05001164,WD25,Sunderland,Sunderland,3,All,RFM,RFM,RFM,1044,196,202,284,1665,0,0
Southwick Ward,E05001172,WD25,Sunderland,Sunderland,3,All,RFM,RFM,RFM,829,127,227,270,1357,114,0
Tunstall & Humbledon Ward,E05016392,WD26,Sunderland,Sunderland,3,All,RFM,RFM,RFM,814,1050,149,723,1225,0,0
Washington Central Ward,E05001173,WD25,Sunderland,Sunderland,3,All,RFM,RFM,RFM,1035,245,337,360,1448,0,0
Washington East Ward,E05001174,WD25,Sunderland,Sunderland,3,All,RFM,RFM,RFM,1065,209,240,429,1275,0,0
Washington North Ward,E05001175,WD25,Sunderland,Sunderland,3,All,RFM,RFM,RFM,935,209,102,366,1313,0,0
Washington South Ward,E05001176,WD25,Sunderland,Sunderland,3,All,RFM,RFM,RFM,1259,705,200,684,1616,0,0
Washington West Ward,E05001177,WD25,Sunderland,Sunderland,3,All,LAB,LAB,RFM,1662,269,114,382,1508,0,0
Beddington,E05013754,WD25,Sutton,Sutton,3,All,IND,LDM,LDM,291,285,1220,391,669,1316,0
Belmont,E05013755,WD25,Sutton,Sutton,3,All,LDM,LDM,LDM,201,1284,2130,445,719,0,0
Carshalton Central,E05013756,WD25,Sutton,Sutton,3,All,LDM,LDM,LDM,220,607,2459,673,809,0,86
Carshalton South & Clockhouse,E05013757,WD25,Sutton,Sutton,3,All,LDM,LDM,LDM,163,1310,1966,341,750,0,0
Cheam,E05013758,WD25,Sutton,Sutton,3,All,LDM,LDM,LDM,155,1339,1875,356,831,0,0
Hackbridge,E05013759,WD25,Sutton,Sutton,2,All,LDM,LAB,,726,210,820,278,436,0,0
North Cheam,E05013760,WD25,Sutton,Sutton,3,All,LDM,LDM,LDM,212,1048,1844,420,1112,0,0
South Beddington & Roundshaw,E05013763,WD25,Sutton,Sutton,3,All,LDM,LDM,LDM,207,487,1678,282,925,0,0
St Helier East,E05013761,WD25,Sutton,Sutton,2,All,LDM,LDM,,191,203,906,278,652,0,0
St Helier West,E05013762,WD25,Sutton,Sutton,3,All,LDM,RFM,RFM,281,558,1038,495,1021,0,0
Stonecot,E05013764,WD25,Sutton,Sutton,2,All,LDM,LDM,,184,459,1404,250,631,0,0
Sutton Central,E05013765,WD25,Sutton,Sutton,3,All,LDM,LDM,LDM,290,334,1745,840,587,0,0
Sutton North,E05013766,WD25,Sutton,Sutton,3,All,LDM,LDM,LDM,262,648,1846,447,856,0,0
Sutton South,E05013767,WD25,Sutton,Sutton,3,All,LDM,LDM,LDM,246,861,2004,439,562,0,0
Sutton West & East Cheam,E05013768,WD25,Sutton,Sutton,3,All,LDM,LDM,LDM,298,631,2063,413,701,0,0
The Wrythe,E05013769,WD25,Sutton,Sutton,3,All,LDM,LDM,LDM,236,462,1633,448,944,130,0
Wallington North,E05013770,WD25,Sutton,Sutton,3,All,LDM,LDM,LDM,263,449,1976,469,957,0,0
Wallington South,E05013771,WD25,Sutton,Sutton,3,All,LDM,LDM,LDM,248,527,1990,553,705,0,0
Worcester Park North,E05013772,WD25,Sutton,Sutton,2,All,LDM,LDM,,199,618,1262,356,561,0,0
Worcester Park South,E05013773,WD25,Sutton,Sutton,2,All,LDM,LDM,,115,639,1469,231,699,0,0
"Badbury Park, Eldene & Liden",E05016280,WD26,Swindon,Swindon,3,All,LAB,LAB,RFM,1135,1001,277,477,1021,0,0
Blunsdon,E05016281,WD26,Swindon,Swindon,1,All,CON,,,164,558,91,127,362,0,0
Broadgreen,E05016282,WD26,Swindon,Swindon,2,All,CON,LAB,,1220,1247,132,347,288,0,0
Chiseldon & Ridgeway,E05016283,WD26,Swindon,Swindon,2,All,CON,CON,,197,1147,651,224,481,0,0
Covingham & Nythe,E05016284,WD26,Swindon,Swindon,2,All,CON,CON,,522,1638,178,0,897,0,50
Gorse Hill,E05016285,WD26,Swindon,Swindon,1,All,LAB,,,608,226,50,156,308,0,0
Haydon Wick,E05010756,WD25,Swindon,Swindon,3,All,RFM,RFM,LAB,1190,1065,369,520,1317,0,0
Highworth,E05016287,WD26,Swindon,Swindon,2,All,CON,CON,,581,1516,289,530,780,0,0
Kingshill,E05016288,WD26,Swindon,Swindon,2,All,LAB,LAB,,942,298,120,699,534,0,0
Lower Stratton,E05016289,WD26,Swindon,Swindon,3,All,CON,CON,RFM,762,1283,342,719,1165,0,0
"Lydiard, Freshbrook & Toothill",E05016290,WD26,Swindon,Swindon,3,All,RFM,RFM,RFM,1176,990,241,572,1346,0,24
Old Town & Lawn,E05016291,WD26,Swindon,Swindon,3,All,LAB,LAB,LAB,2006,1216,312,730,993,0,0
Parks,E05016292,WD26,Swindon,Swindon,2,All,LAB,RFM,,848,394,166,322,740,0,0
Penhill & Pinehurst,E05016293,WD26,Swindon,Swindon,2,All,RFM,RFM,,619,335,0,316,792,0,0
Priory Vale,E05008965,WD25,Swindon,Swindon,3,All,CON,CON,CON,688,1236,185,628,920,0,0
Queen's Park,E05016295,WD26,Swindon,Swindon,3,All,LAB,LAB,LAB,1317,604,159,984,475,0,31
Rodbourne Cheney,E05008967,WD25,Swindon,Swindon,2,All,RFM,RFM,,500,239,114,306,828,0,31
Rodbourne Ferndale & Western,E05016297,WD26,Swindon,Swindon,3,All,LAB,LAB,LAB,1512,888,0,604,975,0,0
Shaw & Westlea,E05016298,WD26,Swindon,Swindon,3,All,CON,CON,CON,1298,1487,342,602,1115,0,0
South Marston,E05016299,WD26,Swindon,Swindon,1,All,CON,,,25,361,9,0,63,0,0
St Andrews East,E05016300,WD26,Swindon,Swindon,2,All,CON,CON,,483,1298,0,379,604,0,0
St Andrews West & Tadpole,E05016301,WD26,Swindon,Swindon,2,All,CON,CON,,605,1086,174,450,608,0,0
Upper Stratton,E05016302,WD26,Swindon,Swindon,2,All,RFM,RFM,,736,756,182,366,970,0,23
Walcot,E05016303,WD26,Swindon,Swindon,2,All,LAB,LAB,,1057,379,219,356,552,0,0
Wroughton & Wichelstowe,E05016304,WD26,Swindon,Swindon,3,All,CON,LDM,CON,349,1234,1203,403,872,0,0
Ashton Hurst,E05014519,WD25,Tameside,Tameside,1,All,RFM,,,806,797,0,588,1410,143,0
Ashton St Michael's,E05014520,WD25,Tameside,Tameside,1,All,RFM,,,916,235,0,784,1265,217,0
Ashton Waterloo,E05014521,WD25,Tameside,Tameside,1,All,RFM,,,974,0,0,959,1672,559,0
Audenshaw,E05014522,WD25,Tameside,Tameside,1,All,RFM,,,1022,506,0,983,1906,0,0
Denton North East,E05014523,WD25,Tameside,Tameside,1,All,RFM,,,778,265,0,631,1668,0,0
Denton South,E05014524,WD25,Tameside,Tameside,1,All,RFM,,,606,217,0,692,1732,0,48
Denton West,E05014525,WD25,Tameside,Tameside,1,All,RFM,,,952,204,0,859,1981,0,0
Droylsden East,E05014526,WD25,Tameside,Tameside,1,All,RFM,,,803,0,227,608,1683,0,123
Droylsden West,E05014527,WD25,Tameside,Tameside,1,All,RFM,,,729,151,118,560,1627,353,0
Dukinfield,E05014528,WD25,Tameside,Tameside,1,All,RFM,,,750,218,0,657,1571,0,0
Dukinfield Stalybridge,E05014529,WD25,Tameside,Tameside,1,All,RFM,,,858,342,140,525,1718,0,0
Hyde Godley,E05014530,WD25,Tameside,Tameside,1,All,RFM,,,769,640,0,650,1287,0,245
Hyde Newton,E05014531,WD25,Tameside,Tameside,1,All,RFM,,,703,224,133,609,1482,136,0
Hyde Werneth,E05014532,WD25,Tameside,Tameside,1,All,RFM,,,947,1218,0,796,1287,51,0
Longdendale,E05014533,WD25,Tameside,Tameside,1,All,RFM,,,909,306,123,555,1581,0,0
Mossley,E05014534,WD25,Tameside,Tameside,1,All,RFM,,,1551,259,0,697,1625,0,0
St Peter's,E05014535,WD25,Tameside,Tameside,1,All,LAB,,,1352,0,0,0,864,1175,291
Stalybridge North,E05014536,WD25,Tameside,Tameside,1,All,RFM,,,708,235,0,973,1748,0,0
Stalybridge South,E05014537,WD25,Tameside,Tameside,1,All,RFM,,,565,1189,149,549,1311,101,0
Amington,E05007066,WD25,Tamworth,Tamworth,1,All,RFM,,,403,482,0,347,1402,0,0
Belgrave,E05007067,WD25,Tamworth,Tamworth,1,All,RFM,,,217,256,101,246,1053,0,0
Bolehall,E05007068,WD25,Tamworth,Tamworth,1,All,RFM,,,398,224,0,246,1066,143,0
Castle,E05007069,WD25,Tamworth,Tamworth,1,All,RFM,,,342,556,0,415,1274,0,0
Glascote,E05007070,WD25,Tamworth,Tamworth,1,All,RFM,,,251,227,0,226,1014,0,0
Mercian,E05007071,WD25,Tamworth,Tamworth,1,All,RFM,,,280,420,0,276,964,193,0
Spital,E05007072,WD25,Tamworth,Tamworth,1,All,RFM,,,324,502,0,550,1107,0,0
Stonydelph,E05007073,WD25,Tamworth,Tamworth,1,All,RFM,,,228,329,0,243,1027,0,40
Trinity,E05007074,WD25,Tamworth,Tamworth,1,All,RFM,,,272,545,0,265,1335,0,0
Wilnecote,E05007075,WD25,Tamworth,Tamworth,1,All,,,,0,0,0,0,0,0,0
Abbots Langley & Bedmond,E05009425,WD25,Three Rivers,Three Rivers,1,All,CON,,,80,926,753,226,436,0,0
Carpenders Park,E05009426,WD25,Three Rivers,Three Rivers,1,All,CON,,,156,970,0,187,572,650,0
Chorleywood North & Sarratt,E05009427,WD25,Three Rivers,Three Rivers,1,All,CON,,,92,1203,481,199,576,0,0
Chorleywood South & Maple Cross,E05009428,WD25,Three Rivers,Three Rivers,1,All,LDM,,,67,857,1000,258,511,0,0
Dickinsons,E05009429,WD25,Three Rivers,Three Rivers,1,All,GRN,,,59,235,455,1234,445,0,0
Durrants,E05009430,WD25,Three Rivers,Three Rivers,1,All,LDM,,,50,219,1242,441,417,0,0
Gade Valley,E05009431,WD25,Three Rivers,Three Rivers,1,All,LDM,,,100,697,716,162,508,0,0
Leavesden,E05009432,WD25,Three Rivers,Three Rivers,1,All,LDM,,,114,438,888,193,538,0,19
Moor Park & Eastbury,E05009433,WD25,Three Rivers,Three Rivers,1,All,CON,,,63,1025,224,193,262,0,0
Oxhey Hall & Hayling,E05009434,WD25,Three Rivers,Three Rivers,1,All,LDM,,,146,396,886,201,746,0,0
Penn & Mill End,E05009435,WD25,Three Rivers,Three Rivers,1,All,CON,,,86,892,574,204,623,0,0
Rickmansworth Town,E05009436,WD25,Three Rivers,Three Rivers,1,All,CON,,,85,1380,667,282,373,0,0
South Oxhey,E05009437,WD25,Three Rivers,Three Rivers,1,All,CON,,,465,795,85,201,712,0,0
Aveley,E05016305,WD26,Thurrock,Thurrock,3,All,RFM,RFM,RFM,737,318,0,359,1189,0,0
Belhus,E05002230,WD25,Thurrock,Thurrock,3,All,RFM,RFM,RFM,565,269,0,390,1338,396,0
Chadwell St Mary,E05002231,WD25,Thurrock,Thurrock,3,All,RFM,RFM,RFM,622,282,0,337,1358,0,0
Chafford Hundred East,E05016308,WD26,Thurrock,Thurrock,2,All,RFM,RFM,,631,410,0,318,739,0,0
Chafford Hundred West,E05016309,WD26,Thurrock,Thurrock,2,All,LAB,RFM,,536,377,0,344,516,0,0
Corringham & Fobbing,E05016310,WD26,Thurrock,Thurrock,3,All,RFM,RFM,RFM,624,517,0,374,2226,0,0
"East Tilbury, Linford & West Tilbury",E05016311,WD26,Thurrock,Thurrock,2,All,RFM,RFM,,293,179,192,297,1073,0,0
Grays Riverside,E05002235,WD25,Thurrock,Thurrock,3,All,RFM,RFM,RFM,569,238,0,633,716,0,0
Grays Town,E05016313,WD26,Thurrock,Thurrock,3,All,RFM,RFM,RFM,915,317,183,464,1004,0,0
Little Thurrock Blackshots,E05002237,WD25,Thurrock,Thurrock,2,All,RFM,RFM,,505,575,0,341,1242,0,0
Little Thurrock Rectory,E05002238,WD25,Thurrock,Thurrock,2,All,RFM,RFM,,444,304,0,266,1016,119,0
Ockendon,E05002239,WD25,Thurrock,Thurrock,3,All,RFM,RFM,RFM,607,506,0,468,1500,138,0
"Orsett, Horndon & Bulphan",E05016317,WD26,Thurrock,Thurrock,2,All,RFM,RFM,,244,550,0,234,1451,394,0
Purfleet-on-Thames,E05016318,WD26,Thurrock,Thurrock,2,All,LAB,RFM,,515,187,0,290,475,0,0
Stanford-le-Hope South,E05016319,WD26,Thurrock,Thurrock,3,All,RFM,RFM,RFM,482,287,0,494,1864,1283,0
Stifford,E05016320,WD26,Thurrock,Thurrock,2,All,RFM,RFM,,576,301,0,238,1115,0,0
The Homesteads & Stanford-le-Hope North,E05016321,WD26,Thurrock,Thurrock,3,All,RFM,RFM,RFM,457,404,0,449,1580,1143,0
Tilbury Riverside,E05016322,WD26,Thurrock,Thurrock,2,All,RFM,RFM,,467,88,0,235,613,0,0
Tilbury St Chads,E05002247,WD25,Thurrock,Thurrock,2,All,RFM,RFM,,412,93,0,177,703,0,0
West Thurrock & South Stifford,E05016324,WD26,Thurrock,Thurrock,2,All,CON,CON,,372,669,0,257,445,0,0
Bethnal Green East,E05009317,WD25,Tower Hamlets,Tower Hamlets,3,All,ASP,ASP,ASP,1683,249,218,1922,404,0,2670
Bethnal Green West,E05009331,WD25,Tower Hamlets,Tower Hamlets,3,All,ASP,ASP,ASP,1218,262,255,2139,364,1383,2689
Blackwall & Cubitt Town,E05009318,WD25,Tower Hamlets,Tower Hamlets,3,All,ASP,ASP,ASP,1105,479,527,1032,684,1183,1692
Bow East,E05009319,WD25,Tower Hamlets,Tower Hamlets,3,All,GRN,GRN,GRN,1873,180,262,2777,559,0,1382
Bow West,E05009320,WD25,Tower Hamlets,Tower Hamlets,2,All,GRN,GRN,,1347,199,188,1821,383,190,1027
Bromley North,E05009321,WD25,Tower Hamlets,Tower Hamlets,2,All,ASP,ASP,,791,142,117,1143,232,0,1542
Bromley South,E05009322,WD25,Tower Hamlets,Tower Hamlets,2,All,LAB,ASP,,1495,131,116,796,205,0,1803
Canary Wharf,E05009323,WD25,Tower Hamlets,Tower Hamlets,2,All,ASP,ASP,,875,437,207,594,499,0,1420
Island Gardens,E05009324,WD25,Tower Hamlets,Tower Hamlets,2,All,CON,ASP,,616,1206,170,800,513,0,1318
Lansbury,E05009325,WD25,Tower Hamlets,Tower Hamlets,3,All,ASP,ASP,ASP,982,238,188,1020,588,614,2937
Limehouse,E05009326,WD25,Tower Hamlets,Tower Hamlets,1,All,LAB,,,643,188,130,402,248,0,439
Mile End,E05009327,WD25,Tower Hamlets,Tower Hamlets,3,All,ASP,ASP,ASP,1561,215,220,1512,351,375,2381
Poplar,E05009328,WD25,Tower Hamlets,Tower Hamlets,1,All,ASP,,,399,86,45,297,161,0,1338
Shadwell,E05009332,WD25,Tower Hamlets,Tower Hamlets,2,All,ASP,LDM,,1172,116,1393,563,177,0,2320
Spitalfields & Banglatown,E05009333,WD25,Tower Hamlets,Tower Hamlets,2,All,ASP,ASP,,1045,84,126,684,127,0,1726
St Dunstan's,E05009329,WD25,Tower Hamlets,Tower Hamlets,2,All,ASP,ASP,,1486,92,112,851,239,0,2008
St Katharine's & Wapping,E05009330,WD25,Tower Hamlets,Tower Hamlets,2,All,LAB,LAB,,1303,357,869,698,363,0,609
Stepney Green,E05009334,WD25,Tower Hamlets,Tower Hamlets,2,All,ASP,ASP,,693,114,494,698,206,0,2076
Weavers,E05009335,WD25,Tower Hamlets,Tower Hamlets,2,All,ASP,LAB,,1156,151,137,1124,271,122,1436
Whitechapel,E05009336,WD25,Tower Hamlets,Tower Hamlets,3,All,ASP,ASP,ASP,1247,214,273,1063,199,250,2314
Altrincham,E05015239,WD25,Trafford,Trafford,1,All,GRN,,,363,1099,180,1744,556,0,0
Ashton upon Mersey,E05015240,WD25,Trafford,Trafford,1,All,LAB,,,1476,1038,283,801,683,0,0
Bowdon,E05015241,WD25,Trafford,Trafford,1,All,CON,,,203,2616,105,1424,445,0,11
Broadheath,E05015242,WD25,Trafford,Trafford,1,All,CON,,,1018,1721,842,504,704,33,0
Brooklands,E05015243,WD25,Trafford,Trafford,1,All,LAB,,,1417,1149,262,783,811,0,0
Bucklow-St Martins,E05015244,WD25,Trafford,Trafford,1,All,RFM,,,618,314,173,412,1226,0,69
Davyhulme,E05015245,WD25,Trafford,Trafford,1,All,RFM,,,1283,811,214,665,1294,0,36
Flixton,E05015246,WD25,Trafford,Trafford,1,All,LAB,,,1314,746,241,812,1291,0,32
Gorse Hill & Cornbrook,E05015247,WD25,Trafford,Trafford,1,All,GRN,,,943,199,125,1417,515,0,0
Hale,E05015248,WD25,Trafford,Trafford,1,All,CON,,,271,1941,162,1571,346,0,0
Hale Barns & Timperley South,E05015249,WD25,Trafford,Trafford,1,All,CON,,,183,2138,1084,299,431,0,0
Longford,E05015250,WD25,Trafford,Trafford,1,All,GRN,,,1196,242,127,1719,399,0,0
Lostock & Barton,E05015251,WD25,Trafford,Trafford,1,All,LAB,,,1068,468,178,700,1037,0,0
Manor,E05015252,WD25,Trafford,Trafford,1,All,CON,,,803,2037,145,528,827,0,0
Old Trafford,E05015253,WD25,Trafford,Trafford,1,All,GRN,,,1338,142,118,1952,160,0,0
Sale Central,E05015254,WD25,Trafford,Trafford,1,All,LAB,,,1405,521,279,943,571,0,145
Sale Moor,E05015255,WD25,Trafford,Trafford,1,All,LAB,,,1471,533,208,786,985,0,0
Stretford & Humphrey Park,E05015256,WD25,Trafford,Trafford,1,All,LAB,,,1380,360,161,1264,1033,76,0
Timperley Central,E05015257,WD25,Trafford,Trafford,1,All,LDM,,,325,765,1693,475,1081,0,0
Timperley North,E05015258,WD25,Trafford,Trafford,1,All,LDM,,,440,646,2276,471,830,0,21
Urmston,E05015259,WD25,Trafford,Trafford,1,All,LAB,,,1555,468,227,897,1130,0,36
"Cranbrook, Sissinghurst & Frittenden",E05015803,WD25,Tunbridge Wells,Tunbridge Wells,1,All,CON,,,0,1227,384,370,674,0,0
Culverden,E05015804,WD25,Tunbridge Wells,Tunbridge Wells,1,All,LDM,,,85,685,1402,230,406,27,0
"Hawkhurst, Sandhurst & Benenden",E05015806,WD25,Tunbridge Wells,Tunbridge Wells,1,All,LOC,,,0,894,373,0,767,0,943
High Brooms,E05015807,WD25,Tunbridge Wells,Tunbridge Wells,0,All,,,,0,0,0,0,0,0,0
Paddock Wood,E05015808,WD25,Tunbridge Wells,Tunbridge Wells,1,All,LDM,,,0,749,1195,207,882,0,0
Pantiles,E05015809,WD25,Tunbridge Wells,Tunbridge Wells,1,All,LDM,,,100,931,1246,232,531,0,0
Park,E05015810,WD25,Tunbridge Wells,Tunbridge Wells,1,All,LDM,,,91,497,1515,250,523,0,268
Pembury & Capel,E05015811,WD25,Tunbridge Wells,Tunbridge Wells,1,All,LOC,,,0,466,916,167,659,0,934
Rural Tunbridge Wells,E05015805,WD25,Tunbridge Wells,Tunbridge Wells,1,All,CON,,,73,1474,1131,274,987,0,0
Rusthall & Speldhurst,E05015812,WD25,Tunbridge Wells,Tunbridge Wells,1,All,LDM,,,317,717,1192,264,655,0,352
Sherwood,E05015813,WD25,Tunbridge Wells,Tunbridge Wells,2,All,LDM,LDM,,176,384,847,445,592,0,0
Southborough & Bidborough,E05015814,WD25,Tunbridge Wells,Tunbridge Wells,2,All,LDM,LDM,,0,652,1614,435,719,0,62
St James',E05015815,WD25,Tunbridge Wells,Tunbridge Wells,1,All,LDM,,,130,271,1478,316,365,0,0
St John's,E05015816,WD25,Tunbridge Wells,Tunbridge Wells,1,All,LDM,,,71,220,1047,254,293,0,0
"Ackworth, North Elmsall & Upton",E05016524,WD26,Wakefield,Wakefield,3,All,RFM,RFM,RFM,1179,569,409,818,2224,526,0
Airedale & Ferry Fryston,E05016525,WD26,Wakefield,Wakefield,3,All,RFM,RFM,RFM,1009,268,0,408,1877,0,0
Altofts & Whitwood,E05016526,WD26,Wakefield,Wakefield,3,All,RFM,RFM,RFM,1423,470,319,682,2521,0,0
Castleford Central & Glasshoughton,E05016527,WD26,Wakefield,Wakefield,3,All,RFM,RFM,RFM,1357,338,298,562,1961,0,0
"Crofton, Ryhill & Walton",E05016528,WD26,Wakefield,Wakefield,3,All,RFM,RFM,RFM,1860,639,336,599,2447,0,0
Featherstone,E05001449,WD25,Wakefield,Wakefield,3,All,RFM,RFM,RFM,1341,336,225,481,2068,0,0
Hemsworth,E05001450,WD25,Wakefield,Wakefield,3,All,RFM,RFM,RFM,743,162,159,417,1609,508,549
Horbury & South Ossett,E05016531,WD26,Wakefield,Wakefield,3,All,RFM,RFM,RFM,1915,535,197,600,2131,0,275
Knottingley & Ferrybridge,E05016532,WD26,Wakefield,Wakefield,3,All,RFM,LDM,LDM,335,105,1430,240,1502,0,0
Normanton,E05001453,WD25,Wakefield,Wakefield,3,All,RFM,RFM,RFM,1333,277,258,507,1880,1384,0
Ossett,E05001454,WD25,Wakefield,Wakefield,3,All,RFM,RFM,RFM,1307,1000,275,478,2394,351,151
Pontefract North,E05001455,WD25,Wakefield,Wakefield,3,All,RFM,RFM,RFM,1399,321,302,690,2002,0,0
Pontefract South,E05001456,WD25,Wakefield,Wakefield,3,All,RFM,RFM,RFM,1750,631,262,559,2206,0,80
South Elmsall & South Kirkby,E05016537,WD26,Wakefield,Wakefield,3,All,RFM,RFM,RFM,1244,173,149,426,2253,1401,176
Stanley & Outwood East,E05016538,WD26,Wakefield,Wakefield,3,All,RFM,RFM,RFM,2004,660,364,766,2490,0,0
Wakefield East,E05001459,WD25,Wakefield,Wakefield,3,All,LAB,RFM,RFM,1241,269,151,685,1169,384,1010
Wakefield North,E05001460,WD25,Wakefield,Wakefield,3,All,RFM,GRN,RFM,827,392,160,1415,1466,0,146
Wakefield Rural,E05001461,WD25,Wakefield,Wakefield,3,All,RFM,RFM,RFM,1046,1232,696,598,2751,0,60
Wakefield South,E05001462,WD25,Wakefield,Wakefield,3,All,RFM,RFM,CON,1091,1586,286,944,1691,0,275
Wakefield West,E05001463,WD25,Wakefield,Wakefield,3,All,RFM,RFM,RFM,1048,359,207,631,1886,929,0
Wrenthorpe & Outwood West,E05016544,WD26,Wakefield,Wakefield,3,All,RFM,RFM,RFM,1223,639,473,820,2457,1734,0
Aldridge Central & South Ward,E05016433,WD26,Walsall,Walsall,3,All,CON,CON,RFM,721,1895,0,472,1719,0,0
Aldridge North & Walsall Wood Ward,E05016434,WD26,Walsall,Walsall,3,All,RFM,RFM,CON,399,1524,0,416,1696,214,0
"Beechdale, Leamore & Reedswood Ward",E05016435,WD26,Walsall,Walsall,3,All,RFM,RFM,RFM,495,276,0,374,1416,0,283
Bentley & Darlaston North Ward,E05016436,WD26,Walsall,Walsall,3,All,RFM,RFM,RFM,597,268,0,423,1249,45,667
Bloxwich East & Blakenall Heath Ward,E05016437,WD26,Walsall,Walsall,3,All,RFM,RFM,RFM,413,745,0,412,1643,0,0
Bloxwich West Ward,E05001307,WD25,Walsall,Walsall,3,All,RFM,RFM,RFM,362,824,0,352,2100,0,0
Brownhills Ward,E05001308,WD25,Walsall,Walsall,3,All,RFM,RFM,RFM,351,1006,0,433,1889,0,331
Darlaston South Ward,E05001309,WD25,Walsall,Walsall,3,All,RFM,RFM,RFM,664,265,186,451,1490,719,0
"Harden, Goscote & Ryecroft Ward",E05016441,WD26,Walsall,Walsall,3,All,RFM,RFM,RFM,407,147,0,347,1044,804,436
New Invention Ward,E05016442,WD26,Walsall,Walsall,3,All,RFM,RFM,RFM,811,979,393,0,1537,346,0
Paddock Ward,E05001310,WD25,Walsall,Walsall,3,All,CON,CON,CON,518,1423,0,1011,731,0,1086
Palfrey & The Delves Ward,E05016444,WD26,Walsall,Walsall,3,All,LOC,IND,LOC,505,272,0,1089,512,1419,1518
Pelsall Ward,E05001312,WD25,Walsall,Walsall,3,All,RFM,RFM,CON,289,1486,197,522,2132,327,468
Pheasey Park Farm Ward,E05001313,WD25,Walsall,Walsall,3,All,RFM,CON,RFM,543,1677,0,686,1699,110,131
Pleck Ward,E05001314,WD25,Walsall,Walsall,3,All,LOC,LOC,LOC,933,364,95,494,701,201,1698
Rushall-Shelfield Ward,E05001315,WD25,Walsall,Walsall,3,All,RFM,RFM,RFM,625,752,0,719,1610,205,290
Short Heath Ward,E05001317,WD25,Walsall,Walsall,3,All,RFM,RFM,RFM,380,1218,250,299,1775,0,0
St Matthew's Ward,E05001316,WD25,Walsall,Walsall,3,All,LOC,LOC,LOC,486,631,0,614,373,426,1116
Streetly Ward,E05001318,WD25,Walsall,Walsall,3,All,RFM,CON,CON,581,1894,0,608,2087,95,217
Willenhall Ward,E05016452,WD26,Walsall,Walsall,3,All,RFM,LAB,RFM,1378,323,115,328,1449,0,0
Cann Hall,E05013882,WD25,Waltham Forest,Waltham Forest,3,All,GRN,GRN,GRN,1323,209,219,1970,287,0,0
Cathall,E05013883,WD25,Waltham Forest,Waltham Forest,2,All,GRN,LAB,,832,132,122,872,181,144,0
Chapel End,E05013884,WD25,Waltham Forest,Waltham Forest,3,All,GRN,GRN,GRN,1668,255,302,1808,349,0,94
Chingford Green,E05013885,WD25,Waltham Forest,Waltham Forest,3,All,CON,CON,CON,536,2696,208,733,483,0,0
Endlebury,E05013886,WD25,Waltham Forest,Waltham Forest,2,All,CON,CON,,410,1709,114,513,390,0,0
Forest,E05013887,WD25,Waltham Forest,Waltham Forest,3,All,GRN,GRN,GRN,1211,203,233,2401,315,0,44
Grove Green,E05013888,WD25,Waltham Forest,Waltham Forest,3,All,GRN,GRN,GRN,1281,141,614,2231,211,0,46
Hale End & Highams Park South,E05013889,WD25,Waltham Forest,Waltham Forest,2,All,LAB,LAB,,1384,571,152,741,407,65,35
Hatch Lane & Highams Park North,E05013890,WD25,Waltham Forest,Waltham Forest,3,All,CON,CON,CON,1016,1818,207,1144,679,0,63
High Street,E05013891,WD25,Waltham Forest,Waltham Forest,3,All,GRN,GRN,GRN,1262,135,147,1882,178,0,54
Higham Hill,E05013892,WD25,Waltham Forest,Waltham Forest,3,All,GRN,LAB,GRN,1305,215,382,1489,337,0,74
Hoe Street,E05013893,WD25,Waltham Forest,Waltham Forest,3,All,LAB,LAB,LAB,1855,213,182,1729,260,0,177
Larkswood,E05013894,WD25,Waltham Forest,Waltham Forest,3,All,CON,CON,CON,830,1525,250,0,525,1078,0
Lea Bridge,E05013895,WD25,Waltham Forest,Waltham Forest,3,All,GRN,GRN,GRN,1087,180,169,2433,235,0,0
Leyton,E05013896,WD25,Waltham Forest,Waltham Forest,3,All,GRN,GRN,GRN,1017,194,263,1823,227,0,48
Leytonstone,E05013897,WD25,Waltham Forest,Waltham Forest,3,All,LAB,GRN,GRN,1815,223,222,1767,279,924,0
Markhouse,E05013898,WD25,Waltham Forest,Waltham Forest,2,All,LAB,GRN,,1368,138,126,1170,119,0,38
St James,E05013899,WD25,Waltham Forest,Waltham Forest,3,All,GRN,GRN,GRN,1766,149,167,2194,227,0,66
Upper Walthamstow,E05013900,WD25,Waltham Forest,Waltham Forest,2,All,LAB,LAB,,1290,222,137,828,221,0,37
Valley,E05013901,WD25,Waltham Forest,Waltham Forest,3,All,CON,CON,CON,1084,1687,285,0,655,605,0
William Morris,E05013902,WD25,Waltham Forest,Waltham Forest,3,All,LAB,LAB,GRN,2140,208,223,1847,242,0,69
Wood Street,E05013903,WD25,Waltham Forest,Waltham Forest,2,All,LAB,LAB,,1270,117,122,1248,161,279,40
Balham,E05014009,WD25,Wandsworth,Wandsworth,3,All,CON,LAB,CON,2543,2678,373,1027,318,0,0
Battersea Park,E05014010,WD25,Wandsworth,Wandsworth,3,All,LAB,LAB,CON,1766,1673,288,986,508,0,0
East Putney,E05014011,WD25,Wandsworth,Wandsworth,3,All,LAB,CON,CON,2348,2299,529,1030,565,0,0
Falconbrook,E05014012,WD25,Wandsworth,Wandsworth,2,All,LAB,LAB,,1257,425,157,692,276,64,0
Furzedown,E05014013,WD25,Wandsworth,Wandsworth,3,All,LAB,LAB,LAB,3005,891,371,1628,397,0,61
Lavender,E05014014,WD25,Wandsworth,Wandsworth,2,All,CON,CON,,1137,1747,302,738,192,0,0
Nine Elms,E05014015,WD25,Wandsworth,Wandsworth,2,All,CON,CON,,392,702,143,335,150,0,0
Northcote,E05014016,WD25,Wandsworth,Wandsworth,2,All,CON,CON,,1006,2583,684,577,235,0,0
Roehampton,E05014017,WD25,Wandsworth,Wandsworth,3,All,LAB,LAB,LAB,1881,1064,411,918,716,117,0
Shaftesbury & Queenstown,E05014019,WD25,Wandsworth,Wandsworth,3,All,LAB,LAB,LAB,1927,913,363,1129,446,0,0
South Balham,E05014020,WD25,Wandsworth,Wandsworth,2,All,LAB,LAB,,1634,1285,256,741,188,0,0
Southfields,E05014021,WD25,Wandsworth,Wandsworth,2,All,CON,CON,,1096,1933,1435,628,237,0,0
St Mary's,E05014018,WD25,Wandsworth,Wandsworth,3,All,CON,CON,CON,1666,1827,312,926,448,57,0
Thamesfield,E05014022,WD25,Wandsworth,Wandsworth,3,All,CON,CON,CON,1260,2349,2033,906,354,0,0
Tooting Bec,E05014023,WD25,Wandsworth,Wandsworth,3,All,LAB,LAB,LAB,2495,979,405,1773,399,0,36
Tooting Broadway,E05014024,WD25,Wandsworth,Wandsworth,3,All,LAB,LAB,LAB,2385,613,315,1905,332,0,37
Trinity,E05014025,WD25,Wandsworth,Wandsworth,2,All,LAB,CON,,1842,1647,250,759,199,56,11
Wandle,E05014026,WD25,Wandsworth,Wandsworth,2,All,LAB,CON,,1453,1432,203,696,232,126,0
Wandsworth Common,E05014027,WD25,Wandsworth,Wandsworth,3,All,CON,CON,CON,1644,2655,477,1141,469,0,0
Wandsworth Town,E05014028,WD25,Wandsworth,Wandsworth,3,All,LAB,LAB,CON,2455,2194,522,1013,423,0,0
West Hill,E05014029,WD25,Wandsworth,Wandsworth,3,All,IND,LAB,CON,1679,1314,484,1140,434,4081,0
West Putney,E05014030,WD25,Wandsworth,Wandsworth,3,All,CON,CON,CON,1699,2745,812,971,629,0,0
Callowland,E05011046,WD25,Watford,Watford,1,All,LDM,,,250,97,1030,343,331,0,0
Central,E05011047,WD25,Watford,Watford,1,All,LDM,,,265,170,1094,449,307,0,0
Holywell,E05011048,WD25,Watford,Watford,1,All,LDM,,,649,217,728,467,393,0,32
Leggatts,E05011049,WD25,Watford,Watford,1,All,LDM,,,320,172,776,349,485,0,17
Meriden,E05011050,WD25,Watford,Watford,1,All,LDM,,,156,202,834,194,632,0,0
Nascot,E05011051,WD25,Watford,Watford,1,All,LDM,,,204,420,1329,314,441,0,0
Oxhey,E05011052,WD25,Watford,Watford,1,All,LDM,,,165,225,1356,262,410,0,0
Park,E05011053,WD25,Watford,Watford,1,All,LDM,,,172,323,1510,401,423,0,0
Stanborough,E05011054,WD25,Watford,Watford,1,All,LDM,,,147,269,945,203,603,0,0
Tudor,E05011055,WD25,Watford,Watford,1,All,LDM,,,192,214,949,203,513,0,0
Vicarage,E05011056,WD25,Watford,Watford,1,All,LDM,,,648,125,892,368,254,0,29
Woodside,E05011057,WD25,Watford,Watford,1,All,LDM,,,167,168,951,195,686,0,0
Brookmans Park and Little Heath,E05011058,WD25,Welwyn Hatfield,Welwyn Hatfield,1,All,CON,,,171,1119,144,326,666,0,0
Haldens,E05011059,WD25,Welwyn Hatfield,Welwyn Hatfield,1,All,RFM,,,513,290,425,326,632,0,0
Handside,E05011060,WD25,Welwyn Hatfield,Welwyn Hatfield,1,All,LDM,,,216,445,1330,251,541,0,0
Hatfield Central,E05011061,WD25,Welwyn Hatfield,Welwyn Hatfield,1,All,RFM,,,488,230,147,265,565,0,0
Hatfield East,E05011062,WD25,Welwyn Hatfield,Welwyn Hatfield,1,All,LAB,,,547,433,268,448,512,0,0
Hatfield South West,E05011063,WD25,Welwyn Hatfield,Welwyn Hatfield,1,All,LDM,,,257,207,596,280,492,0,0
Hatfield Villages,E05011064,WD25,Welwyn Hatfield,Welwyn Hatfield,1,All,LAB,,,622,395,166,334,544,0,0
Hollybush,E05011065,WD25,Welwyn Hatfield,Welwyn Hatfield,1,All,RFM,,,547,273,107,235,575,0,0
Howlands,E05011066,WD25,Welwyn Hatfield,Welwyn Hatfield,1,All,LAB,,,764,259,122,257,746,0,0
Northaw and Cuffley,E05011067,WD25,Welwyn Hatfield,Welwyn Hatfield,1,All,CON,,,97,1175,117,160,688,0,0
Panshanger,E05011068,WD25,Welwyn Hatfield,Welwyn Hatfield,1,All,LDM,,,172,236,655,222,631,0,0
Peartree,E05011069,WD25,Welwyn Hatfield,Welwyn Hatfield,1,All,LDM,,,187,93,701,288,486,0,0
Sherrards,E05011070,WD25,Welwyn Hatfield,Welwyn Hatfield,1,All,LDM,,,212,299,994,251,488,0,0
Welham Green and Hatfield South,E05011071,WD25,Welwyn Hatfield,Welwyn Hatfield,1,All,LDM,,,175,358,692,199,631,0,0
Welwyn East,E05011072,WD25,Welwyn Hatfield,Welwyn Hatfield,2,All,CON,CON,,344,883,319,365,607,0,0
Welwyn West,E05011073,WD25,Welwyn Hatfield,Welwyn Hatfield,1,All,CON,,,197,987,171,380,666,0,0
Aughton & Holborn,E05014929,WD25,West Lancashire,West Lancashire,1,All,LOC,,,427,397,0,247,713,0,1162
Burscough Bridge & Rufford,E05014930,WD25,West Lancashire,West Lancashire,1,All,RFM,,,399,627,47,214,827,0,758
Burscough Town,E05014931,WD25,West Lancashire,West Lancashire,1,All,LOC,,,407,159,0,195,629,0,938
North Meols & Hesketh Bank,E05014932,WD25,West Lancashire,West Lancashire,1,All,CON,,,207,1304,110,163,733,0,0
Old Skelmersdale,E05014933,WD25,West Lancashire,West Lancashire,1,All,RFM,,,549,106,0,523,883,0,0
Ormskirk East,E05014934,WD25,West Lancashire,West Lancashire,1,All,LOC,,,524,153,0,320,531,0,1151
Ormskirk West,E05014935,WD25,West Lancashire,West Lancashire,1,All,LOC,,,480,120,0,311,585,0,1105
Rural North East,E05014936,WD25,West Lancashire,West Lancashire,1,All,CON,,,539,1093,0,420,1001,0,0
Rural South,E05014937,WD25,West Lancashire,West Lancashire,1,All,LOC,,,259,154,0,238,580,0,842
Rural West,E05014938,WD25,West Lancashire,West Lancashire,1,All,RFM,,,405,527,131,297,1191,0,0
Skelmersdale North,E05014939,WD25,West Lancashire,West Lancashire,1,All,RFM,,,533,79,146,329,780,0,145
Skelmersdale South,E05014940,WD25,West Lancashire,West Lancashire,1,All,RFM,,,364,46,57,202,581,0,455
Tanhouse & Skelmersdale Town Centre,E05014941,WD25,West Lancashire,West Lancashire,1,All,RFM,,,348,63,49,225,713,0,305
Tarleton Village,E05014942,WD25,West Lancashire,West Lancashire,1,All,CON,,,266,1236,197,138,875,0,0
Up Holland,E05014943,WD25,West Lancashire,West Lancashire,1,All,RFM,,,597,225,0,328,1028,0,389
Alvescot and Filkins,E05006627,WD25,West Oxfordshire,West Oxfordshire,0,All,,,,0,0,0,0,0,0,0
Ascott and Shipton,E05006628,WD25,West Oxfordshire,West Oxfordshire,1,All,LDM,,,22,343,444,47,111,0,0
Bampton and Clanfield,E05006629,WD25,West Oxfordshire,West Oxfordshire,1,All,LDM,,,29,622,706,85,320,0,0
Brize Norton and Shilton,E05009364,WD25,West Oxfordshire,West Oxfordshire,1,All,GRN,,,16,269,256,335,248,0,0
Burford,E05009363,WD25,West Oxfordshire,West Oxfordshire,1,All,CON,,,8,370,330,39,189,0,0
Carterton North East,E05006632,WD25,West Oxfordshire,West Oxfordshire,1,All,CON,,,38,619,324,116,345,58,0
Carterton North West,E05009365,WD25,West Oxfordshire,West Oxfordshire,1,All,RFM,,,52,489,272,152,600,0,0
Carterton South,E05006634,WD25,West Oxfordshire,West Oxfordshire,1,All,CON,,,46,518,293,85,440,0,0
Chadlington and Churchill,E05010781,WD25,West Oxfordshire,West Oxfordshire,0,All,,,,0,0,0,0,0,0,0
Charlbury and Finstock,E05010782,WD25,West Oxfordshire,West Oxfordshire,0,All,,,,0,0,0,0,0,0,0
Chipping Norton,E05006637,WD25,West Oxfordshire,West Oxfordshire,1,All,LDM,,,338,364,745,409,622,0,0
Ducklington,E05006638,WD25,West Oxfordshire,West Oxfordshire,1,All,CON,,,33,470,309,44,265,0,0
Eynsham and Cassington,E05006639,WD25,West Oxfordshire,West Oxfordshire,1,All,LDM,,,112,417,1156,337,466,0,0
Freeland and Hanborough,E05006640,WD25,West Oxfordshire,West Oxfordshire,1,All,CON,,,54,808,785,151,237,0,0
"Hailey, Minster Lovell and Leafield",E05010783,WD25,West Oxfordshire,West Oxfordshire,0,All,,,,0,0,0,0,0,0,0
"Kingham, Rollright and Enstone",E05006642,WD25,West Oxfordshire,West Oxfordshire,0,All,,,,0,0,0,0,0,0,0
Milton-under-Wychwood,E05006643,WD25,West Oxfordshire,West Oxfordshire,0,All,,,,0,0,0,0,0,0,0
North Leigh,E05006644,WD25,West Oxfordshire,West Oxfordshire,0,All,,,,0,0,0,0,0,0,0
"Standlake, Aston and Stanton Harcourt",E05006645,WD25,West Oxfordshire,West Oxfordshire,1,All,LDM,,,30,516,981,81,363,0,0
Stonesfield and Tackley,E05006646,WD25,West Oxfordshire,West Oxfordshire,0,All,,,,0,0,0,0,0,0,0
The Bartons,E05006647,WD25,West Oxfordshire,West Oxfordshire,1,All,LDM,,,13,250,435,15,117,0,0
Witney Central,E05006648,WD25,West Oxfordshire,West Oxfordshire,0,All,,,,0,0,0,0,0,0,0
Witney East,E05006649,WD25,West Oxfordshire,West Oxfordshire,1,All,CON,,,574,978,633,223,398,0,0
Witney North,E05006650,WD25,West Oxfordshire,West Oxfordshire,0,All,,,,0,0,0,0,0,0,0
Witney South,E05006651,WD25,West Oxfordshire,West Oxfordshire,1,All,CON,,,427,658,289,194,474,0,0
Witney West,E05006652,WD25,West Oxfordshire,West Oxfordshire,0,All,,,,0,0,0,0,0,0,0
Woodstock and Bladon,E05006653,WD25,West Oxfordshire,West Oxfordshire,1,All,LDM,,,101,463,772,246,261,0,0
Addlestone,,,,West Surrey,2,All,RFM,RFM,,281,962,617,820,1254,0,0
Ash,,,,West Surrey,2,All,LDM,LDM,,221,1422,2088,483,1204,243,0
Ashford,,,,West Surrey,2,All,IND,RFM,,375,849,628,474,1465,1870,0
"Bagshot, Windlesham & Chobham",,,,West Surrey,2,All,LDM,LDM,,84,1383,2105,275,1397,0,0
Camberley East,,,,West Surrey,2,All,LDM,LDM,,138,1593,1880,354,1185,0,0
Camberley West & Frimley,,,,West Surrey,2,All,LDM,LDM,,161,530,1824,390,1084,0,0
Chertsey,,,,West Surrey,2,All,CON,CON,,464,1717,585,512,1174,0,0
Cranleigh & Ewhurst,,,,West Surrey,2,All,LDM,LDM,,159,1590,3440,329,1288,0,0
Egham,,,,West Surrey,2,All,LOC,RFM,,709,663,265,701,1014,188,1113
Englefield Green & Virginia Water,,,,West Surrey,2,All,CON,CON,,287,1858,1146,357,636,0,0
Farnham Central,,,,West Surrey,2,All,LDM,LDM,,172,747,1710,514,714,0,1295
Farnham North,,,,West Surrey,2,All,LOC,LOC,,220,540,854,510,1037,0,2012
Farnham South,,,,West Surrey,2,All,LDM,LDM,,156,1103,1492,417,694,172,1197
Frimley Green & Mytchett,,,,West Surrey,2,All,CON,LDM,,86,2027,1911,313,1295,0,0
Godalming North,,,,West Surrey,2,All,LDM,LDM,,143,1608,2818,1001,701,0,0
"Godalming South, Milford & Witley",,,,West Surrey,2,All,LDM,LDM,,114,1503,2809,531,666,1537,0
Goldsworth East & Horsell Village,,,,West Surrey,2,All,LDM,LDM,,219,733,3029,626,798,0,0
Guildford East,,,,West Surrey,2,All,LDM,LDM,,234,1243,2818,490,817,0,0
Guildford North,,,,West Surrey,2,All,LDM,LDM,,332,596,1696,727,909,0,0
Guildford South East,,,,West Surrey,2,All,LDM,LDM,,166,1394,2325,579,533,126,0
Guildford South West,,,,West Surrey,2,All,LDM,LDM,,200,649,2595,1157,491,0,0
Guildford West,,,,West Surrey,2,All,LDM,LDM,,407,414,1534,788,801,0,100
Haslemere,,,,West Surrey,2,All,LDM,LDM,,115,1214,2441,803,857,0,0
Heatherside & Parkside,,,,West Surrey,2,All,LDM,LDM,,104,847,2912,649,1565,0,0
Horsleys,,,,West Surrey,2,All,LOC,CON,,138,1446,1181,306,915,0,1845
Knaphill & Goldsworth West,,,,West Surrey,2,All,LDM,LDM,,0,713,2556,705,1039,1122,0
Laleham & Shepperton,,,,West Surrey,2,All,CON,CON,,273,2702,622,764,1520,0,0
"Lightwater, West End & Bisley",,,,West Surrey,2,All,LDM,LDM,,128,1269,2656,288,1462,561,0
Lower Sunbury & Halliford,,,,West Surrey,2,All,LDM,LDM,,251,1586,1731,388,1291,0,0
Shalford,,,,West Surrey,2,All,CON,CON,,161,2062,1375,443,933,0,0
Shere,,,,West Surrey,2,All,CON,CON,,174,2297,1308,463,1067,0,0
Staines,,,,West Surrey,2,All,LDM,LDM,,276,924,1989,466,1200,661,87
Staines South & Ashford West,,,,West Surrey,2,All,RFM,LDM,,361,1176,1448,417,1481,330,0
"Stanwell, Stanwell Moor & Ashford North",,,,West Surrey,2,All,RFM,RFM,,752,976,213,428,1478,0,0
Sunbury Common & Ashford Common,,,,West Surrey,2,All,LDM,RFM,,290,746,1896,463,1428,407,35
The Byfleets,,,,West Surrey,2,All,LDM,LDM,,152,546,1743,0,972,1413,0
"Thorpe, Longcross & Ottershaw",,,,West Surrey,2,All,RFM,CON,,231,1623,1380,347,1729,426,0
Waverley Eastern Villages,,,,West Surrey,2,All,CON,CON,,130,3359,1696,342,703,0,0
Waverley Western Villages,,,,West Surrey,2,All,CON,LDM,,108,1961,1941,329,829,990,0
Woking North,,,,West Surrey,2,All,LDM,LDM,,981,658,2356,0,731,574,0
Woking South,,,,West Surrey,2,All,LDM,LDM,,0,471,2489,600,799,0,0
Woking South East,,,,West Surrey,2,All,LDM,LDM,,146,913,2859,398,903,0,0
Woking South West,,,,West Surrey,2,All,LDM,LDM,,143,1478,2820,499,1024,0,0
Woodham & New Haw,,,,West Surrey,2,All,CON,CON,,186,2212,1718,422,1151,0,0
Worplesdon,,,,West Surrey,2,All,CON,CON,,196,1775,1458,456,1087,0,0
Abbey Road,E05013792,WD25,Westminster,Westminster,3,All,CON,CON,CON,510,1297,266,411,567,0,0
Bayswater,E05013793,WD25,Westminster,Westminster,3,All,CON,LAB,CON,1009,1016,179,373,238,0,0
Church Street,E05013794,WD25,Westminster,Westminster,3,All,LAB,LAB,LAB,891,274,142,614,232,0,0
Harrow Road,E05013795,WD25,Westminster,Westminster,3,All,LAB,LAB,LAB,1038,310,129,893,223,0,54
Hyde Park,E05013796,WD25,Westminster,Westminster,3,All,CON,CON,LAB,800,856,108,313,138,0,0
Knightsbridge & Belgravia,E05013797,WD25,Westminster,Westminster,3,All,CON,CON,CON,325,1097,163,286,355,0,0
Lancaster Gate,E05013798,WD25,Westminster,Westminster,3,All,LAB,LAB,CON,989,862,141,381,271,0,0
Little Venice,E05013799,WD25,Westminster,Westminster,3,All,CON,CON,CON,935,1215,127,368,187,0,0
Maida Vale,E05013800,WD25,Westminster,Westminster,3,All,LAB,LAB,LAB,1008,578,184,514,316,0,0
Marylebone,E05013801,WD25,Westminster,Westminster,3,All,CON,CON,CON,381,1188,722,305,303,0,0
Pimlico North,E05013802,WD25,Westminster,Westminster,3,All,CON,CON,CON,713,1357,270,459,359,0,0
Pimlico South,E05013803,WD25,Westminster,Westminster,3,All,LAB,LAB,LAB,1273,1033,145,459,396,0,0
Queen's Park,E05013804,WD25,Westminster,Westminster,3,All,LAB,LAB,LAB,1218,319,206,892,317,0,0
Regent's Park,E05013805,WD25,Westminster,Westminster,3,All,CON,CON,CON,500,1322,223,420,301,0,0
St James's,E05013806,WD25,Westminster,Westminster,3,All,CON,CON,CON,495,1035,177,387,285,0,0
Vincent Square,E05013807,WD25,Westminster,Westminster,3,All,CON,CON,CON,759,1405,173,386,265,57,0
West End,E05013808,WD25,Westminster,Westminster,3,All,CON,CON,CON,722,954,166,365,245,0,0
Westbourne,E05013809,WD25,Westminster,Westminster,3,All,LAB,LAB,LAB,1072,309,143,854,204,0,0
Abram,E05014989,WD25,Wigan,Wigan,1,All,RFM,,,844,158,138,394,1958,0,0
Ashton-in-Makerfield South,E05014990,WD25,Wigan,Wigan,1,All,RFM,,,1100,285,0,432,1572,0,0
"Aspull, New Springs & Whelley",E05014991,WD25,Wigan,Wigan,1,All,RFM,,,1348,203,135,399,2050,0,0
Astley,E05014992,WD25,Wigan,Wigan,1,All,RFM,,,942,392,0,504,2100,703,0
Atherton North,E05014993,WD25,Wigan,Wigan,1,All,IND,,,407,121,0,270,1009,1635,0
Atherton South & Lilford,E05014994,WD25,Wigan,Wigan,1,All,RFM,,,868,230,0,398,2027,0,457
Bryn with Ashton-in-Makerfield North,E05014995,WD25,Wigan,Wigan,1,All,RFM,,,816,229,177,400,1770,0,0
Douglas,E05014996,WD25,Wigan,Wigan,1,All,RFM,,,585,124,103,307,1293,515,0
Golborne & Lowton West,E05014997,WD25,Wigan,Wigan,1,All,RFM,,,1125,310,0,281,1478,0,228
Hindley,E05014998,WD25,Wigan,Wigan,1,All,RFM,,,750,140,125,374,1832,282,0
Hindley Green,E05014999,WD25,Wigan,Wigan,1,All,RFM,,,1172,174,106,258,1878,0,0
Ince,E05015000,WD25,Wigan,Wigan,1,All,RFM,,,608,115,135,365,1809,73,0
Leigh Central & Higher Folds,E05015001,WD25,Wigan,Wigan,1,All,RFM,,,886,216,0,527,1696,0,185
Leigh South,E05015002,WD25,Wigan,Wigan,1,All,RFM,,,968,290,211,333,1827,0,220
Leigh West,E05015003,WD25,Wigan,Wigan,1,All,RFM,,,958,251,200,401,1945,0,0
Lowton East,E05015004,WD25,Wigan,Wigan,1,All,RFM,,,1238,1508,0,506,1817,0,0
Orrell,E05015005,WD25,Wigan,Wigan,1,All,RFM,,,983,787,199,470,1621,0,0
Pemberton,E05015006,WD25,Wigan,Wigan,1,All,RFM,,,733,146,133,358,1623,0,0
Shevington with Lower Ground & Moor,E05015007,WD25,Wigan,Wigan,1,All,RFM,,,1147,312,186,633,1916,0,253
Standish with Langtree,E05015008,WD25,Wigan,Wigan,1,All,RFM,,,1014,732,108,757,1679,0,811
Tyldesley & Mosley Common,E05015009,WD25,Wigan,Wigan,1,All,RFM,,,785,330,0,560,1768,512,0
Wigan Central,E05015010,WD25,Wigan,Wigan,1,All,RFM,,,1205,292,229,516,1771,0,0
Wigan West,E05015011,WD25,Wigan,Wigan,1,All,RFM,,,1037,173,210,527,1746,0,0
Winstanley,E05015012,WD25,Wigan,Wigan,1,All,RFM,,,1174,243,176,312,1881,0,0
Worsley Mesnes,E05015013,WD25,Wigan,Wigan,1,All,RFM,,,101,847,108,320,1711,272,0
Alresford and Itchen Valley,E05010995,WD25,Winchester,Winchester,1,All,LDM,,,45,901,1975,228,596,0,0
Badger Farm and Oliver's Battery,E05010996,WD25,Winchester,Winchester,1,All,LDM,,,75,1192,1735,387,442,0,0
Bishop's Waltham,E05010997,WD25,Winchester,Winchester,1,All,LDM,,,59,856,1493,363,643,0,0
Central Meon Valley,E05010998,WD25,Winchester,Winchester,1,All,GRN,,,51,874,708,1570,858,0,0
Colden Common and Twyford,E05010999,WD25,Winchester,Winchester,1,All,IND,,,42,245,540,0,382,1164,0
Denmead,E05011000,WD25,Winchester,Winchester,1,All,LDM,,,85,800,1186,185,998,0,0
Southwick and Wickham,E05011006,WD25,Winchester,Winchester,1,All,LDM,,,58,471,1056,257,839,0,0
St Barnabas,E05011001,WD25,Winchester,Winchester,1,All,LDM,,,66,746,1981,479,453,0,0
St Bartholomew,E05011002,WD25,Winchester,Winchester,1,All,LDM,,,79,348,1455,779,363,0,0
St Luke,E05011003,WD25,Winchester,Winchester,0,All,,,,0,0,0,0,0,0,0
St Michael,E05011004,WD25,Winchester,Winchester,1,All,LDM,,,68,760,1390,636,413,0,0
St Paul,E05011005,WD25,Winchester,Winchester,1,All,LDM,,,64,439,1616,951,275,0,0
The Worthys,E05011007,WD25,Winchester,Winchester,1,All,LDM,,,51,623,1542,253,431,0,0
Upper Meon Valley,E05011008,WD25,Winchester,Winchester,1,All,LDM,,,23,917,933,208,444,0,0
Whiteley and Shedfield,E05011009,WD25,Winchester,Winchester,1,All,LDM,,,53,496,1301,461,781,183,0
Wonston and Micheldever,E05011010,WD25,Winchester,Winchester,1,All,LDM,,,43,1130,1332,233,489,0,0
Barkham & Arborfield,E05015783,WD25,Wokingham,Wokingham,1,All,LDM,,,123,866,1328,267,769,0,0
Bulmershe & Coronation,E05015784,WD25,Wokingham,Wokingham,1,All,CON,,,452,1238,584,468,722,0,0
Emmbrook,E05015785,WD25,Wokingham,Wokingham,1,All,LDM,,,159,1005,1854,406,678,0,0
Evendons,E05015786,WD25,Wokingham,Wokingham,1,All,LDM,,,203,915,1382,319,672,0,0
Finchampstead,E05015787,WD25,Wokingham,Wokingham,1,All,CON,,,115,1630,1310,262,902,0,0
Hawkedon,E05015788,WD25,Wokingham,Wokingham,1,All,LDM,,,220,1127,1270,343,578,0,0
Hillside,E05015789,WD25,Wokingham,Wokingham,1,All,LDM,,,216,1305,1485,403,557,0,0
Loddon,E05015790,WD25,Wokingham,Wokingham,1,All,CON,,,580,908,392,522,664,0,0
Maiden Erlegh & Whitegates,E05015791,WD25,Wokingham,Wokingham,1,All,LDM,,,425,1067,1491,509,523,0,0
Norreys,E05015792,WD25,Wokingham,Wokingham,1,All,LAB,,,896,798,568,228,655,0,20
Shinfield,E05015793,WD25,Wokingham,Wokingham,1,All,CON,,,321,854,268,241,480,530,0
South Lake,E05015794,WD25,Wokingham,Wokingham,1,All,LDM,,,0,826,1174,614,770,0,0
Spencers Wood & Swallowfield,E05015795,WD25,Wokingham,Wokingham,1,All,LDM,,,125,1052,1072,307,844,0,55
Thames,E05015796,WD25,Wokingham,Wokingham,1,All,CON,,,70,1550,1532,201,467,0,0
"Twyford, Ruscombe & Hurst",E05015797,WD25,Wokingham,Wokingham,1,All,LDM,,,82,643,2535,330,694,0,0
Wescott,E05015798,WD25,Wokingham,Wokingham,1,All,LDM,,,150,953,1398,398,590,0,0
Winnersh,E05015799,WD25,Wokingham,Wokingham,1,All,LDM,,,91,729,1464,309,677,0,0
Wokingham Without,E05015800,WD25,Wokingham,Wokingham,2,All,CON,LDM,,72,1197,1160,177,631,0,0
Bilston North,E05014838,WD25,Wolverhampton,Wolverhampton,1,All,RFM,,,690,301,0,962,1439,0,0
Bilston South,E05014839,WD25,Wolverhampton,Wolverhampton,1,All,RFM,,,823,302,0,495,1369,0,0
Blakenhall,E05014840,WD25,Wolverhampton,Wolverhampton,1,All,LAB,,,1278,412,122,541,397,0,0
Bushbury North,E05014841,WD25,Wolverhampton,Wolverhampton,1,All,RFM,,,658,713,143,438,1635,0,0
Bushbury South & Low Hill,E05014842,WD25,Wolverhampton,Wolverhampton,1,All,RFM,,,756,219,0,362,921,81,0
East Park,E05014843,WD25,Wolverhampton,Wolverhampton,1,All,RFM,,,868,240,0,368,1029,82,0
Ettingshall North,E05014844,WD25,Wolverhampton,Wolverhampton,1,All,LAB,,,1032,338,0,665,664,82,0
Ettingshall South & Spring Vale,E05014845,WD25,Wolverhampton,Wolverhampton,1,All,RFM,,,1020,382,0,382,1632,0,0
Fallings Park,E05014846,WD25,Wolverhampton,Wolverhampton,1,All,RFM,,,842,416,152,300,1230,0,0
Graiseley,E05014847,WD25,Wolverhampton,Wolverhampton,1,All,LAB,,,1126,349,185,676,661,0,0
Heath Town,E05014848,WD25,Wolverhampton,Wolverhampton,1,All,LAB,,,744,270,0,559,666,0,0
Merry Hill,E05014849,WD25,Wolverhampton,Wolverhampton,1,All,RFM,,,1147,888,0,506,1331,0,0
Oxley,E05014850,WD25,Wolverhampton,Wolverhampton,1,All,RFM,,,912,794,0,497,1182,0,0
Park,E05014851,WD25,Wolverhampton,Wolverhampton,1,All,LAB,,,1089,454,141,1046,600,144,0
Penn,E05014852,WD25,Wolverhampton,Wolverhampton,1,All,CON,,,1236,1576,0,492,1113,0,0
St Peters,E05014853,WD25,Wolverhampton,Wolverhampton,1,All,LAB,,,1133,193,0,668,264,113,0
Tettenhall Regis,E05014854,WD25,Wolverhampton,Wolverhampton,1,All,CON,,,642,1310,204,562,1237,0,0
Tettenhall Wightwick,E05014855,WD25,Wolverhampton,Wolverhampton,1,All,CON,,,726,1558,0,574,1368,0,0
Wednesfield North,E05014856,WD25,Wolverhampton,Wolverhampton,1,All,RFM,,,583,395,144,318,1607,0,0
Wednesfield South,E05014857,WD25,Wolverhampton,Wolverhampton,2,All,RFM,RFM,,950,516,0,429,1383,0,0
Broadwater,E05007694,WD25,Worthing,Worthing,1,All,GRN,,,741,388,157,1065,824,0,0
Castle,E05007695,WD25,Worthing,Worthing,1,All,RFM,,,724,511,334,515,953,0,0
Central,E05007696,WD25,Worthing,Worthing,1,All,GRN,,,926,353,185,1256,713,0,0
Durrington,E05007697,WD25,Worthing,Worthing,1,All,RFM,,,325,452,196,266,793,0,0
Gaisford,E05007698,WD25,Worthing,Worthing,1,All,GRN,,,966,506,310,1000,805,0,0
Goring,E05007699,WD25,Worthing,Worthing,1,All,GRN,,,268,1183,124,1582,1077,0,0
Heene,E05007700,WD25,Worthing,Worthing,1,All,GRN,,,837,450,184,1014,614,0,0
Marine,E05007701,WD25,Worthing,Worthing,1,All,LAB,,,1295,868,201,557,792,0,0
Northbrook,E05007702,WD25,Worthing,Worthing,1,All,RFM,,,470,404,224,314,719,0,0
Offington,E05007703,WD25,Worthing,Worthing,1,All,RFM,,,605,1066,284,421,1134,0,0
Salvington,E05007704,WD25,Worthing,Worthing,1,All,RFM,,,560,863,328,444,1300,0,0
Selden,E05007705,WD25,Worthing,Worthing,1,All,GRN,,,883,314,174,965,709,0,0
Tarring,E05007706,WD25,Worthing,Worthing,1,All,LDM,,,783,305,887,482,786,0,0
