ward_code,ward_name,lad_code,lad_name,pcon_code,pcon_name,split_ward,is_primary_by_area,intersection_area_km2
E05000932,Ainsdale,E08000014,Sefton,E14001463,Sefton Central,false,true,
E05000933,Birkdale,E08000014,Sefton,E14001504,Southport,false,true,
E05000934,Blundellsands,E08000014,Sefton,E14001463,Sefton Central,false,true,
E05000935,Cambridge,E08000014,Sefton,E14001504,Southport,false,true,
E05000936,Church,E08000014,Sefton,E14001113,Bootle,false,true,
E05000937,Derby,E08000014,Sefton,E14001113,Bootle,false,true,
E05000938,Duke's,E08000014,Sefton,E14001504,Southport,false,true,
E05000939,Ford,E08000014,Sefton,E14001113,Bootle,false,true,
E05000940,Harington,E08000014,Sefton,E14001463,Sefton Central,false,true,
E05000941,Kew,E08000014,Sefton,E14001504,Southport,false,true,
E05000942,Linacre,E08000014,Sefton,E14001113,Bootle,false,true,
E05000943,Litherland,E08000014,Sefton,E14001113,Bootle,false,true,
E05000944,Manor,E08000014,Sefton,E14001463,Sefton Central,false,true,
E05000945,Meols,E08000014,Sefton,E14001504,Southport,false,true,
E05000946,Molyneux,E08000014,Sefton,E14001339,Liverpool Walton,true,,
E05000946,Molyneux,E08000014,Sefton,E14001463,Sefton Central,true,,
E05000947,Netherton and Orrell,E08000014,Sefton,E14001113,Bootle,false,true,
E05000948,Norwood,E08000014,Sefton,E14001504,Southport,false,true,
E05000949,Park,E08000014,Sefton,E14001463,Sefton Central,false,true,
E05000950,Ravenmeols,E08000014,Sefton,E14001463,Sefton Central,false,true,
E05000951,St Oswald,E08000014,Sefton,E14001113,Bootle,false,true,
E05000952,Sudell,E08000014,Sefton,E14001463,Sefton Central,false,true,
E05000953,Victoria,E08000014,Sefton,E14001113,Bootle,false,true,
E05000954,Bebington,E08000015,Wirral,E14001091,Birkenhead,false,true,
E05000955,Bidston and St James,E08000015,Wirral,E14001091,Birkenhead,false,true,
E05000956,Birkenhead and Tranmere,E08000015,Wirral,E14001091,Birkenhead,false,true,
E05000957,Bromborough,E08000015,Wirral,E14001222,Ellesmere Port and Bromborough,false,true,
E05000958,Clatterbridge,E08000015,Wirral,E14001589,Wirral West,false,true,
E05000959,Claughton,E08000015,Wirral,E14001091,Birkenhead,false,true,
E05000960,Eastham,E08000015,Wirral,E14001222,Ellesmere Port and Bromborough,false,true,
E05000961,"Greasby, Frankby and Irby",E08000015,Wirral,E14001589,Wirral West,false,true,
E05000962,Heswall,E08000015,Wirral,E14001589,Wirral West,false,true,
E05000963,Hoylake and Meols,E08000015,Wirral,E14001589,Wirral West,false,true,
E05000964,Leasowe and Moreton East,E08000015,Wirral,E14001561,Wallasey,false,true,
E05000965,Liscard,E08000015,Wirral,E14001561,Wallasey,false,true,
E05000966,Moreton West and Saughall Massie,E08000015,Wirral,E14001561,Wallasey,false,true,
E05000967,New Brighton,E08000015,Wirral,E14001561,Wallasey,false,true,
E05000968,Oxton,E08000015,Wirral,E14001091,Birkenhead,false,true,
E05000969,Pensby and Thingwall,E08000015,Wirral,E14001589,Wirral West,false,true,
E05000970,Prenton,E08000015,Wirral,E14001091,Birkenhead,false,true,
E05000971,Rock Ferry,E08000015,Wirral,E14001091,Birkenhead,false,true,
E05000972,Seacombe,E08000015,Wirral,E14001561,Wallasey,false,true,
E05000973,Upton,E08000015,Wirral,E14001561,Wallasey,true,true,2.2377
E05000973,Upton,E08000015,Wirral,E14001589,Wirral West,true,false,2.0139
E05000974,Wallasey,E08000015,Wirral,E14001561,Wallasey,false,true,
E05000975,West Kirby and Thurstaston,E08000015,Wirral,E14001589,Wirral West,false,true,
E05000976,Central,E08000038,Barnsley,E14001074,Barnsley North,false,true,
E05000977,Cudworth,E08000038,Barnsley,E14001074,Barnsley North,false,true,
E05000978,Darfield,E08000038,Barnsley,E14001075,Barnsley South,false,true,
E05000979,Darton East,E08000038,Barnsley,E14001074,Barnsley North,false,true,
E05000980,Darton West,E08000038,Barnsley,E14001074,Barnsley North,false,true,
E05000981,Dearne North,E08000038,Barnsley,E14001075,Barnsley South,false,true,
E05000982,Dearne South,E08000038,Barnsley,E14001075,Barnsley South,false,true,
E05000983,Dodworth,E08000038,Barnsley,E14001423,Penistone and Stocksbridge,false,true,
E05000984,Hoyland Milton,E08000038,Barnsley,E14001075,Barnsley South,false,true,
E05000985,Kingstone,E08000038,Barnsley,E14001075,Barnsley South,false,true,
E05000986,Monk Bretton,E08000038,Barnsley,E14001074,Barnsley North,false,true,
E05000987,North East,E08000038,Barnsley,E14001074,Barnsley North,false,true,
E05000988,Old Town,E08000038,Barnsley,E14001074,Barnsley North,false,true,
E05000990,Penistone West,E08000038,Barnsley,E14001423,Penistone and Stocksbridge,false,true,
E05000991,Rockingham,E08000038,Barnsley,E14001075,Barnsley South,false,true,
E05000992,Royston,E08000038,Barnsley,E14001074,Barnsley North,false,true,
E05000993,St Helens,E08000038,Barnsley,E14001074,Barnsley North,false,true,
E05000994,Stairfoot,E08000038,Barnsley,E14001075,Barnsley South,false,true,
E05000995,Wombwell,E08000038,Barnsley,E14001075,Barnsley South,false,true,
E05000996,Worsbrough,E08000038,Barnsley,E14001075,Barnsley South,false,true,
E05001067,Birtley,E08000037,Gateshead,E14001567,Washington and Gateshead South,false,true,
E05001068,Blaydon,E08000037,Gateshead,E14001106,Blaydon and Consett,false,true,
E05001069,Bridges,E08000037,Gateshead,E14001244,Gateshead Central and Whickham,false,true,
E05001071,Chowdene,E08000037,Gateshead,E14001244,Gateshead Central and Whickham,false,true,
E05001072,Crawcrook and Greenside,E08000037,Gateshead,E14001106,Blaydon and Consett,false,true,
E05001073,Deckham,E08000037,Gateshead,E14001244,Gateshead Central and Whickham,false,true,
E05001074,Dunston and Teams,E08000037,Gateshead,E14001244,Gateshead Central and Whickham,false,true,
E05001075,Dunston Hill and Whickham East,E08000037,Gateshead,E14001244,Gateshead Central and Whickham,false,true,
E05001076,Felling,E08000037,Gateshead,E14001307,Jarrow and Gateshead East,false,true,
E05001077,High Fell,E08000037,Gateshead,E14001244,Gateshead Central and Whickham,false,true,
E05001078,Lamesley,E08000037,Gateshead,E14001567,Washington and Gateshead South,false,true,
E05001079,Lobley Hill and Bensham,E08000037,Gateshead,E14001244,Gateshead Central and Whickham,false,true,
E05001080,Low Fell,E08000037,Gateshead,E14001244,Gateshead Central and Whickham,false,true,
E05001081,Pelaw and Heworth,E08000037,Gateshead,E14001307,Jarrow and Gateshead East,false,true,
E05001082,"Ryton, Crookhill and Stella",E08000037,Gateshead,E14001106,Blaydon and Consett,false,true,
E05001083,Saltwell,E08000037,Gateshead,E14001244,Gateshead Central and Whickham,false,true,
E05001084,Wardley and Leam Lane,E08000037,Gateshead,E14001307,Jarrow and Gateshead East,false,true,
E05001085,Whickham North,E08000037,Gateshead,E14001244,Gateshead Central and Whickham,false,true,
E05001086,Whickham South and Sunniside,E08000037,Gateshead,E14001244,Gateshead Central and Whickham,false,true,
E05001087,Windy Nook and Whitehills,E08000037,Gateshead,E14001307,Jarrow and Gateshead East,false,true,
E05001088,Winlaton and High Spen,E08000037,Gateshead,E14001106,Blaydon and Consett,false,true,
E05001135,Beacon and Bents,E08000023,South Tyneside,E14001492,South Shields,false,true,
E05001136,Bede,E08000023,South Tyneside,E14001307,Jarrow and Gateshead East,false,true,
E05001137,Biddick and All Saints,E08000023,South Tyneside,E14001492,South Shields,false,true,
E05001138,Boldon Colliery,E08000023,South Tyneside,E14001307,Jarrow and Gateshead East,false,true,
E05001139,Cleadon and East Boldon,E08000023,South Tyneside,E14001492,South Shields,false,true,
E05001140,Cleadon Park,E08000023,South Tyneside,E14001492,South Shields,false,true,
E05001141,Fellgate and Hedworth,E08000023,South Tyneside,E14001307,Jarrow and Gateshead East,false,true,
E05001142,Harton,E08000023,South Tyneside,E14001492,South Shields,false,true,
E05001143,Hebburn North,E08000023,South Tyneside,E14001307,Jarrow and Gateshead East,false,true,
E05001144,Hebburn South,E08000023,South Tyneside,E14001307,Jarrow and Gateshead East,false,true,
E05001145,Horsley Hill,E08000023,South Tyneside,E14001492,South Shields,false,true,
E05001146,Monkton,E08000023,South Tyneside,E14001307,Jarrow and Gateshead East,false,true,
E05001147,Primrose,E08000023,South Tyneside,E14001307,Jarrow and Gateshead East,false,true,
E05001148,Simonside and Rekendyke,E08000023,South Tyneside,E14001492,South Shields,false,true,
E05001149,Westoe,E08000023,South Tyneside,E14001492,South Shields,false,true,
E05001150,West Park,E08000023,South Tyneside,E14001492,South Shields,false,true,
E05001151,Whitburn and Marsden,E08000023,South Tyneside,E14001492,South Shields,false,true,
E05001152,Whiteleas,E08000023,South Tyneside,E14001492,South Shields,false,true,
E05001153,Barnes,E08000024,Sunderland,E14001531,Sunderland Central,false,true,
E05001154,Castle,E08000024,Sunderland,E14001567,Washington and Gateshead South,false,true,
E05001155,Copt Hill,E08000024,Sunderland,E14001295,Houghton and Sunderland South,false,true,
E05001156,Doxford,E08000024,Sunderland,E14001295,Houghton and Sunderland South,false,true,
E05001157,Fulwell,E08000024,Sunderland,E14001531,Sunderland Central,false,true,
E05001158,Hendon,E08000024,Sunderland,E14001531,Sunderland Central,false,true,
E05001159,Hetton,E08000024,Sunderland,E14001295,Houghton and Sunderland South,false,true,
E05001160,Houghton,E08000024,Sunderland,E14001295,Houghton and Sunderland South,false,true,
E05001161,Millfield,E08000024,Sunderland,E14001531,Sunderland Central,false,true,
E05001162,Pallion,E08000024,Sunderland,E14001531,Sunderland Central,false,true,
E05001163,Redhill,E08000024,Sunderland,E14001567,Washington and Gateshead South,false,true,
E05001164,Ryhope,E08000024,Sunderland,E14001531,Sunderland Central,false,true,
E05001165,St Anne's,E08000024,Sunderland,E14001295,Houghton and Sunderland South,false,true,
E05001166,St Chad's,E08000024,Sunderland,E14001295,Houghton and Sunderland South,false,true,
E05001167,St Michael's,E08000024,Sunderland,E14001531,Sunderland Central,false,true,
E05001168,St Peter's,E08000024,Sunderland,E14001531,Sunderland Central,false,true,
E05001169,Sandhill,E08000024,Sunderland,E14001295,Houghton and Sunderland South,false,true,
E05001170,Shiney Row,E08000024,Sunderland,E14001295,Houghton and Sunderland South,false,true,
E05001171,Silksworth,E08000024,Sunderland,E14001295,Houghton and Sunderland South,false,true,
E05001172,Southwick,E08000024,Sunderland,E14001531,Sunderland Central,false,true,
E05001173,Washington Central,E08000024,Sunderland,E14001567,Washington and Gateshead South,false,true,
E05001174,Washington East,E08000024,Sunderland,E14001567,Washington and Gateshead South,false,true,
E05001175,Washington North,E08000024,Sunderland,E14001567,Washington and Gateshead South,false,true,
E05001176,Washington South,E08000024,Sunderland,E14001567,Washington and Gateshead South,false,true,
E05001177,Washington West,E08000024,Sunderland,E14001567,Washington and Gateshead South,false,true,
E05001218,Bablake,E08000026,Coventry,E14001181,Coventry North West,false,true,
E05001219,Binley and Willenhall,E08000026,Coventry,E14001180,Coventry East,false,true,
E05001220,Cheylesmore,E08000026,Coventry,E14001182,Coventry South,false,true,
E05001221,Earlsdon,E08000026,Coventry,E14001182,Coventry South,false,true,
E05001222,Foleshill,E08000026,Coventry,E14001180,Coventry East,false,true,
E05001223,Henley,E08000026,Coventry,E14001180,Coventry East,false,true,
E05001224,Holbrook,E08000026,Coventry,E14001181,Coventry North West,false,true,
E05001225,Longford,E08000026,Coventry,E14001180,Coventry East,false,true,
E05001226,Lower Stoke,E08000026,Coventry,E14001182,Coventry South,false,true,
E05001227,Radford,E08000026,Coventry,E14001181,Coventry North West,false,true,
E05001228,St Michael's,E08000026,Coventry,E14001182,Coventry South,false,true,
E05001229,Sherbourne,E08000026,Coventry,E14001181,Coventry North West,false,true,
E05001230,Upper Stoke,E08000026,Coventry,E14001180,Coventry East,false,true,
E05001231,Wainbody,E08000026,Coventry,E14001182,Coventry South,false,true,
E05001232,Westwood,E08000026,Coventry,E14001182,Coventry South,false,true,
E05001233,Whoberley,E08000026,Coventry,E14001181,Coventry North West,false,true,
E05001234,Woodlands,E08000026,Coventry,E14001181,Coventry North West,false,true,
E05001235,Wyken,E08000026,Coventry,E14001180,Coventry East,false,true,
E05001260,Abbey,E08000028,Sandwell,E14001478,Smethwick,false,true,
E05001261,Blackheath,E08000028,Sandwell,E14001261,Halesowen,true,,
E05001261,Blackheath,E08000028,Sandwell,E14001478,Smethwick,true,,
E05001262,Bristnall,E08000028,Sandwell,E14001478,Smethwick,false,true,
E05001263,Charlemont with Grove Vale,E08000028,Sandwell,E14001574,West Bromwich,false,true,
E05001264,Cradley Heath and Old Hill,E08000028,Sandwell,E14001261,Halesowen,false,true,
E05001265,Friar Park,E08000028,Sandwell,E14001547,Tipton and Wednesbury,false,true,
E05001266,Great Barr with Yew Tree,E08000028,Sandwell,E14001574,West Bromwich,false,true,
E05001267,Great Bridge,E08000028,Sandwell,E14001547,Tipton and Wednesbury,false,true,
E05001268,Greets Green and Lyng,E08000028,Sandwell,E14001574,West Bromwich,false,true,
E05001269,Hateley Heath,E08000028,Sandwell,E14001547,Tipton and Wednesbury,false,true,
E05001270,Langley,E08000028,Sandwell,E14001478,Smethwick,false,true,
E05001271,Newton,E08000028,Sandwell,E14001574,West Bromwich,false,true,
E05001272,Old Warley,E08000028,Sandwell,E14001478,Smethwick,false,true,
E05001273,Oldbury,E08000028,Sandwell,E14001574,West Bromwich,false,true,
E05001274,Princes End,E08000028,Sandwell,E14001547,Tipton and Wednesbury,false,true,
E05001275,Rowley,E08000028,Sandwell,E14001574,West Bromwich,false,true,
E05001276,St Pauls,E08000028,Sandwell,E14001478,Smethwick,false,true,
E05001277,Smethwick,E08000028,Sandwell,E14001478,Smethwick,false,true,
E05001278,Soho and Victoria,E08000028,Sandwell,E14001478,Smethwick,false,true,
E05001279,Tipton Green,E08000028,Sandwell,E14001547,Tipton and Wednesbury,false,true,
E05001280,Tividale,E08000028,Sandwell,E14001574,West Bromwich,false,true,
E05001281,Wednesbury North,E08000028,Sandwell,E14001547,Tipton and Wednesbury,false,true,
E05001282,Wednesbury South,E08000028,Sandwell,E14001547,Tipton and Wednesbury,false,true,
E05001283,West Bromwich Central,E08000028,Sandwell,E14001574,West Bromwich,false,true,
E05001284,Bickenhill,E08000029,Solihull,E14001358,Meriden and Solihull East,false,true,
E05001285,Blythe,E08000029,Solihull,E14001479,Solihull West and Shirley,false,true,
E05001286,Castle Bromwich,E08000029,Solihull,E14001095,Birmingham Hodge Hill and Solihull North,false,true,
E05001287,Chelmsley Wood,E08000029,Solihull,E14001358,Meriden and Solihull East,false,true,
E05001288,Dorridge and Hockley Heath,E08000029,Solihull,E14001358,Meriden and Solihull East,false,true,
E05001289,Elmdon,E08000029,Solihull,E14001358,Meriden and Solihull East,false,true,
E05001290,Kingshurst and Fordbridge,E08000029,Solihull,E14001358,Meriden and Solihull East,false,true,
E05001291,Knowle,E08000029,Solihull,E14001358,Meriden and Solihull East,false,true,
E05001292,Lyndon,E08000029,Solihull,E14001479,Solihull West and Shirley,false,true,
E05001293,Meriden,E08000029,Solihull,E14001358,Meriden and Solihull East,false,true,
E05001294,Olton,E08000029,Solihull,E14001479,Solihull West and Shirley,false,true,
E05001295,St Alphege,E08000029,Solihull,E14001479,Solihull West and Shirley,false,true,
E05001296,Shirley East,E08000029,Solihull,E14001479,Solihull West and Shirley,false,true,
E05001297,Shirley South,E08000029,Solihull,E14001479,Solihull West and Shirley,false,true,
E05001298,Shirley West,E08000029,Solihull,E14001479,Solihull West and Shirley,false,true,
E05001299,Silhill,E08000029,Solihull,E14001358,Meriden and Solihull East,false,true,
E05001300,Smith's Wood,E08000029,Solihull,E14001095,Birmingham Hodge Hill and Solihull North,false,true,
E05001301,Aldridge Central and South,E08000030,Walsall,E14001064,Aldridge-Brownhills,false,true,
E05001302,Aldridge North and Walsall Wood,E08000030,Walsall,E14001064,Aldridge-Brownhills,false,true,
E05001303,Bentley and Darlaston North,E08000030,Walsall,E14001595,Wolverhampton South East,false,true,
E05001304,Birchills Leamore,E08000030,Walsall,E14001562,Walsall and Bloxwich,false,true,
E05001305,Blakenall,E08000030,Walsall,E14001562,Walsall and Bloxwich,false,true,
E05001306,Bloxwich East,E08000030,Walsall,E14001562,Walsall and Bloxwich,false,true,
E05001307,Bloxwich West,E08000030,Walsall,E14001562,Walsall and Bloxwich,false,true,
E05001308,Brownhills,E08000030,Walsall,E14001064,Aldridge-Brownhills,false,true,
E05001309,Darlaston South,E08000030,Walsall,E14001595,Wolverhampton South East,false,true,
E05001310,Paddock,E08000030,Walsall,E14001562,Walsall and Bloxwich,true,,
E05001310,Paddock,E08000030,Walsall,E14001064,Aldridge-Brownhills,true,,
E05001311,Palfrey,E08000030,Walsall,E14001562,Walsall and Bloxwich,false,true,
E05001312,Pelsall,E08000030,Walsall,E14001064,Aldridge-Brownhills,false,true,
E05001313,Pheasey Park Farm,E08000030,Walsall,E14001064,Aldridge-Brownhills,false,true,
E05001314,Pleck,E08000030,Walsall,E14001562,Walsall and Bloxwich,false,true,
E05001315,Rushall-Shelfield,E08000030,Walsall,E14001064,Aldridge-Brownhills,false,true,
E05001316,St Matthew's,E08000030,Walsall,E14001562,Walsall and Bloxwich,false,true,
E05001317,Short Heath,E08000030,Walsall,E14001594,Wolverhampton North East,false,true,
E05001318,Streetly,E08000030,Walsall,E14001064,Aldridge-Brownhills,false,true,
E05001319,Willenhall North,E08000030,Walsall,E14001594,Wolverhampton North East,false,true,
E05001320,Willenhall South,E08000030,Walsall,E14001595,Wolverhampton South East,false,true,
E05001341,Baildon,E08000032,Bradford,E14001472,Shipley,false,true,
E05001342,Bingley,E08000032,Bradford,E14001472,Shipley,false,true,
E05001343,Bingley Rural,E08000032,Bradford,E14001472,Shipley,false,true,
E05001344,Bolton and Undercliffe,E08000032,Bradford,E14001118,Bradford East,false,true,
E05001345,Bowling and Barkerend,E08000032,Bradford,E14001119,Bradford South,true,,
E05001345,Bowling and Barkerend,E08000032,Bradford,E14001118,Bradford East,true,,
E05001346,Bradford Moor,E08000032,Bradford,E14001118,Bradford East,false,true,
E05001347,City,E08000032,Bradford,E14001120,Bradford West,false,true,
E05001348,Clayton and Fairweather Green,E08000032,Bradford,E14001120,Bradford West,false,true,
E05001349,Craven,E08000032,Bradford,E14001308,Keighley and Ilkley,false,true,
E05001350,Eccleshill,E08000032,Bradford,E14001118,Bradford East,false,true,
E05001351,Great Horton,E08000032,Bradford,E14001119,Bradford South,false,true,
E05001352,Heaton,E08000032,Bradford,E14001120,Bradford West,false,true,
E05001353,Idle and Thackley,E08000032,Bradford,E14001118,Bradford East,false,true,
E05001354,Ilkley,E08000032,Bradford,E14001308,Keighley and Ilkley,false,true,
E05001355,Keighley Central,E08000032,Bradford,E14001308,Keighley and Ilkley,false,true,
E05001356,Keighley East,E08000032,Bradford,E14001308,Keighley and Ilkley,false,true,
E05001357,Keighley West,E08000032,Bradford,E14001308,Keighley and Ilkley,false,true,
E05001358,Little Horton,E08000032,Bradford,E14001118,Bradford East,false,true,
E05001359,Manningham,E08000032,Bradford,E14001120,Bradford West,false,true,
E05001360,Queensbury,E08000032,Bradford,E14001119,Bradford South,false,true,
E05001361,Royds,E08000032,Bradford,E14001119,Bradford South,false,true,
E05001362,Shipley,E08000032,Bradford,E14001472,Shipley,false,true,
E05001363,Thornton and Allerton,E08000032,Bradford,E14001120,Bradford West,false,true,
E05001364,Toller,E08000032,Bradford,E14001120,Bradford West,false,true,
E05001365,Tong,E08000032,Bradford,E14001119,Bradford South,false,true,
E05001366,Wharfedale,E08000032,Bradford,E14001472,Shipley,false,true,
E05001367,Wibsey,E08000032,Bradford,E14001119,Bradford South,false,true,
E05001368,Windhill and Wrose,E08000032,Bradford,E14001472,Shipley,false,true,
E05001369,Worth Valley,E08000032,Bradford,E14001308,Keighley and Ilkley,false,true,
E05001370,Wyke,E08000032,Bradford,E14001119,Bradford South,false,true,
E05001371,Brighouse,E08000033,Calderdale,E14001147,Calder Valley,false,true,
E05001372,Calder,E08000033,Calderdale,E14001147,Calder Valley,false,true,
E05001373,Elland,E08000033,Calderdale,E14001147,Calder Valley,false,true,
E05001374,Greetland and Stainland,E08000033,Calderdale,E14001147,Calder Valley,false,true,
E05001375,Hipperholme and Lightcliffe,E08000033,Calderdale,E14001147,Calder Valley,false,true,
E05001376,Illingworth and Mixenden,E08000033,Calderdale,E14001262,Halifax,false,true,
E05001377,Luddendenfoot,E08000033,Calderdale,E14001147,Calder Valley,false,true,
E05001378,Northowram and Shelf,E08000033,Calderdale,E14001262,Halifax,false,true,
E05001379,Ovenden,E08000033,Calderdale,E14001262,Halifax,false,true,
E05001380,Park,E08000033,Calderdale,E14001262,Halifax,false,true,
E05001381,Rastrick,E08000033,Calderdale,E14001147,Calder Valley,false,true,
E05001382,Ryburn,E08000033,Calderdale,E14001147,Calder Valley,true,,
E05001382,Ryburn,E08000033,Calderdale,E14001262,Halifax,true,,
E05001383,Skircoat,E08000033,Calderdale,E14001262,Halifax,false,true,
E05001384,Sowerby Bridge,E08000033,Calderdale,E14001262,Halifax,false,true,
E05001385,Todmorden,E08000033,Calderdale,E14001147,Calder Valley,false,true,
E05001386,Town,E08000033,Calderdale,E14001262,Halifax,false,true,
E05001387,Warley,E08000033,Calderdale,E14001262,Halifax,false,true,
E05001389,Ashbrow,E08000034,Kirklees,E14001297,Huddersfield,false,true,
E05001390,Batley East,E08000034,Kirklees,E14001196,Dewsbury and Batley,false,true,
E05001391,Batley West,E08000034,Kirklees,E14001196,Dewsbury and Batley,false,true,
E05001392,Birstall and Birkenshaw,E08000034,Kirklees,E14001506,Spen Valley,false,true,
E05001393,Cleckheaton,E08000034,Kirklees,E14001506,Spen Valley,false,true,
E05001396,Dalton,E08000034,Kirklees,E14001297,Huddersfield,true,,
E05001396,Dalton,E08000034,Kirklees,E14001506,Spen Valley,true,,
E05001397,Denby Dale,E08000034,Kirklees,E14001418,Ossett and Denby Dale,false,true,
E05001398,Dewsbury East,E08000034,Kirklees,E14001196,Dewsbury and Batley,false,true,
E05001399,Dewsbury South,E08000034,Kirklees,E14001196,Dewsbury and Batley,false,true,
E05001400,Dewsbury West,E08000034,Kirklees,E14001196,Dewsbury and Batley,false,true,
E05001401,Golcar,E08000034,Kirklees,E14001177,Colne Valley,false,true,
E05001402,Greenhead,E08000034,Kirklees,E14001297,Huddersfield,false,true,
E05001403,Heckmondwike,E08000034,Kirklees,E14001506,Spen Valley,false,true,
E05001405,Holme Valley South,E08000034,Kirklees,E14001177,Colne Valley,false,true,
E05001407,Lindley,E08000034,Kirklees,E14001177,Colne Valley,false,true,
E05001408,Liversedge and Gomersal,E08000034,Kirklees,E14001506,Spen Valley,false,true,
E05001409,Mirfield,E08000034,Kirklees,E14001506,Spen Valley,false,true,
E05001410,Newsome,E08000034,Kirklees,E14001297,Huddersfield,false,true,
E05001444,"Ackworth, North Elmsall and Upton",E08000036,Wakefield,E14001383,Normanton and Hemsworth,false,true,
E05001445,Airedale and Ferry Fryston,E08000036,Wakefield,E14001428,"Pontefract, Castleford and Knottingley",false,true,
E05001446,Altofts and Whitwood,E08000036,Wakefield,E14001428,"Pontefract, Castleford and Knottingley",false,true,
E05001447,Castleford Central and Glasshoughton,E08000036,Wakefield,E14001428,"Pontefract, Castleford and Knottingley",false,true,
E05001448,"Crofton, Ryhill and Walton",E08000036,Wakefield,E14001383,Normanton and Hemsworth,false,true,
E05001449,Featherstone,E08000036,Wakefield,E14001383,Normanton and Hemsworth,false,true,
E05001450,Hemsworth,E08000036,Wakefield,E14001383,Normanton and Hemsworth,false,true,
E05001451,Horbury and South Ossett,E08000036,Wakefield,E14001418,Ossett and Denby Dale,false,true,
E05001452,Knottingley,E08000036,Wakefield,E14001428,"Pontefract, Castleford and Knottingley",false,true,
E05001453,Normanton,E08000036,Wakefield,E14001383,Normanton and Hemsworth,false,true,
E05001454,Ossett,E08000036,Wakefield,E14001418,Ossett and Denby Dale,false,true,
E05001455,Pontefract North,E08000036,Wakefield,E14001428,"Pontefract, Castleford and Knottingley",false,true,
E05001456,Pontefract South,E08000036,Wakefield,E14001428,"Pontefract, Castleford and Knottingley",false,true,
E05001457,South Elmsall and South Kirkby,E08000036,Wakefield,E14001383,Normanton and Hemsworth,false,true,
E05001458,Stanley and Outwood East,E08000036,Wakefield,E14001560,Wakefield and Rothwell,false,true,
E05001459,Wakefield East,E08000036,Wakefield,E14001560,Wakefield and Rothwell,false,true,
E05001460,Wakefield North,E08000036,Wakefield,E14001560,Wakefield and Rothwell,false,true,
E05001461,Wakefield Rural,E08000036,Wakefield,E14001418,Ossett and Denby Dale,false,true,
E05001462,Wakefield South,E08000036,Wakefield,E14001418,Ossett and Denby Dale,false,true,
E05001463,Wakefield West,E08000036,Wakefield,E14001560,Wakefield and Rothwell,false,true,
E05001464,Wrenthorpe and Outwood West,E08000036,Wakefield,E14001560,Wakefield and Rothwell,false,true,
E05001687,Beverley Rural,E06000011,East Riding of Yorkshire,E14001087,Beverley and Holderness,false,true,
E05001688,Bridlington Central and Old Town,E06000011,East Riding of Yorkshire,E14001127,Bridlington and the Wolds,false,true,
E05001689,Bridlington North,E06000011,East Riding of Yorkshire,E14001127,Bridlington and the Wolds,false,true,
E05001690,Bridlington South,E06000011,East Riding of Yorkshire,E14001127,Bridlington and the Wolds,false,true,
E05001691,Cottingham North,E06000011,East Riding of Yorkshire,E14001314,Kingston upon Hull North and Cottingham,false,true,
E05001692,Cottingham South,E06000011,East Riding of Yorkshire,E14001314,Kingston upon Hull North and Cottingham,false,true,
E05001693,Dale,E06000011,East Riding of Yorkshire,E14001250,Goole and Pocklington,false,true,
E05001694,Driffield and Rural,E06000011,East Riding of Yorkshire,E14001127,Bridlington and the Wolds,false,true,
E05001695,East Wolds and Coastal,E06000011,East Riding of Yorkshire,E14001127,Bridlington and the Wolds,false,true,
E05001696,Goole North,E06000011,East Riding of Yorkshire,E14001250,Goole and Pocklington,false,true,
E05001697,Goole South,E06000011,East Riding of Yorkshire,E14001250,Goole and Pocklington,false,true,
E05001698,Hessle,E06000011,East Riding of Yorkshire,E14001315,Kingston upon Hull West and Haltemprice,false,true,
E05001699,Howden,E06000011,East Riding of Yorkshire,E14001250,Goole and Pocklington,false,true,
E05001700,Howdenshire,E06000011,East Riding of Yorkshire,E14001250,Goole and Pocklington,false,true,
E05001701,Mid Holderness,E06000011,East Riding of Yorkshire,E14001087,Beverley and Holderness,false,true,
E05001702,Minster and Woodmansey,E06000011,East Riding of Yorkshire,E14001087,Beverley and Holderness,false,true,
E05001703,North Holderness,E06000011,East Riding of Yorkshire,E14001127,Bridlington and the Wolds,false,true,
E05001705,St Mary's,E06000011,East Riding of Yorkshire,E14001087,Beverley and Holderness,false,true,
E05001706,"Snaith, Airmyn, Rawcliffe and Marshland",E06000011,East Riding of Yorkshire,E14001250,Goole and Pocklington,false,true,
E05001707,South East Holderness,E06000011,East Riding of Yorkshire,E14001087,Beverley and Holderness,false,true,
E05001708,South Hunsley,E06000011,East Riding of Yorkshire,E14001250,Goole and Pocklington,false,true,
E05001709,South West Holderness,E06000011,East Riding of Yorkshire,E14001087,Beverley and Holderness,false,true,
E05001710,Tranby,E06000011,East Riding of Yorkshire,E14001315,Kingston upon Hull West and Haltemprice,false,true,
E05001711,Willerby and Kirk Ella,E06000011,East Riding of Yorkshire,E14001315,Kingston upon Hull West and Haltemprice,false,true,
E05001713,Croft Baker,E06000012,North East Lincolnshire,E14001255,Great Grimsby and Cleethorpes,false,true,
E05001714,East Marsh,E06000012,North East Lincolnshire,E14001255,Great Grimsby and Cleethorpes,false,true,
E05001715,Freshney,E06000012,North East Lincolnshire,E14001255,Great Grimsby and Cleethorpes,false,true,
E05001716,Haverstoe,E06000012,North East Lincolnshire,E14001255,Great Grimsby and Cleethorpes,false,true,
E05001717,Heneage,E06000012,North East Lincolnshire,E14001255,Great Grimsby and Cleethorpes,false,true,
E05001718,Humberston and New Waltham,E06000012,North East Lincolnshire,E14001128,Brigg and Immingham,false,true,
E05001719,Immingham,E06000012,North East Lincolnshire,E14001128,Brigg and Immingham,false,true,
E05001720,Park,E06000012,North East Lincolnshire,E14001255,Great Grimsby and Cleethorpes,false,true,
E05001721,Scartho,E06000012,North East Lincolnshire,E14001128,Brigg and Immingham,false,true,
E05001722,Sidney Sussex,E06000012,North East Lincolnshire,E14001255,Great Grimsby and Cleethorpes,false,true,
E05001723,South,E06000012,North East Lincolnshire,E14001255,Great Grimsby and Cleethorpes,false,true,
E05001724,Waltham,E06000012,North East Lincolnshire,E14001128,Brigg and Immingham,false,true,
E05001725,West Marsh,E06000012,North East Lincolnshire,E14001255,Great Grimsby and Cleethorpes,false,true,
E05001726,Wolds,E06000012,North East Lincolnshire,E14001128,Brigg and Immingham,false,true,
E05001727,Yarborough,E06000012,North East Lincolnshire,E14001255,Great Grimsby and Cleethorpes,false,true,
E05002078,Budshead,E06000026,Plymouth,E14001426,Plymouth Moor View,false,true,
E05002079,Compton,E06000026,Plymouth,E14001427,Plymouth Sutton and Devonport,false,true,
E05002080,Devonport,E06000026,Plymouth,E14001427,Plymouth Sutton and Devonport,false,true,
E05002081,Drake,E06000026,Plymouth,E14001427,Plymouth Sutton and Devonport,false,true,
E05002082,Efford and Lipson,E06000026,Plymouth,E14001427,Plymouth Sutton and Devonport,false,true,
E05002083,Eggbuckland,E06000026,Plymouth,E14001426,Plymouth Moor View,false,true,
E05002084,Ham,E06000026,Plymouth,E14001426,Plymouth Moor View,false,true,
E05002085,Honicknowle,E06000026,Plymouth,E14001426,Plymouth Moor View,false,true,
E05002086,Moor View,E06000026,Plymouth,E14001426,Plymouth Moor View,false,true,
E05002087,Peverell,E06000026,Plymouth,E14001427,Plymouth Sutton and Devonport,true,true,2.1102
E05002087,Peverell,E06000026,Plymouth,E14001426,Plymouth Moor View,true,false,0.7901
E05002088,Plympton Chaddlewood,E06000026,Plymouth,E14001495,South West Devon,false,true,
E05002089,Plympton Erle,E06000026,Plymouth,E14001495,South West Devon,false,true,
E05002090,Plympton St Mary,E06000026,Plymouth,E14001495,South West Devon,false,true,
E05002091,Plymstock Dunstone,E06000026,Plymouth,E14001495,South West Devon,false,true,
E05002092,Plymstock Radford,E06000026,Plymouth,E14001495,South West Devon,false,true,
E05002093,St Budeaux,E06000026,Plymouth,E14001426,Plymouth Moor View,false,true,
E05002094,St Peter and the Waterfront,E06000026,Plymouth,E14001427,Plymouth Sutton and Devonport,false,true,
E05002095,Southway,E06000026,Plymouth,E14001426,Plymouth Moor View,false,true,
E05002096,Stoke,E06000026,Plymouth,E14001427,Plymouth Sutton and Devonport,false,true,
E05002097,Sutton and Mount Gould,E06000026,Plymouth,E14001427,Plymouth Sutton and Devonport,false,true,
E05002212,Belfairs,E06000033,Southend-on-Sea,E14001502,Southend West and Leigh,false,true,
E05002213,Blenheim Park,E06000033,Southend-on-Sea,E14001502,Southend West and Leigh,false,true,
E05002214,Chalkwell,E06000033,Southend-on-Sea,E14001502,Southend West and Leigh,false,true,
E05002215,Eastwood Park,E06000033,Southend-on-Sea,E14001502,Southend West and Leigh,false,true,
E05002216,Kursaal,E06000033,Southend-on-Sea,E14001501,Southend East and Rochford,false,true,
E05002217,Leigh,E06000033,Southend-on-Sea,E14001502,Southend West and Leigh,false,true,
E05002218,Milton,E06000033,Southend-on-Sea,E14001501,Southend East and Rochford,false,true,
E05002219,Prittlewell,E06000033,Southend-on-Sea,E14001502,Southend West and Leigh,false,true,
E05002220,St Laurence,E06000033,Southend-on-Sea,E14001502,Southend West and Leigh,false,true,
E05002221,St. Luke's,E06000033,Southend-on-Sea,E14001502,Southend West and Leigh,false,true,
E05002222,Shoeburyness,E06000033,Southend-on-Sea,E14001501,Southend East and Rochford,false,true,
E05002223,Southchurch,E06000033,Southend-on-Sea,E14001501,Southend East and Rochford,false,true,
E05002224,Thorpe,E06000033,Southend-on-Sea,E14001501,Southend East and Rochford,false,true,
E05002225,Victoria,E06000033,Southend-on-Sea,E14001501,Southend East and Rochford,false,true,
E05002226,Westborough,E06000033,Southend-on-Sea,E14001502,Southend West and Leigh,false,true,
E05002227,West Leigh,E06000033,Southend-on-Sea,E14001502,Southend West and Leigh,false,true,
E05002228,West Shoebury,E06000033,Southend-on-Sea,E14001501,Southend East and Rochford,false,true,
E05002229,Aveley and Uplands,E06000034,Thurrock,E14001546,Thurrock,false,true,
E05002230,Belhus,E06000034,Thurrock,E14001546,Thurrock,false,true,
E05002231,Chadwell St Mary,E06000034,Thurrock,E14001480,South Basildon and East Thurrock,false,true,
E05002232,Chafford and North Stifford,E06000034,Thurrock,E14001546,Thurrock,false,true,
E05002233,Corringham and Fobbing,E06000034,Thurrock,E14001480,South Basildon and East Thurrock,false,true,
E05002234,East Tilbury,E06000034,Thurrock,E14001480,South Basildon and East Thurrock,false,true,
E05002235,Grays Riverside,E06000034,Thurrock,E14001546,Thurrock,false,true,
E05002236,Grays Thurrock,E06000034,Thurrock,E14001546,Thurrock,false,true,
E05002237,Little Thurrock Blackshots,E06000034,Thurrock,E14001546,Thurrock,false,true,
E05002238,Little Thurrock Rectory,E06000034,Thurrock,E14001546,Thurrock,false,true,
E05002239,Ockendon,E06000034,Thurrock,E14001546,Thurrock,false,true,
E05002240,Orsett,E06000034,Thurrock,E14001480,South Basildon and East Thurrock,false,true,
E05002241,South Chafford,E06000034,Thurrock,E14001546,Thurrock,false,true,
E05002242,Stanford East and Corringham Town,E06000034,Thurrock,E14001480,South Basildon and East Thurrock,false,true,
E05002243,Stanford-le-Hope West,E06000034,Thurrock,E14001480,South Basildon and East Thurrock,false,true,
E05002244,Stifford Clays,E06000034,Thurrock,E14001546,Thurrock,false,true,
E05002245,The Homesteads,E06000034,Thurrock,E14001480,South Basildon and East Thurrock,false,true,
E05002246,Tilbury Riverside and Thurrock Park,E06000034,Thurrock,E14001546,Thurrock,false,true,
E05002247,Tilbury St Chads,E06000034,Thurrock,E14001546,Thurrock,false,true,
E05002248,West Thurrock and South Stifford,E06000034,Thurrock,E14001546,Thurrock,false,true,
E05002441,Baffins,E06000044,Portsmouth,E14001431,Portsmouth North,false,true,
E05002442,Central Southsea,E06000044,Portsmouth,E14001432,Portsmouth South,false,true,
E05002443,Charles Dickens,E06000044,Portsmouth,E14001432,Portsmouth South,false,true,
E05002444,Copnor,E06000044,Portsmouth,E14001431,Portsmouth North,false,true,
E05002445,Cosham,E06000044,Portsmouth,E14001431,Portsmouth North,false,true,
E05002446,Drayton and Farlington,E06000044,Portsmouth,E14001431,Portsmouth North,false,true,
E05002447,Eastney and Craneswater,E06000044,Portsmouth,E14001432,Portsmouth South,false,true,
E05002448,Fratton,E06000044,Portsmouth,E14001432,Portsmouth South,false,true,
E05002449,Hilsea,E06000044,Portsmouth,E14001431,Portsmouth North,false,true,
E05002450,Milton,E06000044,Portsmouth,E14001432,Portsmouth South,false,true,
E05002451,Nelson,E06000044,Portsmouth,E14001431,Portsmouth North,false,true,
E05002452,Paulsgrove,E06000044,Portsmouth,E14001431,Portsmouth North,false,true,
E05002453,St Jude,E06000044,Portsmouth,E14001432,Portsmouth South,false,true,
E05002454,St Thomas,E06000044,Portsmouth,E14001432,Portsmouth South,false,true,
E05004096,Bicknacre and East and West Hanningfield,E07000070,Chelmsford,E14001351,Maldon,false,true,
E05004097,Boreham and The Leighs,E07000070,Chelmsford,E14001402,North West Essex,false,true,
E05004098,Broomfield and The Walthams,E07000070,Chelmsford,E14001402,North West Essex,false,true,
E05004099,Chelmer Village and Beaulieu Park,E07000070,Chelmsford,E14001159,Chelmsford,false,true,
E05004100,Chelmsford Rural West,E07000070,Chelmsford,E14001402,North West Essex,false,true,
E05004101,Galleywood,E07000070,Chelmsford,E14001351,Maldon,false,true,
E05004105,"Little Baddow, Danbury and Sandon",E07000070,Chelmsford,E14001351,Maldon,false,true,
E05004106,Marconi,E07000070,Chelmsford,E14001159,Chelmsford,false,true,
E05004108,Moulsham Lodge,E07000070,Chelmsford,E14001159,Chelmsford,false,true,
E05004109,Patching Hall,E07000070,Chelmsford,E14001159,Chelmsford,false,true,
E05004110,Rettendon and Runwell,E07000070,Chelmsford,E14001351,Maldon,false,true,
E05004111,St Andrews,E07000070,Chelmsford,E14001159,Chelmsford,false,true,
E05004112,"South Hanningfield, Stock and Margaretting",E07000070,Chelmsford,E14001351,Maldon,false,true,
E05004113,South Woodham-Chetwood and Collingwood,E07000070,Chelmsford,E14001351,Maldon,false,true,
E05004114,South Woodham-Elmwood and Woodville,E07000070,Chelmsford,E14001351,Maldon,false,true,
E05004115,Springfield North,E07000070,Chelmsford,E14001159,Chelmsford,false,true,
E05004116,The Lawns,E07000070,Chelmsford,E14001159,Chelmsford,false,true,
E05004117,Trinity,E07000070,Chelmsford,E14001159,Chelmsford,false,true,
E05004118,Waterhouse Farm,E07000070,Chelmsford,E14001159,Chelmsford,false,true,
E05004119,Writtle,E07000070,Chelmsford,E14001402,North West Essex,false,true,
E05004190,Althorne,E07000074,Maldon,E14001351,Maldon,false,true,
E05004191,Burnham-on-Crouch North,E07000074,Maldon,E14001351,Maldon,false,true,
E05004192,Burnham-on-Crouch South,E07000074,Maldon,E14001351,Maldon,false,true,
E05004193,Great Totham,E07000074,Maldon,E14001590,Witham,false,true,
E05004194,Heybridge East,E07000074,Maldon,E14001351,Maldon,false,true,
E05004195,Heybridge West,E07000074,Maldon,E14001351,Maldon,false,true,
E05004196,Maldon East,E07000074,Maldon,E14001351,Maldon,false,true,
E05004197,Maldon North,E07000074,Maldon,E14001351,Maldon,false,true,
E05004198,Maldon South,E07000074,Maldon,E14001351,Maldon,false,true,
E05004199,Maldon West,E07000074,Maldon,E14001351,Maldon,false,true,
E05004200,Mayland,E07000074,Maldon,E14001351,Maldon,false,true,
E05004201,Purleigh,E07000074,Maldon,E14001351,Maldon,false,true,
E05004202,Southminster,E07000074,Maldon,E14001351,Maldon,false,true,
E05004203,Tillingham,E07000074,Maldon,E14001351,Maldon,false,true,
E05004204,Tollesbury,E07000074,Maldon,E14001590,Witham,false,true,
E05004205,Tolleshunt D'arcy,E07000074,Maldon,E14001590,Witham,false,true,
E05004206,Wickham Bishops and Woodham,E07000074,Maldon,E14001590,Witham,false,true,
E05004691,Adeyfield East,E07000096,Dacorum,E14001278,Hemel Hempstead,false,true,
E05004692,Adeyfield West,E07000096,Dacorum,E14001278,Hemel Hempstead,false,true,
E05004693,Aldbury and Wigginton,E07000096,Dacorum,E14001268,Harpenden and Berkhamsted,false,true,
E05004694,Apsley and Corner Hall,E07000096,Dacorum,E14001278,Hemel Hempstead,false,true,
E05004695,Ashridge,E07000096,Dacorum,E14001268,Harpenden and Berkhamsted,false,true,
E05004696,Bennetts End,E07000096,Dacorum,E14001278,Hemel Hempstead,false,true,
E05004697,Berkhamsted Castle,E07000096,Dacorum,E14001268,Harpenden and Berkhamsted,false,true,
E05004698,Berkhamsted East,E07000096,Dacorum,E14001268,Harpenden and Berkhamsted,false,true,
E05004699,Berkhamsted West,E07000096,Dacorum,E14001268,Harpenden and Berkhamsted,false,true,
E05004700,"Bovingdon, Flaunden and Chipperfield",E07000096,Dacorum,E14001278,Hemel Hempstead,false,true,
E05004701,Boxmoor,E07000096,Dacorum,E14001278,Hemel Hempstead,false,true,
E05004702,Chaulden and Warners End,E07000096,Dacorum,E14001278,Hemel Hempstead,false,true,
E05004703,Gadebridge,E07000096,Dacorum,E14001278,Hemel Hempstead,false,true,
E05004704,Grovehill,E07000096,Dacorum,E14001278,Hemel Hempstead,false,true,
E05004705,Hemel Hempstead Town,E07000096,Dacorum,E14001278,Hemel Hempstead,false,true,
E05004706,Highfield,E07000096,Dacorum,E14001278,Hemel Hempstead,false,true,
E05004707,Kings Langley,E07000096,Dacorum,E14001496,South West Hertfordshire,false,true,
E05004708,Leverstock Green,E07000096,Dacorum,E14001278,Hemel Hempstead,false,true,
E05004709,Nash Mills,E07000096,Dacorum,E14001278,Hemel Hempstead,false,true,
E05004710,Northchurch,E07000096,Dacorum,E14001268,Harpenden and Berkhamsted,false,true,
E05004711,Tring Central,E07000096,Dacorum,E14001268,Harpenden and Berkhamsted,false,true,
E05004712,Tring East,E07000096,Dacorum,E14001268,Harpenden and Berkhamsted,false,true,
E05004713,Tring West and Rural,E07000096,Dacorum,E14001268,Harpenden and Berkhamsted,false,true,
E05004714,Watling,E07000096,Dacorum,E14001268,Harpenden and Berkhamsted,false,true,
E05004715,Woodhall Farm,E07000096,Dacorum,E14001278,Hemel Hempstead,false,true,
E05005010,Cowden and Hever,E07000111,Sevenoaks,E14001549,Tonbridge,false,true,
E05005011,Crockenhill and Well Hill,E07000111,Sevenoaks,E14001465,Sevenoaks,false,true,
E05005012,Dunton Green and Riverhead,E07000111,Sevenoaks,E14001465,Sevenoaks,false,true,
E05005013,Edenbridge North and East,E07000111,Sevenoaks,E14001549,Tonbridge,false,true,
E05005014,Edenbridge South and West,E07000111,Sevenoaks,E14001549,Tonbridge,false,true,
E05005016,"Farningham, Horton Kirby and South Darenth",E07000111,Sevenoaks,E14001465,Sevenoaks,false,true,
E05005017,Fawkham and West Kingsdown,E07000111,Sevenoaks,E14001465,Sevenoaks,false,true,
E05005018,"Halstead, Knockholt and Badgers Mount",E07000111,Sevenoaks,E14001465,Sevenoaks,false,true,
E05005021,Kemsing,E07000111,Sevenoaks,E14001465,Sevenoaks,false,true,
E05005026,Sevenoaks Eastern,E07000111,Sevenoaks,E14001465,Sevenoaks,false,true,
E05005027,Sevenoaks Kippington,E07000111,Sevenoaks,E14001465,Sevenoaks,false,true,
E05005028,Sevenoaks Northern,E07000111,Sevenoaks,E14001465,Sevenoaks,false,true,
E05005029,Sevenoaks Town and St John's,E07000111,Sevenoaks,E14001465,Sevenoaks,false,true,
E05005031,Swanley St Mary's,E07000111,Sevenoaks,E14001465,Sevenoaks,false,true,
E05005032,Swanley White Oak,E07000111,Sevenoaks,E14001465,Sevenoaks,false,true,
E05005081,Beacon Road,E07000114,Thanet,E14001216,East Thanet,false,true,
E05005082,Birchington North,E07000114,Thanet,E14001282,Herne Bay and Sandwich,false,true,
E05005083,Birchington South,E07000114,Thanet,E14001282,Herne Bay and Sandwich,false,true,
E05005084,Bradstowe,E07000114,Thanet,E14001216,East Thanet,false,true,
E05005085,Central Harbour,E07000114,Thanet,E14001216,East Thanet,false,true,
E05005086,Cliffsend and Pegwell,E07000114,Thanet,E14001216,East Thanet,false,true,
E05005087,Cliftonville East,E07000114,Thanet,E14001216,East Thanet,false,true,
E05005088,Cliftonville West,E07000114,Thanet,E14001216,East Thanet,false,true,
E05005089,Dane Valley,E07000114,Thanet,E14001216,East Thanet,false,true,
E05005090,Eastcliff,E07000114,Thanet,E14001216,East Thanet,false,true,
E05005091,Garlinge,E07000114,Thanet,E14001282,Herne Bay and Sandwich,false,true,
E05005092,Kingsgate,E07000114,Thanet,E14001216,East Thanet,false,true,
E05005093,Margate Central,E07000114,Thanet,E14001216,East Thanet,false,true,
E05005094,Nethercourt,E07000114,Thanet,E14001216,East Thanet,false,true,
E05005095,Newington,E07000114,Thanet,E14001216,East Thanet,false,true,
E05005096,Northwood,E07000114,Thanet,E14001216,East Thanet,false,true,
E05005097,St Peters,E07000114,Thanet,E14001216,East Thanet,false,true,
E05005098,Salmestone,E07000114,Thanet,E14001216,East Thanet,false,true,
E05005099,Sir Moses Montefiore,E07000114,Thanet,E14001216,East Thanet,false,true,
E05005100,Thanet Villages,E07000114,Thanet,E14001282,Herne Bay and Sandwich,false,true,
E05005101,Viking,E07000114,Thanet,E14001216,East Thanet,false,true,
E05005102,Westbrook,E07000114,Thanet,E14001282,Herne Bay and Sandwich,false,true,
E05005103,Westgate-on-Sea,E07000114,Thanet,E14001282,Herne Bay and Sandwich,false,true,
E05005150,Bank Hall,E07000117,Burnley,E14001142,Burnley,false,true,
E05005151,Briercliffe,E07000117,Burnley,E14001142,Burnley,false,true,
E05005152,Brunshaw,E07000117,Burnley,E14001142,Burnley,false,true,
E05005153,Cliviger with Worsthorne,E07000117,Burnley,E14001142,Burnley,false,true,
E05005154,Coal Clough with Deerplay,E07000117,Burnley,E14001142,Burnley,false,true,
E05005155,Daneshouse with Stoneyholme,E07000117,Burnley,E14001142,Burnley,false,true,
E05005156,Gannow,E07000117,Burnley,E14001142,Burnley,false,true,
E05005157,Gawthorpe,E07000117,Burnley,E14001142,Burnley,false,true,
E05005158,Hapton with Park,E07000117,Burnley,E14001142,Burnley,false,true,
E05005159,Lanehead,E07000117,Burnley,E14001142,Burnley,false,true,
E05005160,Queensgate,E07000117,Burnley,E14001142,Burnley,false,true,
E05005161,Rosegrove with Lowerhouse,E07000117,Burnley,E14001142,Burnley,false,true,
E05005162,Rosehill with Burnley Wood,E07000117,Burnley,E14001142,Burnley,false,true,
E05005163,Trinity,E07000117,Burnley,E14001142,Burnley,false,true,
E05005164,Whittlefield with Ightenhill,E07000117,Burnley,E14001142,Burnley,false,true,
E05005206,Altham,E07000120,Hyndburn,E14001299,Hyndburn,false,true,
E05005207,Barnfield,E07000120,Hyndburn,E14001299,Hyndburn,false,true,
E05005208,Baxenden,E07000120,Hyndburn,E14001299,Hyndburn,false,true,
E05005209,Central,E07000120,Hyndburn,E14001299,Hyndburn,false,true,
E05005210,Church,E07000120,Hyndburn,E14001299,Hyndburn,false,true,
E05005211,Clayton-le-Moors,E07000120,Hyndburn,E14001299,Hyndburn,false,true,
E05005212,Huncoat,E07000120,Hyndburn,E14001299,Hyndburn,false,true,
E05005213,Immanuel,E07000120,Hyndburn,E14001299,Hyndburn,false,true,
E05005214,Milnshaw,E07000120,Hyndburn,E14001299,Hyndburn,false,true,
E05005215,Netherton,E07000120,Hyndburn,E14001299,Hyndburn,false,true,
E05005216,Overton,E07000120,Hyndburn,E14001299,Hyndburn,false,true,
E05005217,Peel,E07000120,Hyndburn,E14001299,Hyndburn,false,true,
E05005218,Rishton,E07000120,Hyndburn,E14001299,Hyndburn,false,true,
E05005219,St Andrew's,E07000120,Hyndburn,E14001299,Hyndburn,false,true,
E05005220,St Oswald's,E07000120,Hyndburn,E14001299,Hyndburn,false,true,
E05005221,Spring Hill,E07000120,Hyndburn,E14001299,Hyndburn,false,true,
E05005479,Ambien,E07000132,Hinckley and Bosworth,E14001288,Hinckley and Bosworth,false,true,
E05005480,"Barlestone, Nailstone and Osbaston",E07000132,Hinckley and Bosworth,E14001288,Hinckley and Bosworth,false,true,
E05005481,Barwell,E07000132,Hinckley and Bosworth,E14001288,Hinckley and Bosworth,false,true,
E05005482,Burbage St Catherines and Lash Hill,E07000132,Hinckley and Bosworth,E14001288,Hinckley and Bosworth,false,true,
E05005483,Burbage Sketchley and Stretton,E07000132,Hinckley and Bosworth,E14001288,Hinckley and Bosworth,false,true,
E05005484,"Cadeby, Carlton and Market Bosworth with Shackerstone",E07000132,Hinckley and Bosworth,E14001288,Hinckley and Bosworth,false,true,
E05005485,Earl Shilton,E07000132,Hinckley and Bosworth,E14001288,Hinckley and Bosworth,false,true,
E05005486,Groby,E07000132,Hinckley and Bosworth,E14001364,Mid Leicestershire,false,true,
E05005487,Hinckley Castle,E07000132,Hinckley and Bosworth,E14001288,Hinckley and Bosworth,false,true,
E05005488,Hinckley Clarendon,E07000132,Hinckley and Bosworth,E14001288,Hinckley and Bosworth,false,true,
E05005489,Hinckley De Montfort,E07000132,Hinckley and Bosworth,E14001288,Hinckley and Bosworth,false,true,
E05005490,Hinckley Trinity,E07000132,Hinckley and Bosworth,E14001288,Hinckley and Bosworth,false,true,
E05005491,"Markfield, Stanton and Fieldhead",E07000132,Hinckley and Bosworth,E14001364,Mid Leicestershire,false,true,
E05005492,Newbold Verdon with Desford and Peckleton,E07000132,Hinckley and Bosworth,E14001288,Hinckley and Bosworth,false,true,
E05005493,"Ratby, Bagworth and Thornton",E07000132,Hinckley and Bosworth,E14001364,Mid Leicestershire,false,true,
E05005494,Twycross and Witherley with Sheepy,E07000132,Hinckley and Bosworth,E14001288,Hinckley and Bosworth,false,true,
E05005495,Asfordby,E07000133,Melton,E14001357,Melton and Syston,false,true,
E05005496,Bottesford,E07000133,Melton,E14001357,Melton and Syston,false,true,
E05005497,Croxton Kerrial,E07000133,Melton,E14001357,Melton and Syston,false,true,
E05005498,Frisby-on-the-Wreake,E07000133,Melton,E14001357,Melton and Syston,false,true,
E05005499,Gaddesby,E07000133,Melton,E14001357,Melton and Syston,false,true,
E05005500,Long Clawson and Stathern,E07000133,Melton,E14001357,Melton and Syston,false,true,
E05005501,Melton Craven,E07000133,Melton,E14001357,Melton and Syston,false,true,
E05005502,Melton Dorian,E07000133,Melton,E14001357,Melton and Syston,false,true,
E05005503,Melton Egerton,E07000133,Melton,E14001357,Melton and Syston,false,true,
E05005504,Melton Newport,E07000133,Melton,E14001357,Melton and Syston,false,true,
E05005505,Melton Sysonby,E07000133,Melton,E14001357,Melton and Syston,false,true,
E05005506,Melton Warwick,E07000133,Melton,E14001357,Melton and Syston,false,true,
E05005507,Old Dalby,E07000133,Melton,E14001357,Melton and Syston,false,true,
E05005508,Somerby,E07000133,Melton,E14001357,Melton and Syston,false,true,
E05005509,Waltham-on-the-Wolds,E07000133,Melton,E14001357,Melton and Syston,false,true,
E05005510,Wymondham,E07000133,Melton,E14001357,Melton and Syston,false,true,
E05005531,Oadby Brocks Hill,E07000135,Oadby and Wigston,E14001266,"Harborough, Oadby and Wigston",false,true,
E05005532,Oadby Grange,E07000135,Oadby and Wigston,E14001266,"Harborough, Oadby and Wigston",false,true,
E05005533,Oadby St Peter's,E07000135,Oadby and Wigston,E14001266,"Harborough, Oadby and Wigston",false,true,
E05005534,Oadby Uplands,E07000135,Oadby and Wigston,E14001266,"Harborough, Oadby and Wigston",false,true,
E05005535,Oadby Woodlands,E07000135,Oadby and Wigston,E14001266,"Harborough, Oadby and Wigston",false,true,
E05005536,South Wigston,E07000135,Oadby and Wigston,E14001266,"Harborough, Oadby and Wigston",false,true,
E05005537,Wigston All Saints,E07000135,Oadby and Wigston,E14001266,"Harborough, Oadby and Wigston",false,true,
E05005538,Wigston Fields,E07000135,Oadby and Wigston,E14001266,"Harborough, Oadby and Wigston",false,true,
E05005539,Wigston Meadowcourt,E07000135,Oadby and Wigston,E14001266,"Harborough, Oadby and Wigston",false,true,
E05005540,Wigston St Wolstan's,E07000135,Oadby and Wigston,E14001266,"Harborough, Oadby and Wigston",false,true,
E05005644,Crowland and Deeping St Nicholas,E07000140,South Holland,E14001487,South Holland and the Deepings,false,true,
E05005645,"Donington, Quadring and Gosberton",E07000140,South Holland,E14001487,South Holland and the Deepings,false,true,
E05005646,Fleet,E07000140,South Holland,E14001487,South Holland and the Deepings,false,true,
E05005647,Gedney,E07000140,South Holland,E14001487,South Holland and the Deepings,false,true,
E05005648,Holbeach Hurn,E07000140,South Holland,E14001487,South Holland and the Deepings,false,true,
E05005649,Holbeach Town,E07000140,South Holland,E14001487,South Holland and the Deepings,false,true,
E05005650,Long Sutton,E07000140,South Holland,E14001487,South Holland and the Deepings,false,true,
E05005651,"Moulton, Weston and Cowbit",E07000140,South Holland,E14001487,South Holland and the Deepings,false,true,
E05005652,Pinchbeck and Surfleet,E07000140,South Holland,E14001487,South Holland and the Deepings,false,true,
E05005653,Spalding Castle,E07000140,South Holland,E14001487,South Holland and the Deepings,false,true,
E05005654,Spalding Monks House,E07000140,South Holland,E14001487,South Holland and the Deepings,false,true,
E05005655,Spalding St John's,E07000140,South Holland,E14001487,South Holland and the Deepings,false,true,
E05005656,Spalding St Mary's,E07000140,South Holland,E14001487,South Holland and the Deepings,false,true,
E05005657,Spalding St Paul's,E07000140,South Holland,E14001487,South Holland and the Deepings,false,true,
E05005658,Spalding Wygate,E07000140,South Holland,E14001487,South Holland and the Deepings,false,true,
E05005659,Sutton Bridge,E07000140,South Holland,E14001487,South Holland and the Deepings,false,true,
E05005660,The Saints,E07000140,South Holland,E14001487,South Holland and the Deepings,false,true,
E05005661,Whaplode and Holbeach St John's,E07000140,South Holland,E14001487,South Holland and the Deepings,false,true,
E05005757,Acle,E07000144,Broadland,E14001136,Broadland and Fakenham,false,true,
E05005758,Aylsham,E07000144,Broadland,E14001136,Broadland and Fakenham,false,true,
E05005759,Blofield with South Walsham,E07000144,Broadland,E14001136,Broadland and Fakenham,false,true,
E05005760,Brundall,E07000144,Broadland,E14001136,Broadland and Fakenham,false,true,
E05005761,Burlingham,E07000144,Broadland,E14001136,Broadland and Fakenham,false,true,
E05005762,Buxton,E07000144,Broadland,E14001136,Broadland and Fakenham,false,true,
E05005764,Drayton North,E07000144,Broadland,E14001408,Norwich North,false,true,
E05005765,Drayton South,E07000144,Broadland,E14001408,Norwich North,false,true,
E05005766,Eynesford,E07000144,Broadland,E14001136,Broadland and Fakenham,false,true,
E05005767,Great Witchingham,E07000144,Broadland,E14001136,Broadland and Fakenham,false,true,
E05005768,Hellesdon North West,E07000144,Broadland,E14001408,Norwich North,false,true,
E05005769,Hellesdon South East,E07000144,Broadland,E14001408,Norwich North,false,true,
E05005770,Hevingham,E07000144,Broadland,E14001136,Broadland and Fakenham,false,true,
E05005771,Horsford and Felthorpe,E07000144,Broadland,E14001136,Broadland and Fakenham,false,true,
E05005772,Marshes,E07000144,Broadland,E14001136,Broadland and Fakenham,false,true,
E05005773,Old Catton and Sprowston West,E07000144,Broadland,E14001408,Norwich North,false,true,
E05005774,Plumstead,E07000144,Broadland,E14001136,Broadland and Fakenham,false,true,
E05005775,Reepham,E07000144,Broadland,E14001136,Broadland and Fakenham,false,true,
E05005777,Sprowston Central,E07000144,Broadland,E14001408,Norwich North,false,true,
E05005778,Sprowston East,E07000144,Broadland,E14001408,Norwich North,false,true,
E05005779,Taverham North,E07000144,Broadland,E14001136,Broadland and Fakenham,false,true,
E05005780,Taverham South,E07000144,Broadland,E14001136,Broadland and Fakenham,false,true,
E05005781,Thorpe St Andrew North West,E07000144,Broadland,E14001408,Norwich North,false,true,
E05005782,Thorpe St Andrew South East,E07000144,Broadland,E14001408,Norwich North,false,true,
E05005783,Wroxham,E07000144,Broadland,E14001136,Broadland and Fakenham,false,true,
E05005784,Bradwell North,E07000145,Great Yarmouth,E14001256,Great Yarmouth,false,true,
E05005785,Bradwell South and Hopton,E07000145,Great Yarmouth,E14001256,Great Yarmouth,false,true,
E05005786,Caister North,E07000145,Great Yarmouth,E14001256,Great Yarmouth,false,true,
E05005787,Caister South,E07000145,Great Yarmouth,E14001256,Great Yarmouth,false,true,
E05005788,Central And Northgate,E07000145,Great Yarmouth,E14001256,Great Yarmouth,false,true,
E05005789,Claydon,E07000145,Great Yarmouth,E14001256,Great Yarmouth,false,true,
E05005790,East Flegg,E07000145,Great Yarmouth,E14001256,Great Yarmouth,false,true,
E05005791,Fleggburgh,E07000145,Great Yarmouth,E14001256,Great Yarmouth,false,true,
E05005792,Gorleston,E07000145,Great Yarmouth,E14001256,Great Yarmouth,false,true,
E05005793,Lothingland,E07000145,Great Yarmouth,E14001256,Great Yarmouth,false,true,
E05005794,Magdalen,E07000145,Great Yarmouth,E14001256,Great Yarmouth,false,true,
E05005795,Nelson,E07000145,Great Yarmouth,E14001256,Great Yarmouth,false,true,
E05005796,Ormesby,E07000145,Great Yarmouth,E14001256,Great Yarmouth,false,true,
E05005797,St Andrews,E07000145,Great Yarmouth,E14001256,Great Yarmouth,false,true,
E05005798,Southtown and Cobholm,E07000145,Great Yarmouth,E14001256,Great Yarmouth,false,true,
E05005799,West Flegg,E07000145,Great Yarmouth,E14001256,Great Yarmouth,false,true,
E05005800,Yarmouth North,E07000145,Great Yarmouth,E14001256,Great Yarmouth,false,true,
E05006377,Beckingham,E07000171,Bassetlaw,E14001079,Bassetlaw,false,true,
E05006378,Blyth,E07000171,Bassetlaw,E14001079,Bassetlaw,false,true,
E05006380,Clayworth,E07000171,Bassetlaw,E14001375,Newark,false,true,
E05006381,East Markham,E07000171,Bassetlaw,E14001375,Newark,false,true,
E05006382,East Retford East,E07000171,Bassetlaw,E14001079,Bassetlaw,false,true,
E05006383,East Retford North,E07000171,Bassetlaw,E14001079,Bassetlaw,false,true,
E05006384,East Retford South,E07000171,Bassetlaw,E14001079,Bassetlaw,false,true,
E05006385,East Retford West,E07000171,Bassetlaw,E14001079,Bassetlaw,false,true,
E05006386,Everton,E07000171,Bassetlaw,E14001079,Bassetlaw,false,true,
E05006387,Harworth,E07000171,Bassetlaw,E14001079,Bassetlaw,false,true,
E05006388,Langold,E07000171,Bassetlaw,E14001079,Bassetlaw,false,true,
E05006389,Misterton,E07000171,Bassetlaw,E14001079,Bassetlaw,false,true,
E05006390,Rampton,E07000171,Bassetlaw,E14001375,Newark,false,true,
E05006391,Ranskill,E07000171,Bassetlaw,E14001079,Bassetlaw,false,true,
E05006392,Sturton,E07000171,Bassetlaw,E14001375,Newark,false,true,
E05006393,Sutton,E07000171,Bassetlaw,E14001079,Bassetlaw,false,true,
E05006394,Tuxford and Trent,E07000171,Bassetlaw,E14001375,Newark,false,true,
E05006395,Welbeck,E07000171,Bassetlaw,E14001079,Bassetlaw,false,true,
E05006396,Worksop East,E07000171,Bassetlaw,E14001079,Bassetlaw,false,true,
E05006397,Worksop North,E07000171,Bassetlaw,E14001079,Bassetlaw,false,true,
E05006399,Worksop North West,E07000171,Bassetlaw,E14001079,Bassetlaw,false,true,
E05006400,Worksop South,E07000171,Bassetlaw,E14001079,Bassetlaw,false,true,
E05006401,Worksop South East,E07000171,Bassetlaw,E14001079,Bassetlaw,false,true,
E05006627,Alvescot and Filkins,E07000181,West Oxfordshire,E14001591,Witney,false,true,
E05006628,Ascott and Shipton,E07000181,West Oxfordshire,E14001591,Witney,false,true,
E05006629,Bampton and Clanfield,E07000181,West Oxfordshire,E14001591,Witney,false,true,
E05006632,Carterton North East,E07000181,West Oxfordshire,E14001591,Witney,false,true,
E05006634,Carterton South,E07000181,West Oxfordshire,E14001591,Witney,false,true,
E05006637,Chipping Norton,E07000181,West Oxfordshire,E14001072,Banbury,false,true,
E05006638,Ducklington,E07000181,West Oxfordshire,E14001591,Witney,false,true,
E05006639,Eynsham and Cassington,E07000181,West Oxfordshire,E14001090,Bicester and Woodstock,false,true,
E05006640,Freeland and Hanborough,E07000181,West Oxfordshire,E14001090,Bicester and Woodstock,false,true,
E05006642,"Kingham, Rollright and Enstone",E07000181,West Oxfordshire,E14001072,Banbury,false,true,
E05006643,Milton-under-Wychwood,E07000181,West Oxfordshire,E14001591,Witney,false,true,
E05006644,North Leigh,E07000181,West Oxfordshire,E14001090,Bicester and Woodstock,false,true,
E05006645,"Standlake, Aston and Stanton Harcourt",E07000181,West Oxfordshire,E14001591,Witney,false,true,
E05006646,Stonesfield and Tackley,E07000181,West Oxfordshire,E14001090,Bicester and Woodstock,false,true,
E05006647,The Bartons,E07000181,West Oxfordshire,E14001072,Banbury,false,true,
E05006648,Witney Central,E07000181,West Oxfordshire,E14001591,Witney,false,true,
E05006649,Witney East,E07000181,West Oxfordshire,E14001591,Witney,false,true,
E05006650,Witney North,E07000181,West Oxfordshire,E14001591,Witney,false,true,
E05006651,Witney South,E07000181,West Oxfordshire,E14001591,Witney,false,true,
E05006652,Witney West,E07000181,West Oxfordshire,E14001591,Witney,false,true,
E05006653,Woodstock and Bladon,E07000181,West Oxfordshire,E14001090,Bicester and Woodstock,false,true,
E05007039,Alton,E07000198,Staffordshire Moorlands,E14001514,Staffordshire Moorlands,false,true,
E05007040,Bagnall and Stanley,E07000198,Staffordshire Moorlands,E14001514,Staffordshire Moorlands,false,true,
E05007041,Biddulph East,E07000198,Staffordshire Moorlands,E14001514,Staffordshire Moorlands,false,true,
E05007042,Biddulph Moor,E07000198,Staffordshire Moorlands,E14001514,Staffordshire Moorlands,false,true,
E05007043,Biddulph North,E07000198,Staffordshire Moorlands,E14001514,Staffordshire Moorlands,false,true,
E05007044,Biddulph South,E07000198,Staffordshire Moorlands,E14001514,Staffordshire Moorlands,false,true,
E05007045,Biddulph West,E07000198,Staffordshire Moorlands,E14001514,Staffordshire Moorlands,false,true,
E05007046,Brown Edge and Endon,E07000198,Staffordshire Moorlands,E14001514,Staffordshire Moorlands,false,true,
E05007047,Caverswall,E07000198,Staffordshire Moorlands,E14001514,Staffordshire Moorlands,false,true,
E05007048,Cellarhead,E07000198,Staffordshire Moorlands,E14001514,Staffordshire Moorlands,false,true,
E05007049,Cheadle North East,E07000198,Staffordshire Moorlands,E14001514,Staffordshire Moorlands,false,true,
E05007050,Cheadle South East,E07000198,Staffordshire Moorlands,E14001514,Staffordshire Moorlands,false,true,
E05007051,Cheadle West,E07000198,Staffordshire Moorlands,E14001514,Staffordshire Moorlands,false,true,
E05007052,Checkley,E07000198,Staffordshire Moorlands,E14001522,Stoke-on-Trent South,false,true,
E05007053,Cheddleton,E07000198,Staffordshire Moorlands,E14001514,Staffordshire Moorlands,false,true,
E05007054,Churnet,E07000198,Staffordshire Moorlands,E14001514,Staffordshire Moorlands,false,true,
E05007055,Dane,E07000198,Staffordshire Moorlands,E14001514,Staffordshire Moorlands,false,true,
E05007056,Forsbrook,E07000198,Staffordshire Moorlands,E14001522,Stoke-on-Trent South,false,true,
E05007057,Hamps Valley,E07000198,Staffordshire Moorlands,E14001514,Staffordshire Moorlands,false,true,
E05007058,Horton,E07000198,Staffordshire Moorlands,E14001514,Staffordshire Moorlands,false,true,
E05007059,Ipstones,E07000198,Staffordshire Moorlands,E14001514,Staffordshire Moorlands,false,true,
E05007060,Leek East,E07000198,Staffordshire Moorlands,E14001514,Staffordshire Moorlands,false,true,
E05007061,Leek North,E07000198,Staffordshire Moorlands,E14001514,Staffordshire Moorlands,false,true,
E05007062,Leek South,E07000198,Staffordshire Moorlands,E14001514,Staffordshire Moorlands,false,true,
E05007063,Leek West,E07000198,Staffordshire Moorlands,E14001514,Staffordshire Moorlands,false,true,
E05007064,Manifold,E07000198,Staffordshire Moorlands,E14001514,Staffordshire Moorlands,false,true,
E05007065,Werrington,E07000198,Staffordshire Moorlands,E14001514,Staffordshire Moorlands,false,true,
E05007066,Amington,E07000199,Tamworth,E14001538,Tamworth,false,true,
E05007067,Belgrave,E07000199,Tamworth,E14001538,Tamworth,false,true,
E05007068,Bolehall,E07000199,Tamworth,E14001538,Tamworth,false,true,
E05007069,Castle,E07000199,Tamworth,E14001538,Tamworth,false,true,
E05007070,Glascote,E07000199,Tamworth,E14001538,Tamworth,false,true,
E05007071,Mercian,E07000199,Tamworth,E14001538,Tamworth,false,true,
E05007072,Spital,E07000199,Tamworth,E14001538,Tamworth,false,true,
E05007073,Stonydelph,E07000199,Tamworth,E14001538,Tamworth,false,true,
E05007074,Trinity,E07000199,Tamworth,E14001538,Tamworth,false,true,
E05007075,Wilnecote,E07000199,Tamworth,E14001538,Tamworth,false,true,
E05007117,Alexandra,E07000202,Ipswich,E14001302,Ipswich,false,true,
E05007118,Bixley,E07000202,Ipswich,E14001302,Ipswich,false,true,
E05007119,Bridge,E07000202,Ipswich,E14001302,Ipswich,false,true,
E05007120,Castle Hill,E07000202,Ipswich,E14001156,Central Suffolk and North Ipswich,false,true,
E05007121,Gainsborough,E07000202,Ipswich,E14001302,Ipswich,false,true,
E05007122,Gipping,E07000202,Ipswich,E14001302,Ipswich,false,true,
E05007123,Holywells,E07000202,Ipswich,E14001302,Ipswich,false,true,
E05007124,Priory Heath,E07000202,Ipswich,E14001302,Ipswich,false,true,
E05007125,Rushmere,E07000202,Ipswich,E14001302,Ipswich,false,true,
E05007126,St John's,E07000202,Ipswich,E14001302,Ipswich,false,true,
E05007127,St Margaret's,E07000202,Ipswich,E14001302,Ipswich,false,true,
E05007128,Sprites,E07000202,Ipswich,E14001302,Ipswich,false,true,
E05007129,Stoke Park,E07000202,Ipswich,E14001302,Ipswich,false,true,
E05007130,Westgate,E07000202,Ipswich,E14001302,Ipswich,false,true,
E05007131,Whitehouse,E07000202,Ipswich,E14001156,Central Suffolk and North Ipswich,false,true,
E05007132,Whitton,E07000202,Ipswich,E14001156,Central Suffolk and North Ipswich,false,true,
E05007362,Ashford Common,E07000213,Spelthorne,E14001505,Spelthorne,false,true,
E05007363,Ashford East,E07000213,Spelthorne,E14001505,Spelthorne,false,true,
E05007364,Ashford North and Stanwell South,E07000213,Spelthorne,E14001505,Spelthorne,false,true,
E05007365,Ashford Town,E07000213,Spelthorne,E14001505,Spelthorne,false,true,
E05007366,Halliford and Sunbury West,E07000213,Spelthorne,E14001505,Spelthorne,false,true,
E05007367,Laleham and Shepperton Green,E07000213,Spelthorne,E14001505,Spelthorne,false,true,
E05007368,Riverside and Laleham,E07000213,Spelthorne,E14001505,Spelthorne,false,true,
E05007369,Shepperton Town,E07000213,Spelthorne,E14001505,Spelthorne,false,true,
E05007370,Staines,E07000213,Spelthorne,E14001505,Spelthorne,false,true,
E05007371,Staines South,E07000213,Spelthorne,E14001505,Spelthorne,false,true,
E05007372,Stanwell North,E07000213,Spelthorne,E14001505,Spelthorne,false,true,
E05007373,Sunbury Common,E07000213,Spelthorne,E14001505,Spelthorne,false,true,
E05007374,Sunbury East,E07000213,Spelthorne,E14001505,Spelthorne,false,true,
E05007457,Arley and Whitacre,E07000218,North Warwickshire,E14001413,Nuneaton,false,true,
E05007458,Atherstone Central,E07000218,North Warwickshire,E14001400,North Warwickshire and Bedworth,false,true,
E05007459,Atherstone North,E07000218,North Warwickshire,E14001400,North Warwickshire and Bedworth,false,true,
E05007460,Atherstone South and Mancetter,E07000218,North Warwickshire,E14001400,North Warwickshire and Bedworth,false,true,
E05007461,Baddesley and Grendon,E07000218,North Warwickshire,E14001400,North Warwickshire and Bedworth,false,true,
E05007462,Coleshill North,E07000218,North Warwickshire,E14001400,North Warwickshire and Bedworth,false,true,
E05007463,Coleshill South,E07000218,North Warwickshire,E14001400,North Warwickshire and Bedworth,false,true,
E05007464,Curdworth,E07000218,North Warwickshire,E14001400,North Warwickshire and Bedworth,false,true,
E05007465,Dordon,E07000218,North Warwickshire,E14001400,North Warwickshire and Bedworth,false,true,
E05007466,Fillongley,E07000218,North Warwickshire,E14001400,North Warwickshire and Bedworth,false,true,
E05007467,Hartshill,E07000218,North Warwickshire,E14001413,Nuneaton,false,true,
E05007468,Hurley and Wood End,E07000218,North Warwickshire,E14001400,North Warwickshire and Bedworth,false,true,
E05007469,Kingsbury,E07000218,North Warwickshire,E14001400,North Warwickshire and Bedworth,false,true,
E05007470,Newton Regis and Warton,E07000218,North Warwickshire,E14001400,North Warwickshire and Bedworth,false,true,
E05007471,Polesworth East,E07000218,North Warwickshire,E14001400,North Warwickshire and Bedworth,false,true,
E05007472,Polesworth West,E07000218,North Warwickshire,E14001400,North Warwickshire and Bedworth,false,true,
E05007473,Water Orton,E07000218,North Warwickshire,E14001400,North Warwickshire and Bedworth,false,true,
E05007562,Buckingham,E07000223,Adur,E14001218,East Worthing and Shoreham,false,true,
E05007563,Churchill,E07000223,Adur,E14001218,East Worthing and Shoreham,false,true,
E05007564,Cokeham,E07000223,Adur,E14001218,East Worthing and Shoreham,false,true,
E05007565,Eastbrook,E07000223,Adur,E14001218,East Worthing and Shoreham,false,true,
E05007566,Hillside,E07000223,Adur,E14001218,East Worthing and Shoreham,false,true,
E05007567,Manor,E07000223,Adur,E14001218,East Worthing and Shoreham,false,true,
E05007568,Marine,E07000223,Adur,E14001218,East Worthing and Shoreham,false,true,
E05007569,Mash Barn,E07000223,Adur,E14001218,East Worthing and Shoreham,false,true,
E05007570,Peverel,E07000223,Adur,E14001218,East Worthing and Shoreham,false,true,
E05007571,St Mary's,E07000223,Adur,E14001218,East Worthing and Shoreham,false,true,
E05007572,St Nicolas,E07000223,Adur,E14001218,East Worthing and Shoreham,false,true,
E05007573,Southlands,E07000223,Adur,E14001218,East Worthing and Shoreham,false,true,
E05007574,Southwick Green,E07000223,Adur,E14001218,East Worthing and Shoreham,false,true,
E05007575,Widewater,E07000223,Adur,E14001218,East Worthing and Shoreham,false,true,
E05007694,Broadwater,E07000229,Worthing,E14001218,East Worthing and Shoreham,false,true,
E05007695,Castle,E07000229,Worthing,E14001599,Worthing West,false,true,
E05007696,Central,E07000229,Worthing,E14001599,Worthing West,false,true,
E05007697,Durrington,E07000229,Worthing,E14001599,Worthing West,false,true,
E05007698,Gaisford,E07000229,Worthing,E14001218,East Worthing and Shoreham,false,true,
E05007699,Goring,E07000229,Worthing,E14001599,Worthing West,false,true,
E05007700,Heene,E07000229,Worthing,E14001599,Worthing West,false,true,
E05007701,Marine,E07000229,Worthing,E14001599,Worthing West,false,true,
E05007702,Northbrook,E07000229,Worthing,E14001599,Worthing West,false,true,
E05007703,Offington,E07000229,Worthing,E14001218,East Worthing and Shoreham,false,true,
E05007704,Salvington,E07000229,Worthing,E14001599,Worthing West,false,true,
E05007705,Selden,E07000229,Worthing,E14001218,East Worthing and Shoreham,false,true,
E05007706,Tarring,E07000229,Worthing,E14001599,Worthing West,false,true,
E05008558,Almondbury,E08000034,Kirklees,E14001297,Huddersfield,false,true,
E05008559,Colne Valley,E08000034,Kirklees,E14001177,Colne Valley,false,true,
E05008560,Crosland Moor and Netherton,E08000034,Kirklees,E14001297,Huddersfield,false,true,
E05008561,Holme Valley North,E08000034,Kirklees,E14001177,Colne Valley,false,true,
E05008562,Kirkburton,E08000034,Kirklees,E14001196,Dewsbury and Batley,true,,
E05008562,Kirkburton,E08000034,Kirklees,E14001418,Ossett and Denby Dale,true,,
E05008610,Alderley Edge,E06000049,Cheshire East,E14001539,Tatton,false,true,
E05008611,Alsager,E06000049,Cheshire East,E14001178,Congleton,false,true,
E05008612,Audlem,E06000049,Cheshire East,E14001164,Chester South and Eddisbury,false,true,
E05008613,Bollington,E06000049,Cheshire East,E14001347,Macclesfield,false,true,
E05008614,Brereton Rural,E06000049,Cheshire East,E14001178,Congleton,false,true,
E05008615,Broken Cross and Upton,E06000049,Cheshire East,E14001347,Macclesfield,false,true,
E05008616,Bunbury,E06000049,Cheshire East,E14001164,Chester South and Eddisbury,false,true,
E05008617,Chelford,E06000049,Cheshire East,E14001539,Tatton,false,true,
E05008618,Congleton East,E06000049,Cheshire East,E14001178,Congleton,false,true,
E05008619,Congleton West,E06000049,Cheshire East,E14001178,Congleton,false,true,
E05008620,Crewe Central,E06000049,Cheshire East,E14001185,Crewe and Nantwich,false,true,
E05008621,Crewe East,E06000049,Cheshire East,E14001185,Crewe and Nantwich,false,true,
E05008622,Crewe North,E06000049,Cheshire East,E14001185,Crewe and Nantwich,false,true,
E05008623,Crewe St Barnabas,E06000049,Cheshire East,E14001185,Crewe and Nantwich,false,true,
E05008624,Crewe South,E06000049,Cheshire East,E14001185,Crewe and Nantwich,false,true,
E05008625,Crewe West,E06000049,Cheshire East,E14001185,Crewe and Nantwich,false,true,
E05008626,Dane Valley,E06000049,Cheshire East,E14001178,Congleton,false,true,
E05008627,Disley,E06000049,Cheshire East,E14001347,Macclesfield,false,true,
E05008628,Gawsworth,E06000049,Cheshire East,E14001347,Macclesfield,false,true,
E05008629,Handforth,E06000049,Cheshire East,E14001539,Tatton,false,true,
E05008630,Haslington,E06000049,Cheshire East,E14001185,Crewe and Nantwich,false,true,
E05008631,High Legh,E06000049,Cheshire East,E14001539,Tatton,false,true,
E05008632,Knutsford,E06000049,Cheshire East,E14001539,Tatton,false,true,
E05008633,Leighton,E06000049,Cheshire East,E14001185,Crewe and Nantwich,false,true,
E05008634,Macclesfield Central,E06000049,Cheshire East,E14001347,Macclesfield,false,true,
E05008635,Macclesfield East,E06000049,Cheshire East,E14001347,Macclesfield,false,true,
E05008636,Macclesfield Hurdsfield,E06000049,Cheshire East,E14001347,Macclesfield,false,true,
E05008637,Macclesfield South,E06000049,Cheshire East,E14001347,Macclesfield,false,true,
E05008638,Macclesfield Tytherington,E06000049,Cheshire East,E14001347,Macclesfield,false,true,
E05008639,Macclesfield West and Ivy,E06000049,Cheshire East,E14001347,Macclesfield,false,true,
E05008640,Middlewich,E06000049,Cheshire East,E14001361,Mid Cheshire,false,true,
E05008641,Mobberley,E06000049,Cheshire East,E14001539,Tatton,false,true,
E05008642,Nantwich North and West,E06000049,Cheshire East,E14001185,Crewe and Nantwich,false,true,
E05008643,Nantwich South and Stapeley,E06000049,Cheshire East,E14001185,Crewe and Nantwich,false,true,
E05008644,Odd Rode,E06000049,Cheshire East,E14001178,Congleton,false,true,
E05008645,Poynton East and Pott Shrigley,E06000049,Cheshire East,E14001347,Macclesfield,false,true,
E05008646,Poynton West and Adlington,E06000049,Cheshire East,E14001347,Macclesfield,false,true,
E05008647,Prestbury,E06000049,Cheshire East,E14001347,Macclesfield,false,true,
E05008648,Sandbach Elworth,E06000049,Cheshire East,E14001178,Congleton,false,true,
E05008649,Sandbach Ettiley Heath and Wheelock,E06000049,Cheshire East,E14001178,Congleton,false,true,
E05008650,Sandbach Heath and East,E06000049,Cheshire East,E14001178,Congleton,false,true,
E05008651,Sandbach Town,E06000049,Cheshire East,E14001178,Congleton,false,true,
E05008652,Shavington,E06000049,Cheshire East,E14001185,Crewe and Nantwich,false,true,
E05008653,Sutton,E06000049,Cheshire East,E14001347,Macclesfield,false,true,
E05008654,Willaston and Rope,E06000049,Cheshire East,E14001185,Crewe and Nantwich,false,true,
E05008655,Wilmslow Dean Row,E06000049,Cheshire East,E14001539,Tatton,false,true,
E05008656,Wilmslow East,E06000049,Cheshire East,E14001539,Tatton,false,true,
E05008657,Wilmslow Lacey Green,E06000049,Cheshire East,E14001539,Tatton,false,true,
E05008658,Wilmslow West and Chorley,E06000049,Cheshire East,E14001539,Tatton,false,true,
E05008659,Wistaston,E06000049,Cheshire East,E14001185,Crewe and Nantwich,false,true,
E05008660,Wrenbury,E06000049,Cheshire East,E14001164,Chester South and Eddisbury,false,true,
E05008661,Wybunbury,E06000049,Cheshire East,E14001164,Chester South and Eddisbury,false,true,
E05008809,Aston,E07000039,South Derbyshire,E14001483,South Derbyshire,false,true,
E05008810,Church Gresley,E07000039,South Derbyshire,E14001483,South Derbyshire,false,true,
E05008811,Etwall,E07000039,South Derbyshire,E14001483,South Derbyshire,false,true,
E05008812,Hatton,E07000039,South Derbyshire,E14001195,Derbyshire Dales,false,true,
E05008813,Hilton,E07000039,South Derbyshire,E14001195,Derbyshire Dales,false,true,
E05008814,Linton,E07000039,South Derbyshire,E14001483,South Derbyshire,false,true,
E05008815,Melbourne,E07000039,South Derbyshire,E14001483,South Derbyshire,false,true,
E05008816,Midway,E07000039,South Derbyshire,E14001483,South Derbyshire,false,true,
E05008817,Newhall and Stanton,E07000039,South Derbyshire,E14001483,South Derbyshire,false,true,
E05008818,Repton,E07000039,South Derbyshire,E14001483,South Derbyshire,false,true,
E05008819,Seales,E07000039,South Derbyshire,E14001483,South Derbyshire,false,true,
E05008820,Stenson,E07000039,South Derbyshire,E14001483,South Derbyshire,false,true,
E05008821,Swadlincote,E07000039,South Derbyshire,E14001483,South Derbyshire,false,true,
E05008822,Willington and Findern,E07000039,South Derbyshire,E14001483,South Derbyshire,false,true,
E05008823,Woodville,E07000039,South Derbyshire,E14001483,South Derbyshire,false,true,
E05008954,Central,E06000030,Swindon,E14001537,Swindon South,false,true,
E05008955,Chiseldon and Lawn,E06000030,Swindon,E14001537,Swindon South,true,,
E05008955,Chiseldon and Lawn,E06000030,Swindon,E14001217,East Wiltshire,true,,
E05008956,Covingham and Dorcan,E06000030,Swindon,E14001537,Swindon South,false,true,
E05008957,Eastcott,E06000030,Swindon,E14001537,Swindon South,false,true,
E05008958,Gorse Hill and Pinehurst,E06000030,Swindon,E14001536,Swindon North,false,true,
E05008960,"Liden, Eldene and Park South",E06000030,Swindon,E14001537,Swindon South,false,true,
E05008961,Lydiard and Freshbrook,E06000030,Swindon,E14001537,Swindon South,false,true,
E05008962,Mannington and Western,E06000030,Swindon,E14001537,Swindon South,false,true,
E05008963,Old Town,E06000030,Swindon,E14001537,Swindon South,false,true,
E05008965,Priory Vale,E06000030,Swindon,E14001536,Swindon North,false,true,
E05008966,Ridgeway,E06000030,Swindon,E14001217,East Wiltshire,false,true,
E05008967,Rodbourne Cheney,E06000030,Swindon,E14001536,Swindon North,false,true,
E05008968,St Andrews,E06000030,Swindon,E14001536,Swindon North,false,true,
E05008969,St Margaret and South Marston,E06000030,Swindon,E14001536,Swindon North,false,true,
E05008970,Shaw,E06000030,Swindon,E14001537,Swindon South,false,true,
E05008971,Walcot and Park North,E06000030,Swindon,E14001537,Swindon South,false,true,
E05008972,Wroughton and Wichelstowe,E06000030,Swindon,E14001217,East Wiltshire,false,true,
E05008974,Benn,E07000220,Rugby,E14001453,Rugby,false,true,
E05008975,Bilton,E07000220,Rugby,E14001453,Rugby,false,true,
E05008976,"Clifton, Newton and Churchover",E07000220,Rugby,E14001453,Rugby,false,true,
E05008977,Coton and Boughton,E07000220,Rugby,E14001453,Rugby,false,true,
E05008979,Hillmorton,E07000220,Rugby,E14001453,Rugby,false,true,
E05008980,Leam Valley,E07000220,Rugby,E14001309,Kenilworth and Southam,false,true,
E05008981,New Bilton,E07000220,Rugby,E14001453,Rugby,false,true,
E05008982,Newbold and Brownsover,E07000220,Rugby,E14001453,Rugby,false,true,
E05008983,Paddox,E07000220,Rugby,E14001453,Rugby,false,true,
E05008984,Revel and Binley Woods,E07000220,Rugby,E14001453,Rugby,false,true,
E05008985,Rokeby and Overslade,E07000220,Rugby,E14001453,Rugby,false,true,
E05008986,Eastlands,E07000220,Rugby,E14001453,Rugby,false,true,
E05008988,Wolvey and Shilton,E07000220,Rugby,E14001453,Rugby,false,true,
E05008989,Aldershot Park,E07000092,Rushmoor,E14001063,Aldershot,false,true,
E05008990,Cherrywood,E07000092,Rushmoor,E14001063,Aldershot,false,true,
E05008991,Cove and Southwood,E07000092,Rushmoor,E14001063,Aldershot,false,true,
E05008992,Empress,E07000092,Rushmoor,E14001063,Aldershot,false,true,
E05008993,Fernhill,E07000092,Rushmoor,E14001063,Aldershot,false,true,
E05008994,Knellwood,E07000092,Rushmoor,E14001063,Aldershot,false,true,
E05008995,Manor Park,E07000092,Rushmoor,E14001063,Aldershot,false,true,
E05008996,North Town,E07000092,Rushmoor,E14001063,Aldershot,false,true,
E05008997,Rowhill,E07000092,Rushmoor,E14001063,Aldershot,false,true,
E05008998,St John's,E07000092,Rushmoor,E14001063,Aldershot,false,true,
E05008999,St Mark's,E07000092,Rushmoor,E14001063,Aldershot,false,true,
E05009000,Wellington,E07000092,Rushmoor,E14001063,Aldershot,false,true,
E05009001,West Heath,E07000092,Rushmoor,E14001063,Aldershot,false,true,
E05009002,Broxbourne and Hoddesdon South,E07000095,Broxbourne,E14001139,Broxbourne,false,true,
E05009003,Cheshunt North,E07000095,Broxbourne,E14001139,Broxbourne,false,true,
E05009004,Cheshunt South and Theobalds,E07000095,Broxbourne,E14001139,Broxbourne,false,true,
E05009005,Flamstead End,E07000095,Broxbourne,E14001139,Broxbourne,false,true,
E05009006,Goffs Oak,E07000095,Broxbourne,E14001139,Broxbourne,false,true,
E05009007,Hoddesdon North,E07000095,Broxbourne,E14001139,Broxbourne,false,true,
E05009008,Hoddesdon Town and Rye Park,E07000095,Broxbourne,E14001139,Broxbourne,false,true,
E05009009,Rosedale and Bury Green,E07000095,Broxbourne,E14001139,Broxbourne,false,true,
E05009010,Waltham Cross,E07000095,Broxbourne,E14001139,Broxbourne,false,true,
E05009011,Wormley and Turnford,E07000095,Broxbourne,E14001139,Broxbourne,false,true,
E05009288,Aldersgate,E09000001,City of London,E14001172,Cities of London and Westminster,false,true,
E05009289,Aldgate,E09000001,City of London,E14001172,Cities of London and Westminster,false,true,
E05009290,Bassishaw,E09000001,City of London,E14001172,Cities of London and Westminster,false,true,
E05009291,Billingsgate,E09000001,City of London,E14001172,Cities of London and Westminster,false,true,
E05009292,Bishopsgate,E09000001,City of London,E14001172,Cities of London and Westminster,false,true,
E05009293,Bread Street,E09000001,City of London,E14001172,Cities of London and Westminster,false,true,
E05009294,Bridge,E09000001,City of London,E14001172,Cities of London and Westminster,false,true,
E05009295,Broad Street,E09000001,City of London,E14001172,Cities of London and Westminster,false,true,
E05009296,Candlewick,E09000001,City of London,E14001172,Cities of London and Westminster,false,true,
E05009297,Castle Baynard,E09000001,City of London,E14001172,Cities of London and Westminster,false,true,
E05009298,Cheap,E09000001,City of London,E14001172,Cities of London and Westminster,false,true,
E05009299,Coleman Street,E09000001,City of London,E14001172,Cities of London and Westminster,false,true,
E05009300,Cordwainer,E09000001,City of London,E14001172,Cities of London and Westminster,false,true,
E05009301,Cornhill,E09000001,City of London,E14001172,Cities of London and Westminster,false,true,
E05009302,Cripplegate,E09000001,City of London,E14001172,Cities of London and Westminster,false,true,
E05009303,Dowgate,E09000001,City of London,E14001172,Cities of London and Westminster,false,true,
E05009304,Farringdon Within,E09000001,City of London,E14001172,Cities of London and Westminster,false,true,
E05009305,Farringdon Without,E09000001,City of London,E14001172,Cities of London and Westminster,false,true,
E05009306,Langbourn,E09000001,City of London,E14001172,Cities of London and Westminster,false,true,
E05009307,Lime Street,E09000001,City of London,E14001172,Cities of London and Westminster,false,true,
E05009308,Portsoken,E09000001,City of London,E14001172,Cities of London and Westminster,false,true,
E05009309,Queenhithe,E09000001,City of London,E14001172,Cities of London and Westminster,false,true,
E05009310,Tower,E09000001,City of London,E14001172,Cities of London and Westminster,false,true,
E05009311,Vintry,E09000001,City of London,E14001172,Cities of London and Westminster,false,true,
E05009312,Walbrook,E09000001,City of London,E14001172,Cities of London and Westminster,false,true,
E05009313,Chopwell and Rowlands Gill,E08000037,Gateshead,E14001106,Blaydon and Consett,false,true,
E05009317,Bethnal Green East,E09000030,Tower Hamlets,E14001086,Bethnal Green and Stepney,false,true,
E05009318,Blackwall & Cubitt Town,E09000030,Tower Hamlets,E14001430,Poplar and Limehouse,false,true,
E05009319,Bow East,E09000030,Tower Hamlets,E14001525,Stratford and Bow,false,true,
E05009320,Bow West,E09000030,Tower Hamlets,E14001525,Stratford and Bow,false,true,
E05009321,Bromley North,E09000030,Tower Hamlets,E14001525,Stratford and Bow,false,true,
E05009322,Bromley South,E09000030,Tower Hamlets,E14001430,Poplar and Limehouse,false,true,
E05009323,Canary Wharf,E09000030,Tower Hamlets,E14001430,Poplar and Limehouse,false,true,
E05009324,Island Gardens,E09000030,Tower Hamlets,E14001430,Poplar and Limehouse,false,true,
E05009325,Lansbury,E09000030,Tower Hamlets,E14001430,Poplar and Limehouse,false,true,
E05009326,Limehouse,E09000030,Tower Hamlets,E14001430,Poplar and Limehouse,false,true,
E05009327,Mile End,E09000030,Tower Hamlets,E14001430,Poplar and Limehouse,false,true,
E05009328,Poplar,E09000030,Tower Hamlets,E14001430,Poplar and Limehouse,false,true,
E05009329,St Dunstan's,E09000030,Tower Hamlets,E14001086,Bethnal Green and Stepney,false,true,
E05009330,St Katharine's & Wapping,E09000030,Tower Hamlets,E14001430,Poplar and Limehouse,false,true,
E05009331,Bethnal Green West,E09000030,Tower Hamlets,E14001086,Bethnal Green and Stepney,false,true,
E05009332,Shadwell,E09000030,Tower Hamlets,E14001086,Bethnal Green and Stepney,false,true,
E05009333,Spitalfields & Banglatown,E09000030,Tower Hamlets,E14001086,Bethnal Green and Stepney,false,true,
E05009334,Stepney Green,E09000030,Tower Hamlets,E14001086,Bethnal Green and Stepney,false,true,
E05009335,Weavers,E09000030,Tower Hamlets,E14001086,Bethnal Green and Stepney,false,true,
E05009336,Whitechapel,E09000030,Tower Hamlets,E14001086,Bethnal Green and Stepney,false,true,
E05009352,Blackwater and Hawley,E07000089,Hart,E14001063,Aldershot,false,true,
E05009353,Crookham East,E07000089,Hart,E14001392,North East Hampshire,false,true,
E05009354,Crookham West and Ewshot,E07000089,Hart,E14001392,North East Hampshire,false,true,
E05009355,Fleet Central,E07000089,Hart,E14001392,North East Hampshire,false,true,
E05009356,Fleet East,E07000089,Hart,E14001392,North East Hampshire,false,true,
E05009357,Fleet West,E07000089,Hart,E14001392,North East Hampshire,false,true,
E05009358,Hartley Wintney,E07000089,Hart,E14001392,North East Hampshire,false,true,
E05009359,Hook,E07000089,Hart,E14001392,North East Hampshire,false,true,
E05009360,Odiham,E07000089,Hart,E14001392,North East Hampshire,false,true,
E05009361,Yateley East,E07000089,Hart,E14001063,Aldershot,false,true,
E05009362,Yateley West,E07000089,Hart,E14001392,North East Hampshire,false,true,
E05009363,Burford,E07000181,West Oxfordshire,E14001591,Witney,false,true,
E05009364,Brize Norton and Shilton,E07000181,West Oxfordshire,E14001591,Witney,false,true,
E05009365,Carterton North West,E07000181,West Oxfordshire,E14001591,Witney,false,true,
E05009367,Brownswood,E09000012,Hackney,E14001553,Tottenham,false,true,
E05009368,Cazenove,E09000012,Hackney,E14001259,Hackney North and Stoke Newington,false,true,
E05009369,Clissold,E09000012,Hackney,E14001259,Hackney North and Stoke Newington,false,true,
E05009370,Dalston,E09000012,Hackney,E14001260,Hackney South and Shoreditch,false,true,
E05009371,De Beauvoir,E09000012,Hackney,E14001306,Islington South and Finsbury,false,true,
E05009372,Hackney Central,E09000012,Hackney,E14001260,Hackney South and Shoreditch,false,true,
E05009373,Hackney Downs,E09000012,Hackney,E14001259,Hackney North and Stoke Newington,false,true,
E05009374,Hackney Wick,E09000012,Hackney,E14001260,Hackney South and Shoreditch,false,true,
E05009375,Haggerston,E09000012,Hackney,E14001260,Hackney South and Shoreditch,false,true,
E05009376,Homerton,E09000012,Hackney,E14001260,Hackney South and Shoreditch,false,true,
E05009377,Hoxton East & Shoreditch,E09000012,Hackney,E14001260,Hackney South and Shoreditch,false,true,
E05009378,Hoxton West,E09000012,Hackney,E14001260,Hackney South and Shoreditch,false,true,
E05009379,King's Park,E09000012,Hackney,E14001259,Hackney North and Stoke Newington,false,true,
E05009380,Lea Bridge,E09000012,Hackney,E14001259,Hackney North and Stoke Newington,false,true,
E05009381,London Fields,E09000012,Hackney,E14001260,Hackney South and Shoreditch,false,true,
E05009382,Shacklewell,E09000012,Hackney,E14001259,Hackney North and Stoke Newington,false,true,
E05009383,Springfield,E09000012,Hackney,E14001259,Hackney North and Stoke Newington,false,true,
E05009384,Stamford Hill West,E09000012,Hackney,E14001259,Hackney North and Stoke Newington,false,true,
E05009385,Stoke Newington,E09000012,Hackney,E14001259,Hackney North and Stoke Newington,false,true,
E05009386,Victoria,E09000012,Hackney,E14001260,Hackney South and Shoreditch,false,true,
E05009387,Woodberry Down,E09000012,Hackney,E14001553,Tottenham,false,true,
E05009388,Abingdon,E09000020,Kensington and Chelsea,E14001310,Kensington and Bayswater,false,true,
E05009389,Brompton & Hans Town,E09000020,Kensington and Chelsea,E14001310,Kensington and Bayswater,false,true,
E05009390,Campden,E09000020,Kensington and Chelsea,E14001310,Kensington and Bayswater,false,true,
E05009391,Chelsea Riverside,E09000020,Kensington and Chelsea,E14001160,Chelsea and Fulham,false,true,
E05009392,Colville,E09000020,Kensington and Chelsea,E14001310,Kensington and Bayswater,false,true,
E05009393,Courtfield,E09000020,Kensington and Chelsea,E14001310,Kensington and Bayswater,false,true,
E05009394,Dalgarno,E09000020,Kensington and Chelsea,E14001310,Kensington and Bayswater,false,true,
E05009395,Earl's Court,E09000020,Kensington and Chelsea,E14001310,Kensington and Bayswater,false,true,
E05009396,Golborne,E09000020,Kensington and Chelsea,E14001310,Kensington and Bayswater,false,true,
E05009397,Holland,E09000020,Kensington and Chelsea,E14001310,Kensington and Bayswater,false,true,
E05009398,Norland,E09000020,Kensington and Chelsea,E14001310,Kensington and Bayswater,false,true,
E05009399,Notting Dale,E09000020,Kensington and Chelsea,E14001310,Kensington and Bayswater,false,true,
E05009400,Pembridge,E09000020,Kensington and Chelsea,E14001310,Kensington and Bayswater,false,true,
E05009401,Queen's Gate,E09000020,Kensington and Chelsea,E14001310,Kensington and Bayswater,false,true,
E05009402,Redcliffe,E09000020,Kensington and Chelsea,E14001160,Chelsea and Fulham,false,true,
E05009403,Royal Hospital,E09000020,Kensington and Chelsea,E14001160,Chelsea and Fulham,false,true,
E05009404,St. Helen's,E09000020,Kensington and Chelsea,E14001310,Kensington and Bayswater,false,true,
E05009405,Stanley,E09000020,Kensington and Chelsea,E14001160,Chelsea and Fulham,false,true,
E05009406,Bletchley East,E06000042,Milton Keynes,E14001141,Buckingham and Bletchley,false,true,
E05009407,Bletchley Park,E06000042,Milton Keynes,E14001141,Buckingham and Bletchley,false,true,
E05009408,Bletchley West,E06000042,Milton Keynes,E14001141,Buckingham and Bletchley,false,true,
E05009409,Bradwell,E06000042,Milton Keynes,E14001370,Milton Keynes North,false,true,
E05009410,Broughton,E06000042,Milton Keynes,E14001369,Milton Keynes Central,false,true,
E05009411,Campbell Park & Old Woughton,E06000042,Milton Keynes,E14001369,Milton Keynes Central,false,true,
E05009412,Central Milton Keynes,E06000042,Milton Keynes,E14001369,Milton Keynes Central,false,true,
E05009413,Danesborough & Walton,E06000042,Milton Keynes,E14001369,Milton Keynes Central,false,true,
E05009414,Loughton & Shenley,E06000042,Milton Keynes,E14001369,Milton Keynes Central,false,true,
E05009415,Monkston,E06000042,Milton Keynes,E14001369,Milton Keynes Central,false,true,
E05009416,Newport Pagnell North & Hanslope,E06000042,Milton Keynes,E14001370,Milton Keynes North,false,true,
E05009417,Newport Pagnell South,E06000042,Milton Keynes,E14001370,Milton Keynes North,false,true,
E05009418,Olney,E06000042,Milton Keynes,E14001370,Milton Keynes North,false,true,
E05009419,Shenley Brook End,E06000042,Milton Keynes,E14001369,Milton Keynes Central,false,true,
E05009420,Stantonbury,E06000042,Milton Keynes,E14001370,Milton Keynes North,false,true,
E05009421,Stony Stratford,E06000042,Milton Keynes,E14001370,Milton Keynes North,false,true,
E05009422,Tattenhoe,E06000042,Milton Keynes,E14001141,Buckingham and Bletchley,false,true,
E05009423,Wolverton,E06000042,Milton Keynes,E14001370,Milton Keynes North,false,true,
E05009424,Woughton & Fishermead,E06000042,Milton Keynes,E14001369,Milton Keynes Central,false,true,
E05009425,Abbots Langley & Bedmond,E07000102,Three Rivers,E14001496,South West Hertfordshire,false,true,
E05009426,Carpenders Park,E07000102,Three Rivers,E14001496,South West Hertfordshire,false,true,
E05009427,Chorleywood North & Sarratt,E07000102,Three Rivers,E14001496,South West Hertfordshire,false,true,
E05009428,Chorleywood South & Maple Cross,E07000102,Three Rivers,E14001496,South West Hertfordshire,false,true,
E05009429,Dickinsons,E07000102,Three Rivers,E14001496,South West Hertfordshire,false,true,
E05009430,Durrants,E07000102,Three Rivers,E14001496,South West Hertfordshire,false,true,
E05009431,Gade Valley,E07000102,Three Rivers,E14001496,South West Hertfordshire,false,true,
E05009432,Leavesden,E07000102,Three Rivers,E14001496,South West Hertfordshire,false,true,
E05009433,Moor Park & Eastbury,E07000102,Three Rivers,E14001496,South West Hertfordshire,false,true,
E05009434,Oxhey Hall & Hayling,E07000102,Three Rivers,E14001496,South West Hertfordshire,false,true,
E05009435,Penn & Mill End,E07000102,Three Rivers,E14001496,South West Hertfordshire,false,true,
E05009436,Rickmansworth Town,E07000102,Three Rivers,E14001496,South West Hertfordshire,false,true,
E05009437,South Oxhey,E07000102,Three Rivers,E14001496,South West Hertfordshire,false,true,
E05009438,Arrow,E06000019,"Herefordshire, County of",E14001395,North Herefordshire,false,true,
E05009439,Aylestone Hill,E06000019,"Herefordshire, County of",E14001281,Hereford and South Herefordshire,false,true,
E05009440,Backbury,E06000019,"Herefordshire, County of",E14001395,North Herefordshire,false,true,
E05009441,Belmont Rural,E06000019,"Herefordshire, County of",E14001281,Hereford and South Herefordshire,false,true,
E05009442,Birch,E06000019,"Herefordshire, County of",E14001281,Hereford and South Herefordshire,false,true,
E05009443,Bircher,E06000019,"Herefordshire, County of",E14001395,North Herefordshire,false,true,
E05009444,Bishops Frome & Cradley,E06000019,"Herefordshire, County of",E14001395,North Herefordshire,false,true,
E05009445,Bobblestock,E06000019,"Herefordshire, County of",E14001281,Hereford and South Herefordshire,false,true,
E05009446,Bromyard Bringsty,E06000019,"Herefordshire, County of",E14001395,North Herefordshire,false,true,
E05009447,Bromyard West,E06000019,"Herefordshire, County of",E14001395,North Herefordshire,false,true,
E05009448,Castle,E06000019,"Herefordshire, County of",E14001395,North Herefordshire,false,true,
E05009449,Central,E06000019,"Herefordshire, County of",E14001281,Hereford and South Herefordshire,false,true,
E05009450,College,E06000019,"Herefordshire, County of",E14001281,Hereford and South Herefordshire,false,true,
E05009452,Dinedor Hill,E06000019,"Herefordshire, County of",E14001281,Hereford and South Herefordshire,false,true,
E05009453,Eign Hill,E06000019,"Herefordshire, County of",E14001281,Hereford and South Herefordshire,false,true,
E05009454,Golden Valley North,E06000019,"Herefordshire, County of",E14001281,Hereford and South Herefordshire,false,true,
E05009455,Golden Valley South,E06000019,"Herefordshire, County of",E14001281,Hereford and South Herefordshire,false,true,
E05009456,Greyfriars,E06000019,"Herefordshire, County of",E14001281,Hereford and South Herefordshire,false,true,
E05009457,Hagley,E06000019,"Herefordshire, County of",E14001395,North Herefordshire,false,true,
E05009458,Hampton,E06000019,"Herefordshire, County of",E14001395,North Herefordshire,false,true,
E05009459,Hinton & Hunderton,E06000019,"Herefordshire, County of",E14001281,Hereford and South Herefordshire,false,true,
E05009460,Holmer,E06000019,"Herefordshire, County of",E14001395,North Herefordshire,false,true,
E05009461,Hope End,E06000019,"Herefordshire, County of",E14001395,North Herefordshire,false,true,
E05009462,Kerne Bridge,E06000019,"Herefordshire, County of",E14001281,Hereford and South Herefordshire,false,true,
E05009463,Kings Acre,E06000019,"Herefordshire, County of",E14001281,Hereford and South Herefordshire,false,true,
E05009464,Kington,E06000019,"Herefordshire, County of",E14001395,North Herefordshire,false,true,
E05009465,Ledbury North,E06000019,"Herefordshire, County of",E14001395,North Herefordshire,false,true,
E05009466,Ledbury South,E06000019,"Herefordshire, County of",E14001395,North Herefordshire,false,true,
E05009467,Ledbury West,E06000019,"Herefordshire, County of",E14001395,North Herefordshire,false,true,
E05009468,Leominster East,E06000019,"Herefordshire, County of",E14001395,North Herefordshire,false,true,
E05009469,Leominster North & Rural,E06000019,"Herefordshire, County of",E14001395,North Herefordshire,false,true,
E05009470,Leominster South,E06000019,"Herefordshire, County of",E14001395,North Herefordshire,false,true,
E05009471,Leominster West,E06000019,"Herefordshire, County of",E14001395,North Herefordshire,false,true,
E05009472,Llangarron,E06000019,"Herefordshire, County of",E14001281,Hereford and South Herefordshire,false,true,
E05009473,Mortimer,E06000019,"Herefordshire, County of",E14001395,North Herefordshire,false,true,
E05009474,Newton Farm,E06000019,"Herefordshire, County of",E14001281,Hereford and South Herefordshire,false,true,
E05009475,Old Gore,E06000019,"Herefordshire, County of",E14001395,North Herefordshire,false,true,
E05009476,Penyard,E06000019,"Herefordshire, County of",E14001281,Hereford and South Herefordshire,false,true,
E05009478,Red Hill,E06000019,"Herefordshire, County of",E14001281,Hereford and South Herefordshire,false,true,
E05009479,Ross East,E06000019,"Herefordshire, County of",E14001281,Hereford and South Herefordshire,false,true,
E05009480,Ross North,E06000019,"Herefordshire, County of",E14001281,Hereford and South Herefordshire,false,true,
E05009481,Ross West,E06000019,"Herefordshire, County of",E14001281,Hereford and South Herefordshire,false,true,
E05009482,Saxon Gate,E06000019,"Herefordshire, County of",E14001281,Hereford and South Herefordshire,false,true,
E05009485,Three Crosses,E06000019,"Herefordshire, County of",E14001395,North Herefordshire,false,true,
E05009486,Tupsley,E06000019,"Herefordshire, County of",E14001281,Hereford and South Herefordshire,false,true,
E05009487,Weobley,E06000019,"Herefordshire, County of",E14001395,North Herefordshire,false,true,
E05009488,Whitecross,E06000019,"Herefordshire, County of",E14001281,Hereford and South Herefordshire,false,true,
E05009489,Widemarsh,E06000019,"Herefordshire, County of",E14001281,Hereford and South Herefordshire,false,true,
E05009490,Wormside,E06000019,"Herefordshire, County of",E14001281,Hereford and South Herefordshire,false,true,
E05009544,Abbey,E07000113,Swale,E14001235,Faversham and Mid Kent,false,true,
E05009545,"Bobbing, Iwade and Lower Halstow",E07000113,Swale,E14001474,Sittingbourne and Sheppey,false,true,
E05009546,Borden and Grove Park,E07000113,Swale,E14001474,Sittingbourne and Sheppey,false,true,
E05009547,Boughton and Courtenay,E07000113,Swale,E14001235,Faversham and Mid Kent,false,true,
E05009548,Chalkwell,E07000113,Swale,E14001474,Sittingbourne and Sheppey,false,true,
E05009549,East Downs,E07000113,Swale,E14001235,Faversham and Mid Kent,false,true,
E05009550,"Hartlip, Newington and Upchurch",E07000113,Swale,E14001474,Sittingbourne and Sheppey,false,true,
E05009551,Homewood,E07000113,Swale,E14001474,Sittingbourne and Sheppey,false,true,
E05009552,Kemsley,E07000113,Swale,E14001474,Sittingbourne and Sheppey,false,true,
E05009553,Milton Regis,E07000113,Swale,E14001474,Sittingbourne and Sheppey,false,true,
E05009554,Minster Cliffs,E07000113,Swale,E14001474,Sittingbourne and Sheppey,false,true,
E05009555,Murston,E07000113,Swale,E14001474,Sittingbourne and Sheppey,false,true,
E05009556,Priory,E07000113,Swale,E14001235,Faversham and Mid Kent,false,true,
E05009557,Queenborough and Halfway,E07000113,Swale,E14001474,Sittingbourne and Sheppey,false,true,
E05009558,Roman,E07000113,Swale,E14001474,Sittingbourne and Sheppey,false,true,
E05009559,St Ann's,E07000113,Swale,E14001235,Faversham and Mid Kent,false,true,
E05009560,Sheerness,E07000113,Swale,E14001474,Sittingbourne and Sheppey,false,true,
E05009561,Sheppey Central,E07000113,Swale,E14001474,Sittingbourne and Sheppey,false,true,
E05009562,Sheppey East,E07000113,Swale,E14001474,Sittingbourne and Sheppey,false,true,
E05009563,Teynham and Lynsted,E07000113,Swale,E14001235,Faversham and Mid Kent,false,true,
E05009564,The Meads,E07000113,Swale,E14001474,Sittingbourne and Sheppey,false,true,
E05009565,Watling,E07000113,Swale,E14001235,Faversham and Mid Kent,false,true,
E05009566,West Downs,E07000113,Swale,E14001235,Faversham and Mid Kent,false,true,
E05009567,Woodstock,E07000113,Swale,E14001474,Sittingbourne and Sheppey,false,true,
E05009621,Coastal,E07000136,Boston,E14001114,Boston and Skegness,false,true,
E05009622,Fenside,E07000136,Boston,E14001114,Boston and Skegness,false,true,
E05009623,Fishtoft,E07000136,Boston,E14001114,Boston and Skegness,false,true,
E05009624,Five Village,E07000136,Boston,E14001114,Boston and Skegness,false,true,
E05009625,Kirton and Frampton,E07000136,Boston,E14001114,Boston and Skegness,false,true,
E05009626,Old Leake and Wrangle,E07000136,Boston,E14001114,Boston and Skegness,false,true,
E05009627,St Thomas',E07000136,Boston,E14001114,Boston and Skegness,false,true,
E05009628,Skirbeck,E07000136,Boston,E14001114,Boston and Skegness,false,true,
E05009629,Staniland,E07000136,Boston,E14001114,Boston and Skegness,false,true,
E05009630,Station,E07000136,Boston,E14001114,Boston and Skegness,false,true,
E05009631,Swineshead and Holland Fen,E07000136,Boston,E14001114,Boston and Skegness,false,true,
E05009632,Trinity,E07000136,Boston,E14001114,Boston and Skegness,false,true,
E05009633,West,E07000136,Boston,E14001114,Boston and Skegness,false,true,
E05009634,Witham,E07000136,Boston,E14001114,Boston and Skegness,false,true,
E05009635,Wyberton,E07000136,Boston,E14001114,Boston and Skegness,false,true,
E05009636,Bardney,E07000142,West Lindsey,E14001243,Gainsborough,false,true,
E05009637,Caistor and Yarborough,E07000142,West Lindsey,E14001243,Gainsborough,false,true,
E05009638,Cherry Willingham,E07000142,West Lindsey,E14001243,Gainsborough,false,true,
E05009639,Dunholme and Welton,E07000142,West Lindsey,E14001243,Gainsborough,false,true,
E05009640,Gainsborough East,E07000142,West Lindsey,E14001243,Gainsborough,false,true,
E05009641,Gainsborough North,E07000142,West Lindsey,E14001243,Gainsborough,false,true,
E05009642,Gainsborough South-West,E07000142,West Lindsey,E14001243,Gainsborough,false,true,
E05009643,Hemswell,E07000142,West Lindsey,E14001243,Gainsborough,false,true,
E05009644,Kelsey Wold,E07000142,West Lindsey,E14001243,Gainsborough,false,true,
E05009645,Lea,E07000142,West Lindsey,E14001243,Gainsborough,false,true,
E05009646,Market Rasen,E07000142,West Lindsey,E14001243,Gainsborough,false,true,
E05009647,Nettleham,E07000142,West Lindsey,E14001243,Gainsborough,false,true,
E05009648,Saxilby,E07000142,West Lindsey,E14001243,Gainsborough,false,true,
E05009649,Scampton,E07000142,West Lindsey,E14001243,Gainsborough,false,true,
E05009650,Scotter and Blyton,E07000142,West Lindsey,E14001243,Gainsborough,false,true,
E05009651,Stow,E07000142,West Lindsey,E14001243,Gainsborough,false,true,
E05009652,Sudbrooke,E07000142,West Lindsey,E14001243,Gainsborough,false,true,
E05009653,Torksey,E07000142,West Lindsey,E14001243,Gainsborough,false,true,
E05009654,Waddingham and Spital,E07000142,West Lindsey,E14001243,Gainsborough,false,true,
E05009655,Wold View,E07000142,West Lindsey,E14001243,Gainsborough,false,true,
E05009689,Bestwood St Albans,E07000173,Gedling,E14001245,Gedling,false,true,
E05009690,Calverton,E07000173,Gedling,E14001471,Sherwood Forest,false,true,
E05009691,Carlton,E07000173,Gedling,E14001245,Gedling,false,true,
E05009692,Carlton Hill,E07000173,Gedling,E14001245,Gedling,false,true,
E05009693,Cavendish,E07000173,Gedling,E14001245,Gedling,false,true,
E05009694,Colwick,E07000173,Gedling,E14001245,Gedling,false,true,
E05009695,Coppice,E07000173,Gedling,E14001245,Gedling,false,true,
E05009696,Daybrook,E07000173,Gedling,E14001245,Gedling,false,true,
E05009697,Dumbles,E07000173,Gedling,E14001245,Gedling,false,true,
E05009698,Ernehale,E07000173,Gedling,E14001245,Gedling,false,true,
E05009699,Gedling,E07000173,Gedling,E14001245,Gedling,false,true,
E05009700,Netherfield,E07000173,Gedling,E14001245,Gedling,false,true,
E05009701,Newstead Abbey,E07000173,Gedling,E14001471,Sherwood Forest,false,true,
E05009702,Phoenix,E07000173,Gedling,E14001245,Gedling,false,true,
E05009703,Plains,E07000173,Gedling,E14001245,Gedling,false,true,
E05009704,Porchester,E07000173,Gedling,E14001245,Gedling,false,true,
E05009705,Redhill,E07000173,Gedling,E14001245,Gedling,false,true,
E05009706,Trent Valley,E07000173,Gedling,E14001245,Gedling,false,true,
E05009707,Woodthorpe,E07000173,Gedling,E14001245,Gedling,false,true,
E05009733,Benson & Crowmarsh,E07000179,South Oxfordshire,E14001280,Henley and Thame,false,true,
E05009734,Berinsfield,E07000179,South Oxfordshire,E14001280,Henley and Thame,false,true,
E05009735,Chalgrove,E07000179,South Oxfordshire,E14001280,Henley and Thame,false,true,
E05009736,Chinnor,E07000179,South Oxfordshire,E14001280,Henley and Thame,false,true,
E05009740,Didcot West,E07000179,South Oxfordshire,E14001197,Didcot and Wantage,false,true,
E05009742,Garsington & Horspath,E07000179,South Oxfordshire,E14001280,Henley and Thame,false,true,
E05009743,Goring,E07000179,South Oxfordshire,E14001280,Henley and Thame,false,true,
E05009749,Thame,E07000179,South Oxfordshire,E14001280,Henley and Thame,false,true,
E05009751,Watlington,E07000179,South Oxfordshire,E14001280,Henley and Thame,false,true,
E05009754,Abingdon Abbey Northcourt,E07000180,Vale of White Horse,E14001420,Oxford West and Abingdon,false,true,
E05009755,Abingdon Caldecott,E07000180,Vale of White Horse,E14001420,Oxford West and Abingdon,false,true,
E05009757,Abingdon Fitzharris,E07000180,Vale of White Horse,E14001420,Oxford West and Abingdon,false,true,
E05009769,Ridgeway,E07000180,Vale of White Horse,E14001197,Didcot and Wantage,false,true,
E05009770,Stanford,E07000180,Vale of White Horse,E14001197,Didcot and Wantage,false,true,
E05009771,Steventon & the Hanneys,E07000180,Vale of White Horse,E14001197,Didcot and Wantage,false,true,
E05009800,Aldwick East,E07000224,Arun,E14001108,Bognor Regis and Littlehampton,false,true,
E05009801,Aldwick West,E07000224,Arun,E14001108,Bognor Regis and Littlehampton,false,true,
E05009802,Angmering & Findon,E07000224,Arun,E14001599,Worthing West,false,true,
E05009803,Arundel & Walberton,E07000224,Arun,E14001067,Arundel and South Downs,false,true,
E05009804,Barnham,E07000224,Arun,E14001067,Arundel and South Downs,false,true,
E05009805,Beach,E07000224,Arun,E14001108,Bognor Regis and Littlehampton,false,true,
E05009806,Bersted,E07000224,Arun,E14001166,Chichester,false,true,
E05009807,Brookfield,E07000224,Arun,E14001108,Bognor Regis and Littlehampton,false,true,
E05009808,Courtwick with Toddington,E07000224,Arun,E14001108,Bognor Regis and Littlehampton,false,true,
E05009809,East Preston,E07000224,Arun,E14001599,Worthing West,false,true,
E05009810,Felpham East,E07000224,Arun,E14001108,Bognor Regis and Littlehampton,true,true,1.7776
E05009810,Felpham East,E07000224,Arun,E14001067,Arundel and South Downs,true,false,1.7381
E05009811,Felpham West,E07000224,Arun,E14001108,Bognor Regis and Littlehampton,false,true,
E05009812,Ferring,E07000224,Arun,E14001599,Worthing West,false,true,
E05009813,Hotham,E07000224,Arun,E14001108,Bognor Regis and Littlehampton,false,true,
E05009814,Marine,E07000224,Arun,E14001108,Bognor Regis and Littlehampton,false,true,
E05009815,Middleton-on-Sea,E07000224,Arun,E14001108,Bognor Regis and Littlehampton,false,true,
E05009816,Orchard,E07000224,Arun,E14001108,Bognor Regis and Littlehampton,false,true,
E05009817,Pagham,E07000224,Arun,E14001166,Chichester,false,true,
E05009818,Pevensey,E07000224,Arun,E14001108,Bognor Regis and Littlehampton,false,true,
E05009819,River,E07000224,Arun,E14001108,Bognor Regis and Littlehampton,false,true,
E05009820,Rustington East,E07000224,Arun,E14001108,Bognor Regis and Littlehampton,false,true,
E05009821,Rustington West,E07000224,Arun,E14001108,Bognor Regis and Littlehampton,false,true,
E05009822,Yapton,E07000224,Arun,E14001108,Bognor Regis and Littlehampton,false,true,
E05009823,Alvechurch South,E07000234,Bromsgrove,E14001138,Bromsgrove,false,true,
E05009824,Alvechurch Village,E07000234,Bromsgrove,E14001138,Bromsgrove,false,true,
E05009825,Aston Fields,E07000234,Bromsgrove,E14001138,Bromsgrove,false,true,
E05009826,Avoncroft,E07000234,Bromsgrove,E14001138,Bromsgrove,false,true,
E05009827,Barnt Green & Hopwood,E07000234,Bromsgrove,E14001138,Bromsgrove,false,true,
E05009828,Belbroughton & Romsley,E07000234,Bromsgrove,E14001138,Bromsgrove,false,true,
E05009829,Bromsgrove Central,E07000234,Bromsgrove,E14001138,Bromsgrove,false,true,
E05009830,Catshill North,E07000234,Bromsgrove,E14001138,Bromsgrove,false,true,
E05009831,Catshill South,E07000234,Bromsgrove,E14001138,Bromsgrove,false,true,
E05009832,Charford,E07000234,Bromsgrove,E14001138,Bromsgrove,false,true,
E05009833,Cofton,E07000234,Bromsgrove,E14001138,Bromsgrove,false,true,
E05009834,Drakes Cross,E07000234,Bromsgrove,E14001138,Bromsgrove,false,true,
E05009835,Hagley East,E07000234,Bromsgrove,E14001138,Bromsgrove,false,true,
E05009836,Hagley West,E07000234,Bromsgrove,E14001138,Bromsgrove,false,true,
E05009837,Hill Top,E07000234,Bromsgrove,E14001138,Bromsgrove,false,true,
E05009838,Hollywood,E07000234,Bromsgrove,E14001138,Bromsgrove,false,true,
E05009839,Lickey Hills,E07000234,Bromsgrove,E14001138,Bromsgrove,false,true,
E05009840,Lowes Hill,E07000234,Bromsgrove,E14001138,Bromsgrove,false,true,
E05009841,Marlbrook,E07000234,Bromsgrove,E14001138,Bromsgrove,false,true,
E05009842,Norton,E07000234,Bromsgrove,E14001138,Bromsgrove,false,true,
E05009843,Perryfields,E07000234,Bromsgrove,E14001138,Bromsgrove,false,true,
E05009844,Rock Hill,E07000234,Bromsgrove,E14001138,Bromsgrove,false,true,
E05009845,Rubery North,E07000234,Bromsgrove,E14001138,Bromsgrove,false,true,
E05009846,Rubery South,E07000234,Bromsgrove,E14001138,Bromsgrove,false,true,
E05009847,Sanders Park,E07000234,Bromsgrove,E14001138,Bromsgrove,false,true,
E05009848,Sidemoor,E07000234,Bromsgrove,E14001138,Bromsgrove,false,true,
E05009849,Slideslow,E07000234,Bromsgrove,E14001138,Bromsgrove,false,true,
E05009850,Tardebigge,E07000234,Bromsgrove,E14001138,Bromsgrove,false,true,
E05009851,Wythall East,E07000234,Bromsgrove,E14001138,Bromsgrove,false,true,
E05009852,Wythall West,E07000234,Bromsgrove,E14001138,Bromsgrove,false,true,
E05009853,Acklam,E06000002,Middlesbrough,E14001367,Middlesbrough and Thornaby East,false,true,
E05009854,Ayresome,E06000002,Middlesbrough,E14001367,Middlesbrough and Thornaby East,false,true,
E05009855,Berwick Hills & Pallister,E06000002,Middlesbrough,E14001367,Middlesbrough and Thornaby East,false,true,
E05009856,Brambles & Thorntree,E06000002,Middlesbrough,E14001367,Middlesbrough and Thornaby East,false,true,
E05009857,Central,E06000002,Middlesbrough,E14001367,Middlesbrough and Thornaby East,false,true,
E05009858,Coulby Newham,E06000002,Middlesbrough,E14001368,Middlesbrough South and East Cleveland,false,true,
E05009859,Hemlington,E06000002,Middlesbrough,E14001368,Middlesbrough South and East Cleveland,false,true,
E05009860,Kader,E06000002,Middlesbrough,E14001367,Middlesbrough and Thornaby East,false,true,
E05009861,Ladgate,E06000002,Middlesbrough,E14001368,Middlesbrough South and East Cleveland,false,true,
E05009862,Linthorpe,E06000002,Middlesbrough,E14001367,Middlesbrough and Thornaby East,false,true,
E05009863,Longlands & Beechwood,E06000002,Middlesbrough,E14001367,Middlesbrough and Thornaby East,false,true,
E05009865,Marton West,E06000002,Middlesbrough,E14001368,Middlesbrough South and East Cleveland,false,true,
E05009866,Newport,E06000002,Middlesbrough,E14001367,Middlesbrough and Thornaby East,false,true,
E05009867,North Ormesby,E06000002,Middlesbrough,E14001367,Middlesbrough and Thornaby East,false,true,
E05009869,Park,E06000002,Middlesbrough,E14001367,Middlesbrough and Thornaby East,false,true,
E05009870,Park End & Beckfield,E06000002,Middlesbrough,E14001368,Middlesbrough South and East Cleveland,false,true,
E05009871,Stainton & Thornton,E06000002,Middlesbrough,E14001368,Middlesbrough South and East Cleveland,false,true,
E05009872,Trimdon,E06000002,Middlesbrough,E14001367,Middlesbrough and Thornaby East,false,true,
E05009873,Alford,E07000137,East Lindsey,E14001343,Louth and Horncastle,false,true,
E05009874,Binbrook,E07000137,East Lindsey,E14001343,Louth and Horncastle,false,true,
E05009875,Burgh le Marsh,E07000137,East Lindsey,E14001114,Boston and Skegness,false,true,
E05009876,Chapel St Leonards,E07000137,East Lindsey,E14001114,Boston and Skegness,false,true,
E05009877,Coningsby & Mareham,E07000137,East Lindsey,E14001343,Louth and Horncastle,false,true,
E05009878,Croft,E07000137,East Lindsey,E14001114,Boston and Skegness,false,true,
E05009879,Friskney,E07000137,East Lindsey,E14001114,Boston and Skegness,false,true,
E05009880,Fulstow,E07000137,East Lindsey,E14001343,Louth and Horncastle,false,true,
E05009881,Grimoldby,E07000137,East Lindsey,E14001343,Louth and Horncastle,false,true,
E05009882,Hagworthingham,E07000137,East Lindsey,E14001343,Louth and Horncastle,false,true,
E05009883,Halton Holegate,E07000137,East Lindsey,E14001343,Louth and Horncastle,false,true,
E05009884,Holton-le-Clay & North Thoresby,E07000137,East Lindsey,E14001343,Louth and Horncastle,false,true,
E05009885,Horncastle,E07000137,East Lindsey,E14001343,Louth and Horncastle,false,true,
E05009886,Ingoldmells,E07000137,East Lindsey,E14001114,Boston and Skegness,false,true,
E05009887,Legbourne,E07000137,East Lindsey,E14001343,Louth and Horncastle,false,true,
E05009888,Mablethorpe,E07000137,East Lindsey,E14001343,Louth and Horncastle,false,true,
E05009889,Marshchapel & Somercotes,E07000137,East Lindsey,E14001343,Louth and Horncastle,false,true,
E05009890,North Holme,E07000137,East Lindsey,E14001343,Louth and Horncastle,false,true,
E05009891,Priory & St James',E07000137,East Lindsey,E14001343,Louth and Horncastle,false,true,
E05009892,Roughton,E07000137,East Lindsey,E14001343,Louth and Horncastle,false,true,
E05009893,St Clement's,E07000137,East Lindsey,E14001114,Boston and Skegness,false,true,
E05009894,St Margaret's,E07000137,East Lindsey,E14001343,Louth and Horncastle,false,true,
E05009895,St Mary's,E07000137,East Lindsey,E14001343,Louth and Horncastle,false,true,
E05009896,St Michael's,E07000137,East Lindsey,E14001343,Louth and Horncastle,false,true,
E05009897,Scarbrough & Seacroft,E07000137,East Lindsey,E14001114,Boston and Skegness,false,true,
E05009898,Sibsey & Stickney,E07000137,East Lindsey,E14001114,Boston and Skegness,false,true,
E05009899,Spilsby,E07000137,East Lindsey,E14001343,Louth and Horncastle,false,true,
E05009900,Sutton on Sea,E07000137,East Lindsey,E14001343,Louth and Horncastle,false,true,
E05009901,Tetford & Donington,E07000137,East Lindsey,E14001343,Louth and Horncastle,false,true,
E05009902,Tetney,E07000137,East Lindsey,E14001343,Louth and Horncastle,false,true,
E05009903,Trinity,E07000137,East Lindsey,E14001343,Louth and Horncastle,false,true,
E05009904,Wainfleet,E07000137,East Lindsey,E14001114,Boston and Skegness,false,true,
E05009905,Willoughby with Sloothby,E07000137,East Lindsey,E14001114,Boston and Skegness,false,true,
E05009906,Winthorpe,E07000137,East Lindsey,E14001114,Boston and Skegness,false,true,
E05009907,Withern & Theddlethorpe,E07000137,East Lindsey,E14001343,Louth and Horncastle,false,true,
E05009908,Woodhall Spa,E07000137,East Lindsey,E14001343,Louth and Horncastle,false,true,
E05009909,Wragby,E07000137,East Lindsey,E14001343,Louth and Horncastle,false,true,
E05009910,Ashdon,E07000077,Uttlesford,E14001402,North West Essex,false,true,
E05009911,Broad Oak & the Hallingburys,E07000077,Uttlesford,E14001267,Harlow,false,true,
E05009912,Clavering,E07000077,Uttlesford,E14001402,North West Essex,false,true,
E05009913,Debden & Wimbish,E07000077,Uttlesford,E14001402,North West Essex,false,true,
E05009914,Elsenham & Henham,E07000077,Uttlesford,E14001402,North West Essex,false,true,
E05009915,Felsted & Stebbing,E07000077,Uttlesford,E14001121,Braintree,false,true,
E05009916,Flitch Green & Little Dunmow,E07000077,Uttlesford,E14001402,North West Essex,false,true,
E05009918,Great Dunmow South & Barnston,E07000077,Uttlesford,E14001402,North West Essex,false,true,
E05009919,Hatfield Heath,E07000077,Uttlesford,E14001267,Harlow,false,true,
E05009920,High Easter & the Rodings,E07000077,Uttlesford,E14001402,North West Essex,false,true,
E05009921,"Littlebury, Chesterford & Wenden Lofts",E07000077,Uttlesford,E14001402,North West Essex,false,true,
E05009922,Newport,E07000077,Uttlesford,E14001402,North West Essex,false,true,
E05009923,Saffron Walden Audley,E07000077,Uttlesford,E14001402,North West Essex,false,true,
E05009924,Saffron Walden Castle,E07000077,Uttlesford,E14001402,North West Essex,false,true,
E05009925,Saffron Walden Shire,E07000077,Uttlesford,E14001402,North West Essex,false,true,
E05009926,Stansted North,E07000077,Uttlesford,E14001402,North West Essex,false,true,
E05009927,Stansted South & Birchanger,E07000077,Uttlesford,E14001402,North West Essex,false,true,
E05009928,Stort Valley,E07000077,Uttlesford,E14001402,North West Essex,false,true,
E05009929,Takeley,E07000077,Uttlesford,E14001402,North West Essex,false,true,
E05009931,The Sampfords,E07000077,Uttlesford,E14001121,Braintree,false,true,
E05009932,Bourne,E07000128,Wyre,E14001104,Blackpool North and Fleetwood,false,true,
E05009933,Breck,E07000128,Wyre,E14001242,Fylde,false,true,
E05009934,Brock with Catterall,E07000128,Wyre,E14001318,Lancaster and Wyre,false,true,
E05009935,Calder,E07000128,Wyre,E14001318,Lancaster and Wyre,false,true,
E05009936,Carleton,E07000128,Wyre,E14001104,Blackpool North and Fleetwood,false,true,
E05009937,Cleveleys Park,E07000128,Wyre,E14001104,Blackpool North and Fleetwood,false,true,
E05009938,Garstang,E07000128,Wyre,E14001318,Lancaster and Wyre,false,true,
E05009939,Great Eccleston,E07000128,Wyre,E14001318,Lancaster and Wyre,false,true,
E05009940,Hambleton & Stalmine,E07000128,Wyre,E14001318,Lancaster and Wyre,false,true,
E05009941,Hardhorn with High Cross,E07000128,Wyre,E14001242,Fylde,false,true,
E05009942,Jubilee,E07000128,Wyre,E14001104,Blackpool North and Fleetwood,false,true,
E05009943,Marsh Mill,E07000128,Wyre,E14001104,Blackpool North and Fleetwood,false,true,
E05009944,Mount,E07000128,Wyre,E14001104,Blackpool North and Fleetwood,false,true,
E05009945,Park,E07000128,Wyre,E14001104,Blackpool North and Fleetwood,false,true,
E05009946,Pharos,E07000128,Wyre,E14001104,Blackpool North and Fleetwood,false,true,
E05009947,Pheasant's Wood,E07000128,Wyre,E14001104,Blackpool North and Fleetwood,false,true,
E05009948,Pilling,E07000128,Wyre,E14001318,Lancaster and Wyre,false,true,
E05009949,Preesall,E07000128,Wyre,E14001318,Lancaster and Wyre,false,true,
E05009950,Rossall,E07000128,Wyre,E14001104,Blackpool North and Fleetwood,false,true,
E05009951,Stanah,E07000128,Wyre,E14001104,Blackpool North and Fleetwood,false,true,
E05009952,Tithebarn,E07000128,Wyre,E14001242,Fylde,false,true,
E05009953,Victoria & Norcross,E07000128,Wyre,E14001104,Blackpool North and Fleetwood,false,true,
E05009954,Warren,E07000128,Wyre,E14001104,Blackpool North and Fleetwood,false,true,
E05009955,Wyresdale,E07000128,Wyre,E14001318,Lancaster and Wyre,false,true,
E05009956,Ash and New Ash Green,E07000111,Sevenoaks,E14001549,Tonbridge,false,true,
E05009958,Eynsford,E07000111,Sevenoaks,E14001465,Sevenoaks,false,true,
E05009959,Hartley and Hodsoll Street,E07000111,Sevenoaks,E14001549,Tonbridge,false,true,
E05009960,Hextable,E07000111,Sevenoaks,E14001465,Sevenoaks,false,true,
E05009961,Leigh and Chiddingstone Causeway,E07000111,Sevenoaks,E14001549,Tonbridge,false,true,
E05009962,Otford and Shoreham,E07000111,Sevenoaks,E14001465,Sevenoaks,false,true,
E05009963,"Penshurst, Fordcombe and Chiddingstone",E07000111,Sevenoaks,E14001549,Tonbridge,false,true,
E05009964,Swanley Christchurch and Swanley Village,E07000111,Sevenoaks,E14001465,Sevenoaks,false,true,
E05009965,Westerham and Crockham Hill,E07000111,Sevenoaks,E14001465,Sevenoaks,false,true,
E05010015,Broadmead,E07000112,Folkestone and Hythe,E14001239,Folkestone and Hythe,false,true,
E05010016,Cheriton,E07000112,Folkestone and Hythe,E14001239,Folkestone and Hythe,false,true,
E05010017,East Folkestone,E07000112,Folkestone and Hythe,E14001239,Folkestone and Hythe,false,true,
E05010018,Folkestone Central,E07000112,Folkestone and Hythe,E14001239,Folkestone and Hythe,false,true,
E05010019,Folkestone Harbour,E07000112,Folkestone and Hythe,E14001239,Folkestone and Hythe,false,true,
E05010020,Hythe,E07000112,Folkestone and Hythe,E14001239,Folkestone and Hythe,false,true,
E05010021,Hythe Rural,E07000112,Folkestone and Hythe,E14001239,Folkestone and Hythe,false,true,
E05010022,New Romney,E07000112,Folkestone and Hythe,E14001239,Folkestone and Hythe,false,true,
E05010023,North Downs East,E07000112,Folkestone and Hythe,E14001069,Ashford,false,true,
E05010024,North Downs West,E07000112,Folkestone and Hythe,E14001069,Ashford,false,true,
E05010025,Romney Marsh,E07000112,Folkestone and Hythe,E14001239,Folkestone and Hythe,false,true,
E05010026,Sandgate & West Folkestone,E07000112,Folkestone and Hythe,E14001239,Folkestone and Hythe,false,true,
E05010027,Walland & Denge Marsh,E07000112,Folkestone and Hythe,E14001239,Folkestone and Hythe,false,true,
E05010064,Balderton South,E07000175,Newark and Sherwood,E14001375,Newark,false,true,
E05010066,Bilsthorpe,E07000175,Newark and Sherwood,E14001471,Sherwood Forest,false,true,
E05010067,Boughton,E07000175,Newark and Sherwood,E14001471,Sherwood Forest,false,true,
E05010068,Bridge,E07000175,Newark and Sherwood,E14001375,Newark,false,true,
E05010070,Collingham,E07000175,Newark and Sherwood,E14001375,Newark,false,true,
E05010071,Devon,E07000175,Newark and Sherwood,E14001375,Newark,false,true,
E05010072,Dover Beck,E07000175,Newark and Sherwood,E14001471,Sherwood Forest,false,true,
E05010073,Edwinstowe & Clipstone,E07000175,Newark and Sherwood,E14001471,Sherwood Forest,false,true,
E05010075,Farnsfield,E07000175,Newark and Sherwood,E14001471,Sherwood Forest,false,true,
E05010076,Lowdham,E07000175,Newark and Sherwood,E14001471,Sherwood Forest,false,true,
E05010077,Muskham,E07000175,Newark and Sherwood,E14001375,Newark,false,true,
E05010078,Ollerton,E07000175,Newark and Sherwood,E14001471,Sherwood Forest,false,true,
E05010079,Rainworth North & Rufford,E07000175,Newark and Sherwood,E14001471,Sherwood Forest,false,true,
E05010080,Rainworth South & Blidworth,E07000175,Newark and Sherwood,E14001471,Sherwood Forest,false,true,
E05010081,Southwell,E07000175,Newark and Sherwood,E14001375,Newark,false,true,
E05010082,Sutton-on-Trent,E07000175,Newark and Sherwood,E14001375,Newark,false,true,
E05010083,Trent,E07000175,Newark and Sherwood,E14001375,Newark,false,true,
E05010090,Appleby,E07000134,North West Leicestershire,E14001288,Hinckley and Bosworth,false,true,
E05010091,Ashby Castle,E07000134,North West Leicestershire,E14001404,North West Leicestershire,false,true,
E05010092,Ashby Holywell,E07000134,North West Leicestershire,E14001404,North West Leicestershire,false,true,
E05010093,Ashby Ivanhoe,E07000134,North West Leicestershire,E14001404,North West Leicestershire,false,true,
E05010094,Ashby Money Hill,E07000134,North West Leicestershire,E14001404,North West Leicestershire,false,true,
E05010095,Ashby Willesley,E07000134,North West Leicestershire,E14001404,North West Leicestershire,false,true,
E05010096,Ashby Woulds,E07000134,North West Leicestershire,E14001404,North West Leicestershire,false,true,
E05010097,Bardon,E07000134,North West Leicestershire,E14001404,North West Leicestershire,false,true,
E05010098,Blackfordby,E07000134,North West Leicestershire,E14001404,North West Leicestershire,false,true,
E05010099,Broom Leys,E07000134,North West Leicestershire,E14001404,North West Leicestershire,false,true,
E05010100,Castle Donington Castle,E07000134,North West Leicestershire,E14001404,North West Leicestershire,false,true,
E05010101,Castle Donington Central,E07000134,North West Leicestershire,E14001404,North West Leicestershire,false,true,
E05010102,Castle Donington Park,E07000134,North West Leicestershire,E14001404,North West Leicestershire,false,true,
E05010103,Castle Rock,E07000134,North West Leicestershire,E14001404,North West Leicestershire,false,true,
E05010104,Coalville East,E07000134,North West Leicestershire,E14001404,North West Leicestershire,false,true,
E05010105,Coalville West,E07000134,North West Leicestershire,E14001404,North West Leicestershire,false,true,
E05010106,Daleacre Hill,E07000134,North West Leicestershire,E14001404,North West Leicestershire,false,true,
E05010107,Ellistown & Battleflat,E07000134,North West Leicestershire,E14001404,North West Leicestershire,false,true,
E05010108,Greenhill,E07000134,North West Leicestershire,E14001404,North West Leicestershire,false,true,
E05010109,Hermitage,E07000134,North West Leicestershire,E14001404,North West Leicestershire,false,true,
E05010110,Holly Hayes,E07000134,North West Leicestershire,E14001404,North West Leicestershire,false,true,
E05010111,Hugglescote St John's,E07000134,North West Leicestershire,E14001404,North West Leicestershire,false,true,
E05010112,Hugglescote St Mary's,E07000134,North West Leicestershire,E14001404,North West Leicestershire,false,true,
E05010113,Ibstock East,E07000134,North West Leicestershire,E14001404,North West Leicestershire,false,true,
E05010114,Ibstock West,E07000134,North West Leicestershire,E14001404,North West Leicestershire,false,true,
E05010115,Kegworth,E07000134,North West Leicestershire,E14001404,North West Leicestershire,false,true,
E05010116,Long Whatton & Diseworth,E07000134,North West Leicestershire,E14001404,North West Leicestershire,false,true,
E05010117,Measham North,E07000134,North West Leicestershire,E14001404,North West Leicestershire,false,true,
E05010118,Measham South,E07000134,North West Leicestershire,E14001404,North West Leicestershire,false,true,
E05010119,Oakthorpe & Donisthorpe,E07000134,North West Leicestershire,E14001288,Hinckley and Bosworth,false,true,
E05010120,Ravenstone & Packington,E07000134,North West Leicestershire,E14001404,North West Leicestershire,false,true,
E05010121,Sence Valley,E07000134,North West Leicestershire,E14001404,North West Leicestershire,false,true,
E05010122,Snibston North,E07000134,North West Leicestershire,E14001404,North West Leicestershire,false,true,
E05010123,Snibston South,E07000134,North West Leicestershire,E14001404,North West Leicestershire,false,true,
E05010124,Thornborough,E07000134,North West Leicestershire,E14001404,North West Leicestershire,false,true,
E05010125,Thringstone,E07000134,North West Leicestershire,E14001404,North West Leicestershire,false,true,
E05010126,Valley,E07000134,North West Leicestershire,E14001404,North West Leicestershire,false,true,
E05010127,Worthington & Breedon,E07000134,North West Leicestershire,E14001404,North West Leicestershire,false,true,
E05010128,Allington & Strete,E07000044,South Hams,E14001484,South Devon,false,true,
E05010129,Bickleigh & Cornwood,E07000044,South Hams,E14001495,South West Devon,false,true,
E05010130,Blackawton & Stoke Fleming,E07000044,South Hams,E14001484,South Devon,false,true,
E05010131,Charterlands,E07000044,South Hams,E14001484,South Devon,false,true,
E05010132,Dartington & Staverton,E07000044,South Hams,E14001484,South Devon,false,true,
E05010133,Dartmouth & East Dart,E07000044,South Hams,E14001484,South Devon,false,true,
E05010134,Ermington & Ugborough,E07000044,South Hams,E14001495,South West Devon,false,true,
E05010135,Ivybridge East,E07000044,South Hams,E14001495,South West Devon,false,true,
E05010136,Ivybridge West,E07000044,South Hams,E14001495,South West Devon,false,true,
E05010137,Kingsbridge,E07000044,South Hams,E14001484,South Devon,false,true,
E05010138,Loddiswell & Aveton Gifford,E07000044,South Hams,E14001484,South Devon,false,true,
E05010139,Marldon & Littlehempston,E07000044,South Hams,E14001484,South Devon,false,true,
E05010140,Newton & Yealmpton,E07000044,South Hams,E14001495,South West Devon,false,true,
E05010141,Salcombe & Thurlestone,E07000044,South Hams,E14001484,South Devon,false,true,
E05010142,South Brent,E07000044,South Hams,E14001484,South Devon,false,true,
E05010143,Stokenham,E07000044,South Hams,E14001484,South Devon,false,true,
E05010144,Totnes,E07000044,South Hams,E14001484,South Devon,false,true,
E05010145,Wembury & Brixton,E07000044,South Hams,E14001495,South West Devon,false,true,
E05010146,West Dart,E07000044,South Hams,E14001484,South Devon,false,true,
E05010147,Woolwell,E07000044,South Hams,E14001495,South West Devon,false,true,
E05010148,Aveland,E07000141,South Kesteven,E14001253,Grantham and Bourne,false,true,
E05010149,Belmont,E07000141,South Kesteven,E14001253,Grantham and Bourne,false,true,
E05010150,Belvoir,E07000141,South Kesteven,E14001253,Grantham and Bourne,false,true,
E05010151,Bourne Austerby,E07000141,South Kesteven,E14001253,Grantham and Bourne,false,true,
E05010152,Bourne East,E07000141,South Kesteven,E14001253,Grantham and Bourne,false,true,
E05010153,Bourne West,E07000141,South Kesteven,E14001253,Grantham and Bourne,false,true,
E05010154,Casewick,E07000141,South Kesteven,E14001458,Rutland and Stamford,false,true,
E05010155,Castle,E07000141,South Kesteven,E14001458,Rutland and Stamford,false,true,
E05010156,Deeping St James,E07000141,South Kesteven,E14001487,South Holland and the Deepings,false,true,
E05010157,Dole Wood,E07000141,South Kesteven,E14001458,Rutland and Stamford,false,true,
E05010158,Glen,E07000141,South Kesteven,E14001458,Rutland and Stamford,false,true,
E05010159,Grantham Arnoldfield,E07000141,South Kesteven,E14001253,Grantham and Bourne,false,true,
E05010160,Grantham Barrowby Gate,E07000141,South Kesteven,E14001253,Grantham and Bourne,false,true,
E05010161,Grantham Earlesfield,E07000141,South Kesteven,E14001253,Grantham and Bourne,false,true,
E05010162,Grantham Harrowby,E07000141,South Kesteven,E14001253,Grantham and Bourne,false,true,
E05010163,Grantham St Vincent's,E07000141,South Kesteven,E14001253,Grantham and Bourne,false,true,
E05010164,Grantham St Wulfram's,E07000141,South Kesteven,E14001253,Grantham and Bourne,false,true,
E05010165,Grantham Springfield,E07000141,South Kesteven,E14001253,Grantham and Bourne,false,true,
E05010166,Isaac Newton,E07000141,South Kesteven,E14001458,Rutland and Stamford,false,true,
E05010167,Lincrest,E07000141,South Kesteven,E14001253,Grantham and Bourne,false,true,
E05010168,Loveden Heath,E07000141,South Kesteven,E14001253,Grantham and Bourne,false,true,
E05010169,Market & West Deeping,E07000141,South Kesteven,E14001487,South Holland and the Deepings,false,true,
E05010170,Morton,E07000141,South Kesteven,E14001253,Grantham and Bourne,false,true,
E05010171,Peascliffe & Ridgeway,E07000141,South Kesteven,E14001253,Grantham and Bourne,false,true,
E05010172,Stamford All Saints,E07000141,South Kesteven,E14001458,Rutland and Stamford,false,true,
E05010173,Stamford St George's,E07000141,South Kesteven,E14001458,Rutland and Stamford,false,true,
E05010174,Stamford St John's,E07000141,South Kesteven,E14001458,Rutland and Stamford,false,true,
E05010175,Stamford St Mary's,E07000141,South Kesteven,E14001458,Rutland and Stamford,false,true,
E05010176,Toller,E07000141,South Kesteven,E14001253,Grantham and Bourne,false,true,
E05010177,Viking,E07000141,South Kesteven,E14001253,Grantham and Bourne,false,true,
E05010214,Bamber Bridge East,E07000126,South Ribble,E14001443,Ribble Valley,false,true,
E05010215,Bamber Bridge West,E07000126,South Ribble,E14001443,Ribble Valley,false,true,
E05010216,Broad Oak,E07000126,South Ribble,E14001491,South Ribble,false,true,
E05010217,Broadfield,E07000126,South Ribble,E14001491,South Ribble,false,true,
E05010218,Buckshaw & Worden,E07000126,South Ribble,E14001491,South Ribble,false,true,
E05010219,Charnock,E07000126,South Ribble,E14001491,South Ribble,false,true,
E05010220,Coupe Green & Gregson Lane,E07000126,South Ribble,E14001443,Ribble Valley,false,true,
E05010221,Earnshaw Bridge,E07000126,South Ribble,E14001491,South Ribble,false,true,
E05010222,Farington East,E07000126,South Ribble,E14001491,South Ribble,false,true,
E05010223,Farington West,E07000126,South Ribble,E14001491,South Ribble,false,true,
E05010224,Hoole,E07000126,South Ribble,E14001491,South Ribble,false,true,
E05010225,Howick & Priory,E07000126,South Ribble,E14001491,South Ribble,false,true,
E05010226,Leyland Central,E07000126,South Ribble,E14001491,South Ribble,false,true,
E05010227,Longton & Hutton West,E07000126,South Ribble,E14001491,South Ribble,false,true,
E05010228,Lostock Hall,E07000126,South Ribble,E14001443,Ribble Valley,false,true,
E05010229,Middleforth,E07000126,South Ribble,E14001491,South Ribble,false,true,
E05010230,Moss Side,E07000126,South Ribble,E14001491,South Ribble,false,true,
E05010231,New Longton & Hutton East,E07000126,South Ribble,E14001491,South Ribble,false,true,
E05010232,St Ambrose,E07000126,South Ribble,E14001491,South Ribble,false,true,
E05010233,Samlesbury & Walton,E07000126,South Ribble,E14001443,Ribble Valley,false,true,
E05010234,Seven Stars,E07000126,South Ribble,E14001491,South Ribble,false,true,
E05010235,Walton-le-Dale East,E07000126,South Ribble,E14001443,Ribble Valley,false,true,
E05010236,Walton-le-Dale West,E07000126,South Ribble,E14001443,Ribble Valley,false,true,
E05010237,All Saints & Wayland,E07000143,Breckland,E14001365,Mid Norfolk,false,true,
E05010238,Ashill,E07000143,Breckland,E14001497,South West Norfolk,false,true,
E05010239,Bedingfeld,E07000143,Breckland,E14001497,South West Norfolk,false,true,
E05010240,Attleborough Burgh & Haverscroft,E07000143,Breckland,E14001365,Mid Norfolk,false,true,
E05010241,Attleborough Queens & Besthorpe,E07000143,Breckland,E14001365,Mid Norfolk,false,true,
E05010242,Dereham Neatherd,E07000143,Breckland,E14001365,Mid Norfolk,false,true,
E05010243,Dereham Toftwood,E07000143,Breckland,E14001365,Mid Norfolk,false,true,
E05010244,Dereham Withburga,E07000143,Breckland,E14001365,Mid Norfolk,false,true,
E05010245,Forest,E07000143,Breckland,E14001497,South West Norfolk,false,true,
E05010246,Guiltcross,E07000143,Breckland,E14001497,South West Norfolk,false,true,
E05010247,Harling & Heathlands,E07000143,Breckland,E14001497,South West Norfolk,false,true,
E05010248,Hermitage,E07000143,Breckland,E14001365,Mid Norfolk,false,true,
E05010249,Launditch,E07000143,Breckland,E14001365,Mid Norfolk,false,true,
E05010250,Lincoln,E07000143,Breckland,E14001365,Mid Norfolk,false,true,
E05010251,Mattishall,E07000143,Breckland,E14001365,Mid Norfolk,false,true,
E05010252,Nar Valley,E07000143,Breckland,E14001497,South West Norfolk,false,true,
E05010253,Necton,E07000143,Breckland,E14001365,Mid Norfolk,false,true,
E05010254,Saham Toney,E07000143,Breckland,E14001365,Mid Norfolk,false,true,
E05010255,Shipdham-with-Scarning,E07000143,Breckland,E14001365,Mid Norfolk,false,true,
E05010256,Swaffham,E07000143,Breckland,E14001497,South West Norfolk,false,true,
E05010257,The Buckenhams & Banham,E07000143,Breckland,E14001365,Mid Norfolk,false,true,
E05010258,Thetford Boudica,E07000143,Breckland,E14001497,South West Norfolk,false,true,
E05010259,Thetford Burrell,E07000143,Breckland,E14001497,South West Norfolk,false,true,
E05010260,Thetford Castle,E07000143,Breckland,E14001497,South West Norfolk,false,true,
E05010261,Thetford Priory,E07000143,Breckland,E14001497,South West Norfolk,false,true,
E05010262,Upper Wensum,E07000143,Breckland,E14001365,Mid Norfolk,false,true,
E05010263,Watton,E07000143,Breckland,E14001365,Mid Norfolk,false,true,
E05010276,Backwell,E06000024,North Somerset,E14001399,North Somerset,false,true,
E05010277,Banwell & Winscombe,E06000024,North Somerset,E14001572,Wells and Mendip Hills,false,true,
E05010278,Blagdon & Churchill,E06000024,North Somerset,E14001572,Wells and Mendip Hills,false,true,
E05010279,Clevedon East,E06000024,North Somerset,E14001399,North Somerset,false,true,
E05010280,Clevedon South,E06000024,North Somerset,E14001399,North Somerset,false,true,
E05010281,Clevedon Walton,E06000024,North Somerset,E14001399,North Somerset,false,true,
E05010282,Clevedon West,E06000024,North Somerset,E14001399,North Somerset,false,true,
E05010283,Clevedon Yeo,E06000024,North Somerset,E14001399,North Somerset,false,true,
E05010284,Congresbury & Puxton,E06000024,North Somerset,E14001572,Wells and Mendip Hills,false,true,
E05010285,Gordano Valley,E06000024,North Somerset,E14001399,North Somerset,false,true,
E05010286,Hutton & Locking,E06000024,North Somerset,E14001581,Weston-super-Mare,false,true,
E05010287,Long Ashton,E06000024,North Somerset,E14001399,North Somerset,false,true,
E05010288,Nailsea Golden Valley,E06000024,North Somerset,E14001399,North Somerset,false,true,
E05010289,Nailsea West End,E06000024,North Somerset,E14001399,North Somerset,false,true,
E05010290,Nailsea Yeo,E06000024,North Somerset,E14001399,North Somerset,false,true,
E05010291,Nailsea Youngwood,E06000024,North Somerset,E14001399,North Somerset,false,true,
E05010292,Pill,E06000024,North Somerset,E14001399,North Somerset,false,true,
E05010293,Portishead East,E06000024,North Somerset,E14001399,North Somerset,false,true,
E05010294,Portishead North,E06000024,North Somerset,E14001399,North Somerset,false,true,
E05010295,Portishead South,E06000024,North Somerset,E14001399,North Somerset,false,true,
E05010296,Portishead West,E06000024,North Somerset,E14001399,North Somerset,false,true,
E05010297,Weston-super-Mare South,E06000024,North Somerset,E14001581,Weston-super-Mare,false,true,
E05010298,Weston-super-Mare Central,E06000024,North Somerset,E14001581,Weston-super-Mare,false,true,
E05010299,Weston-super-Mare Hillside,E06000024,North Somerset,E14001581,Weston-super-Mare,false,true,
E05010300,Weston-super-Mare Kewstoke,E06000024,North Somerset,E14001581,Weston-super-Mare,false,true,
E05010301,Weston-super-Mare Mid Worle,E06000024,North Somerset,E14001581,Weston-super-Mare,false,true,
E05010302,Weston-super-Mare Milton,E06000024,North Somerset,E14001581,Weston-super-Mare,false,true,
E05010303,Weston-super-Mare North Worle,E06000024,North Somerset,E14001581,Weston-super-Mare,false,true,
E05010304,Weston-super-Mare South Worle,E06000024,North Somerset,E14001581,Weston-super-Mare,false,true,
E05010305,Weston-super-Mare Uphill,E06000024,North Somerset,E14001581,Weston-super-Mare,false,true,
E05010306,Weston-super-Mare Winterstoke,E06000024,North Somerset,E14001581,Weston-super-Mare,false,true,
E05010307,Wick St Lawrence & St Georges,E06000024,North Somerset,E14001581,Weston-super-Mare,false,true,
E05010308,Winford,E06000024,North Somerset,E14001399,North Somerset,false,true,
E05010309,Wrington,E06000024,North Somerset,E14001399,North Somerset,false,true,
E05010310,Yatton,E06000024,North Somerset,E14001572,Wells and Mendip Hills,false,true,
E05010311,Acomb,E06000014,York,E14001604,York Central,false,true,
E05010312,Bishopthorpe,E06000014,York,E14001605,York Outer,false,true,
E05010313,Clifton,E06000014,York,E14001604,York Central,false,true,
E05010314,Copmanthorpe,E06000014,York,E14001605,York Outer,false,true,
E05010315,Dringhouses & Woodthorpe,E06000014,York,E14001605,York Outer,false,true,
E05010316,Fishergate,E06000014,York,E14001604,York Central,false,true,
E05010317,Fulford & Heslington,E06000014,York,E14001605,York Outer,false,true,
E05010318,Guildhall,E06000014,York,E14001604,York Central,false,true,
E05010319,Haxby & Wigginton,E06000014,York,E14001605,York Outer,false,true,
E05010320,Heworth,E06000014,York,E14001604,York Central,false,true,
E05010321,Heworth Without,E06000014,York,E14001605,York Outer,false,true,
E05010322,Holgate,E06000014,York,E14001604,York Central,false,true,
E05010323,Hull Road,E06000014,York,E14001604,York Central,false,true,
E05010324,Huntington & New Earswick,E06000014,York,E14001605,York Outer,false,true,
E05010325,Micklegate,E06000014,York,E14001604,York Central,false,true,
E05010326,Osbaldwick & Derwent,E06000014,York,E14001605,York Outer,false,true,
E05010327,Rawcliffe & Clifton Without,E06000014,York,E14001605,York Outer,false,true,
E05010328,Rural West York,E06000014,York,E14001605,York Outer,false,true,
E05010329,Strensall,E06000014,York,E14001605,York Outer,false,true,
E05010330,Westfield,E06000014,York,E14001604,York Central,false,true,
E05010331,Wheldrake,E06000014,York,E14001605,York Outer,false,true,
E05010365,Bocking Blackwater,E07000067,Braintree,E14001121,Braintree,false,true,
E05010366,Bocking North,E07000067,Braintree,E14001121,Braintree,false,true,
E05010367,Bocking South,E07000067,Braintree,E14001121,Braintree,false,true,
E05010368,Braintree Central & Beckers Green,E07000067,Braintree,E14001121,Braintree,false,true,
E05010369,Braintree South,E07000067,Braintree,E14001121,Braintree,false,true,
E05010370,Braintree West,E07000067,Braintree,E14001121,Braintree,false,true,
E05010371,Bumpstead,E07000067,Braintree,E14001121,Braintree,false,true,
E05010372,Coggeshall,E07000067,Braintree,E14001590,Witham,false,true,
E05010374,Great Notley & Black Notley,E07000067,Braintree,E14001121,Braintree,false,true,
E05010378,Hedingham,E07000067,Braintree,E14001121,Braintree,false,true,
E05010379,Kelvedon & Feering,E07000067,Braintree,E14001590,Witham,false,true,
E05010380,Rayne,E07000067,Braintree,E14001121,Braintree,false,true,
E05010382,Stour Valley North,E07000067,Braintree,E14001121,Braintree,false,true,
E05010383,Stour Valley South,E07000067,Braintree,E14001121,Braintree,false,true,
E05010384,The Colnes,E07000067,Braintree,E14001590,Witham,false,true,
E05010385,Three Fields,E07000067,Braintree,E14001121,Braintree,false,true,
E05010388,Witham South,E07000067,Braintree,E14001590,Witham,false,true,
E05010389,Witham West,E07000067,Braintree,E14001590,Witham,false,true,
E05010390,Yeldham,E07000067,Braintree,E14001121,Braintree,false,true,
E05010392,Beltinge,E07000106,Canterbury,E14001282,Herne Bay and Sandwich,false,true,
E05010393,Blean Forest,E07000106,Canterbury,E14001151,Canterbury,false,true,
E05010395,Chestfield,E07000106,Canterbury,E14001151,Canterbury,false,true,
E05010396,Gorrell,E07000106,Canterbury,E14001151,Canterbury,false,true,
E05010397,Greenhill,E07000106,Canterbury,E14001282,Herne Bay and Sandwich,false,true,
E05010398,Herne & Broomfield,E07000106,Canterbury,E14001282,Herne Bay and Sandwich,false,true,
E05010399,Heron,E07000106,Canterbury,E14001282,Herne Bay and Sandwich,false,true,
E05010402,Northgate,E07000106,Canterbury,E14001151,Canterbury,false,true,
E05010404,Seasalter,E07000106,Canterbury,E14001151,Canterbury,false,true,
E05010405,St Stephen's,E07000106,Canterbury,E14001151,Canterbury,false,true,
E05010407,Swalecliffe,E07000106,Canterbury,E14001151,Canterbury,false,true,
E05010408,Tankerton,E07000106,Canterbury,E14001151,Canterbury,false,true,
E05010409,West Bay,E07000106,Canterbury,E14001282,Herne Bay and Sandwich,false,true,
E05010410,Westgate,E07000106,Canterbury,E14001151,Canterbury,false,true,
E05010411,Wincheap,E07000106,Canterbury,E14001151,Canterbury,false,true,
E05010412,Bank Top & Lascelles,E06000005,Darlington,E14001190,Darlington,false,true,
E05010413,Brinkburn & Faverdale,E06000005,Darlington,E14001190,Darlington,false,true,
E05010414,Cockerton,E06000005,Darlington,E14001190,Darlington,false,true,
E05010415,College,E06000005,Darlington,E14001190,Darlington,false,true,
E05010416,Eastbourne,E06000005,Darlington,E14001190,Darlington,false,true,
E05010417,Harrowgate Hill,E06000005,Darlington,E14001190,Darlington,false,true,
E05010418,Haughton & Springfield,E06000005,Darlington,E14001190,Darlington,false,true,
E05010419,Heighington & Coniscliffe,E06000005,Darlington,E14001190,Darlington,false,true,
E05010420,Hummersknott,E06000005,Darlington,E14001190,Darlington,false,true,
E05010421,Hurworth,E06000005,Darlington,E14001519,Stockton West,false,true,
E05010422,Mowden,E06000005,Darlington,E14001190,Darlington,false,true,
E05010423,North Road,E06000005,Darlington,E14001190,Darlington,false,true,
E05010424,Northgate,E06000005,Darlington,E14001190,Darlington,false,true,
E05010425,Park East,E06000005,Darlington,E14001190,Darlington,false,true,
E05010426,Park West,E06000005,Darlington,E14001190,Darlington,false,true,
E05010427,Pierremont,E06000005,Darlington,E14001190,Darlington,false,true,
E05010428,Red Hall & Lingfield,E06000005,Darlington,E14001190,Darlington,false,true,
E05010429,Sadberge & Middleton St George,E06000005,Darlington,E14001519,Stockton West,false,true,
E05010430,Stephenson,E06000005,Darlington,E14001190,Darlington,false,true,
E05010431,Whinfield,E06000005,Darlington,E14001190,Darlington,false,true,
E05010458,Abbey,E06000016,Leicester,E14001328,Leicester West,false,true,
E05010459,Aylestone,E06000016,Leicester,E14001328,Leicester West,false,true,
E05010460,Beaumont Leys,E06000016,Leicester,E14001328,Leicester West,false,true,
E05010461,Belgrave,E06000016,Leicester,E14001326,Leicester East,false,true,
E05010462,Braunstone Park & Rowley Fields,E06000016,Leicester,E14001328,Leicester West,false,true,
E05010463,Castle,E06000016,Leicester,E14001327,Leicester South,false,true,
E05010464,Evington,E06000016,Leicester,E14001326,Leicester East,true,true,3.2377
E05010464,Evington,E06000016,Leicester,E14001327,Leicester South,true,false,1.8115
E05010465,Eyres Monsell,E06000016,Leicester,E14001327,Leicester South,false,true,
E05010466,Fosse,E06000016,Leicester,E14001328,Leicester West,false,true,
E05010467,Humberstone & Hamilton,E06000016,Leicester,E14001326,Leicester East,false,true,
E05010468,Knighton,E06000016,Leicester,E14001327,Leicester South,false,true,
E05010469,North Evington,E06000016,Leicester,E14001326,Leicester East,false,true,
E05010470,Rushey Mead,E06000016,Leicester,E14001326,Leicester East,false,true,
E05010471,Saffron,E06000016,Leicester,E14001327,Leicester South,false,true,
E05010472,Spinney Hills,E06000016,Leicester,E14001327,Leicester South,false,true,
E05010473,Stoneygate,E06000016,Leicester,E14001327,Leicester South,false,true,
E05010474,Thurncourt,E06000016,Leicester,E14001326,Leicester East,false,true,
E05010475,Troon,E06000016,Leicester,E14001326,Leicester East,false,true,
E05010476,Westcotes,E06000016,Leicester,E14001328,Leicester West,false,true,
E05010477,Western,E06000016,Leicester,E14001328,Leicester West,false,true,
E05010478,Wycliffe,E06000016,Leicester,E14001327,Leicester South,false,true,
E05010479,Barlaston,E07000197,Stafford,E14001522,Stoke-on-Trent South,false,true,
E05010480,Baswich,E07000197,Stafford,E14001513,Stafford,false,true,
E05010481,Common,E07000197,Stafford,E14001513,Stafford,false,true,
E05010482,Coton,E07000197,Stafford,E14001513,Stafford,false,true,
E05010483,Doxey & Castletown,E07000197,Stafford,E14001513,Stafford,false,true,
E05010484,Eccleshall,E07000197,Stafford,E14001513,Stafford,false,true,
E05010485,Forebridge,E07000197,Stafford,E14001513,Stafford,false,true,
E05010486,Fulford,E07000197,Stafford,E14001522,Stoke-on-Trent South,false,true,
E05010487,Gnosall & Woodseaves,E07000197,Stafford,E14001513,Stafford,false,true,
E05010488,Haywood & Hixon,E07000197,Stafford,E14001523,"Stone, Great Wyrley and Penkridge",false,true,
E05010489,Highfields & Western Downs,E07000197,Stafford,E14001513,Stafford,false,true,
E05010490,Holmcroft,E07000197,Stafford,E14001513,Stafford,false,true,
E05010491,Littleworth,E07000197,Stafford,E14001513,Stafford,false,true,
E05010492,Manor,E07000197,Stafford,E14001513,Stafford,false,true,
E05010493,Milford,E07000197,Stafford,E14001523,"Stone, Great Wyrley and Penkridge",false,true,
E05010494,Milwich,E07000197,Stafford,E14001523,"Stone, Great Wyrley and Penkridge",false,true,
E05010495,Penkside,E07000197,Stafford,E14001513,Stafford,false,true,
E05010496,Rowley,E07000197,Stafford,E14001513,Stafford,false,true,
E05010497,St Michael's & Stonefield,E07000197,Stafford,E14001523,"Stone, Great Wyrley and Penkridge",false,true,
E05010498,Seighford & Church Eaton,E07000197,Stafford,E14001513,Stafford,false,true,
E05010499,Swynnerton & Oulton,E07000197,Stafford,E14001522,Stoke-on-Trent South,false,true,
E05010500,Walton,E07000197,Stafford,E14001523,"Stone, Great Wyrley and Penkridge",false,true,
E05010501,Weeping Cross & Wildwood,E07000197,Stafford,E14001513,Stafford,false,true,
E05010502,Aggborough & Spennells,E07000239,Wyre Forest,E14001601,Wyre Forest,false,true,
E05010503,Areley Kings & Riverside,E07000239,Wyre Forest,E14001601,Wyre Forest,false,true,
E05010504,Bewdley & Rock,E07000239,Wyre Forest,E14001601,Wyre Forest,false,true,
E05010505,Blakebrook & Habberley South,E07000239,Wyre Forest,E14001601,Wyre Forest,false,true,
E05010506,Broadwaters,E07000239,Wyre Forest,E14001601,Wyre Forest,false,true,
E05010507,Foley Park & Hoobrook,E07000239,Wyre Forest,E14001601,Wyre Forest,false,true,
E05010508,Franche & Habberley North,E07000239,Wyre Forest,E14001601,Wyre Forest,false,true,
E05010509,Lickhill,E07000239,Wyre Forest,E14001601,Wyre Forest,false,true,
E05010510,Mitton,E07000239,Wyre Forest,E14001601,Wyre Forest,false,true,
E05010511,Offmore & Comberton,E07000239,Wyre Forest,E14001601,Wyre Forest,false,true,
E05010512,Wribbenhall & Arley,E07000239,Wyre Forest,E14001601,Wyre Forest,false,true,
E05010513,Wyre Forest Rural,E07000239,Wyre Forest,E14001601,Wyre Forest,false,true,
E05010514,Attenborough & Chilwell East,E07000172,Broxtowe,E14001140,Broxtowe,false,true,
E05010516,Beeston Central,E07000172,Broxtowe,E14001140,Broxtowe,false,true,
E05010517,Beeston North,E07000172,Broxtowe,E14001140,Broxtowe,false,true,
E05010518,Beeston Rylands,E07000172,Broxtowe,E14001140,Broxtowe,false,true,
E05010519,Beeston West,E07000172,Broxtowe,E14001140,Broxtowe,false,true,
E05010521,Brinsley,E07000172,Broxtowe,E14001140,Broxtowe,false,true,
E05010522,Chilwell West,E07000172,Broxtowe,E14001140,Broxtowe,false,true,
E05010523,Eastwood Hall,E07000172,Broxtowe,E14001140,Broxtowe,false,true,
E05010524,Eastwood Hilltop,E07000172,Broxtowe,E14001140,Broxtowe,false,true,
E05010525,Eastwood St Mary's,E07000172,Broxtowe,E14001140,Broxtowe,false,true,
E05010531,Stapleford South West,E07000172,Broxtowe,E14001140,Broxtowe,false,true,
E05010532,Toton & Chilwell Meadows,E07000172,Broxtowe,E14001140,Broxtowe,false,true,
E05010533,Watnall & Nuthall West,E07000172,Broxtowe,E14001411,Nottingham North and Kimberley,false,true,
E05010550,Bere Ferrers,E07000047,West Devon,E14001552,Torridge and Tavistock,false,true,
E05010551,Bridestowe,E07000047,West Devon,E14001552,Torridge and Tavistock,false,true,
E05010552,Buckland Monachorum,E07000047,West Devon,E14001495,South West Devon,false,true,
E05010553,Burrator,E07000047,West Devon,E14001495,South West Devon,false,true,
E05010554,Chagford,E07000047,West Devon,E14001155,Central Devon,false,true,
E05010555,Dartmoor,E07000047,West Devon,E14001552,Torridge and Tavistock,false,true,
E05010556,Drewsteignton,E07000047,West Devon,E14001155,Central Devon,false,true,
E05010557,Exbourne,E07000047,West Devon,E14001155,Central Devon,false,true,
E05010558,Hatherleigh,E07000047,West Devon,E14001155,Central Devon,false,true,
E05010559,Mary Tavy,E07000047,West Devon,E14001552,Torridge and Tavistock,false,true,
E05010560,Milton Ford,E07000047,West Devon,E14001552,Torridge and Tavistock,false,true,
E05010561,Okehampton North,E07000047,West Devon,E14001155,Central Devon,false,true,
E05010562,Okehampton South,E07000047,West Devon,E14001155,Central Devon,false,true,
E05010563,South Tawton,E07000047,West Devon,E14001155,Central Devon,false,true,
E05010564,Tamarside,E07000047,West Devon,E14001552,Torridge and Tavistock,false,true,
E05010565,Tavistock North,E07000047,West Devon,E14001552,Torridge and Tavistock,false,true,
E05010566,Tavistock South East,E07000047,West Devon,E14001552,Torridge and Tavistock,false,true,
E05010567,Tavistock South West,E07000047,West Devon,E14001552,Torridge and Tavistock,false,true,
E05010604,Awsworth Road,E07000036,Erewash,E14001228,Erewash,false,true,
E05010605,Breaston,E07000036,Erewash,E14001228,Erewash,false,true,
E05010606,Cotmanhay,E07000036,Erewash,E14001228,Erewash,false,true,
E05010607,Derby Road East,E07000036,Erewash,E14001228,Erewash,false,true,
E05010608,Derby Road West,E07000036,Erewash,E14001228,Erewash,false,true,
E05010609,Draycott & Risley,E07000036,Erewash,E14001228,Erewash,false,true,
E05010610,Hallam Fields,E07000036,Erewash,E14001228,Erewash,false,true,
E05010611,Kirk Hallam & Stanton-by-Dale,E07000036,Erewash,E14001228,Erewash,false,true,
E05010612,Larklands,E07000036,Erewash,E14001228,Erewash,false,true,
E05010613,Little Eaton & Stanley,E07000036,Erewash,E14001362,Mid Derbyshire,false,true,
E05010614,Little Hallam,E07000036,Erewash,E14001228,Erewash,false,true,
E05010615,Long Eaton Central,E07000036,Erewash,E14001228,Erewash,false,true,
E05010616,Nottingham Road,E07000036,Erewash,E14001228,Erewash,false,true,
E05010617,Ockbrook & Borrowash,E07000036,Erewash,E14001362,Mid Derbyshire,false,true,
E05010618,Sandiacre,E07000036,Erewash,E14001228,Erewash,false,true,
E05010619,Sawley,E07000036,Erewash,E14001228,Erewash,false,true,
E05010620,Shipley View,E07000036,Erewash,E14001228,Erewash,false,true,
E05010621,West Hallam & Dale Abbey,E07000036,Erewash,E14001362,Mid Derbyshire,false,true,
E05010622,Wilsthorpe,E07000036,Erewash,E14001228,Erewash,false,true,
E05010623,Barms,E07000037,High Peak,E14001287,High Peak,false,true,
E05010624,Blackbrook,E07000037,High Peak,E14001287,High Peak,false,true,
E05010625,Burbage,E07000037,High Peak,E14001287,High Peak,false,true,
E05010626,Buxton Central,E07000037,High Peak,E14001287,High Peak,false,true,
E05010627,Chapel East,E07000037,High Peak,E14001287,High Peak,false,true,
E05010628,Chapel West,E07000037,High Peak,E14001287,High Peak,false,true,
E05010629,Corbar,E07000037,High Peak,E14001287,High Peak,false,true,
E05010630,Cote Heath,E07000037,High Peak,E14001287,High Peak,false,true,
E05010631,Dinting,E07000037,High Peak,E14001287,High Peak,false,true,
E05010632,Gamesley,E07000037,High Peak,E14001287,High Peak,false,true,
E05010633,Hadfield North,E07000037,High Peak,E14001287,High Peak,false,true,
E05010634,Hadfield South,E07000037,High Peak,E14001287,High Peak,false,true,
E05010635,Hayfield,E07000037,High Peak,E14001287,High Peak,false,true,
E05010636,Hope Valley,E07000037,High Peak,E14001287,High Peak,false,true,
E05010637,Howard Town,E07000037,High Peak,E14001287,High Peak,false,true,
E05010638,Limestone Peak,E07000037,High Peak,E14001287,High Peak,false,true,
E05010639,New Mills East,E07000037,High Peak,E14001287,High Peak,false,true,
E05010640,New Mills West,E07000037,High Peak,E14001287,High Peak,false,true,
E05010641,Old Glossop,E07000037,High Peak,E14001287,High Peak,false,true,
E05010642,Padfield,E07000037,High Peak,E14001287,High Peak,false,true,
E05010643,St John's,E07000037,High Peak,E14001287,High Peak,false,true,
E05010644,Sett,E07000037,High Peak,E14001287,High Peak,false,true,
E05010645,Simmondley,E07000037,High Peak,E14001287,High Peak,false,true,
E05010646,Stone Bench,E07000037,High Peak,E14001287,High Peak,false,true,
E05010647,Temple,E07000037,High Peak,E14001287,High Peak,false,true,
E05010648,Tintwistle,E07000037,High Peak,E14001287,High Peak,false,true,
E05010649,Whaley Bridge,E07000037,High Peak,E14001287,High Peak,false,true,
E05010650,Whitfield,E07000037,High Peak,E14001287,High Peak,false,true,
E05010651,Alrewas & Fradley,E07000194,Lichfield,E14001335,Lichfield,false,true,
E05010652,Armitage with Handsacre,E07000194,Lichfield,E14001335,Lichfield,false,true,
E05010653,Boley Park,E07000194,Lichfield,E14001335,Lichfield,false,true,
E05010654,Boney Hay & Central,E07000194,Lichfield,E14001335,Lichfield,false,true,
E05010655,Bourne Vale,E07000194,Lichfield,E14001538,Tamworth,false,true,
E05010656,Chadsmead,E07000194,Lichfield,E14001335,Lichfield,false,true,
E05010657,Chase Terrace,E07000194,Lichfield,E14001335,Lichfield,false,true,
E05010658,Chasetown,E07000194,Lichfield,E14001335,Lichfield,false,true,
E05010659,Colton & the Ridwares,E07000194,Lichfield,E14001335,Lichfield,false,true,
E05010660,Curborough,E07000194,Lichfield,E14001335,Lichfield,false,true,
E05010661,Fazeley,E07000194,Lichfield,E14001538,Tamworth,false,true,
E05010662,Hammerwich with Wall,E07000194,Lichfield,E14001335,Lichfield,false,true,
E05010663,Highfield,E07000194,Lichfield,E14001335,Lichfield,false,true,
E05010664,Leomansley,E07000194,Lichfield,E14001335,Lichfield,false,true,
E05010665,Little Aston & Stonnall,E07000194,Lichfield,E14001538,Tamworth,false,true,
E05010666,Longdon,E07000194,Lichfield,E14001335,Lichfield,false,true,
E05010667,Mease Valley,E07000194,Lichfield,E14001538,Tamworth,false,true,
E05010668,St John's,E07000194,Lichfield,E14001335,Lichfield,false,true,
E05010669,Shenstone,E07000194,Lichfield,E14001538,Tamworth,false,true,
E05010670,Stowe,E07000194,Lichfield,E14001335,Lichfield,false,true,
E05010671,Summerfield & All Saints,E07000194,Lichfield,E14001335,Lichfield,false,true,
E05010672,Whittington & Streethay,E07000194,Lichfield,E14001538,Tamworth,true,true,39.1286
E05010672,Whittington & Streethay,E07000194,Lichfield,E14001335,Lichfield,true,false,5.1717
E05010673,Abbey Hill,E07000170,Ashfield,E14001068,Ashfield,false,true,
E05010674,Annesley & Kirkby Woodhouse,E07000170,Ashfield,E14001068,Ashfield,false,true,
E05010675,Ashfields,E07000170,Ashfield,E14001068,Ashfield,false,true,
E05010676,Carsic,E07000170,Ashfield,E14001068,Ashfield,false,true,
E05010677,Sutton Central & New Cross,E07000170,Ashfield,E14001068,Ashfield,false,true,
E05010678,Hucknall Central,E07000170,Ashfield,E14001471,Sherwood Forest,false,true,
E05010679,Hucknall North,E07000170,Ashfield,E14001471,Sherwood Forest,false,true,
E05010680,Hucknall South,E07000170,Ashfield,E14001471,Sherwood Forest,false,true,
E05010681,Hucknall West,E07000170,Ashfield,E14001471,Sherwood Forest,false,true,
E05010682,Huthwaite & Brierley,E07000170,Ashfield,E14001068,Ashfield,false,true,
E05010683,Jacksdale & Westwood,E07000170,Ashfield,E14001068,Ashfield,false,true,
E05010684,Kingsway,E07000170,Ashfield,E14001068,Ashfield,false,true,
E05010685,Kirkby Cross & Portland,E07000170,Ashfield,E14001068,Ashfield,false,true,
E05010686,Larwood,E07000170,Ashfield,E14001068,Ashfield,false,true,
E05010687,Leamington,E07000170,Ashfield,E14001068,Ashfield,false,true,
E05010688,Sutton St Mary's,E07000170,Ashfield,E14001068,Ashfield,false,true,
E05010689,Selston,E07000170,Ashfield,E14001068,Ashfield,false,true,
E05010690,Skegby,E07000170,Ashfield,E14001068,Ashfield,false,true,
E05010691,Stanton Hill & Teversal,E07000170,Ashfield,E14001068,Ashfield,false,true,
E05010692,Greenwood & Summit,E07000170,Ashfield,E14001068,Ashfield,false,true,
E05010693,Sutton Junction & Harlow Wood,E07000170,Ashfield,E14001068,Ashfield,false,true,
E05010694,The Dales,E07000170,Ashfield,E14001068,Ashfield,false,true,
E05010695,Underwood,E07000170,Ashfield,E14001068,Ashfield,false,true,
E05010696,Abbey,E07000079,Cotswold,E14001482,South Cotswolds,false,true,
E05010697,Blockley,E07000079,Cotswold,E14001386,North Cotswolds,false,true,
E05010698,Bourton Vale,E07000079,Cotswold,E14001386,North Cotswolds,false,true,
E05010699,Bourton Village,E07000079,Cotswold,E14001386,North Cotswolds,false,true,
E05010700,Campden & Vale,E07000079,Cotswold,E14001386,North Cotswolds,false,true,
E05010702,Chesterton,E07000079,Cotswold,E14001482,South Cotswolds,false,true,
E05010703,Coln Valley,E07000079,Cotswold,E14001386,North Cotswolds,false,true,
E05010705,Fairford North,E07000079,Cotswold,E14001482,South Cotswolds,false,true,
E05010706,Fosseridge,E07000079,Cotswold,E14001386,North Cotswolds,false,true,
E05010707,Four Acres,E07000079,Cotswold,E14001482,South Cotswolds,false,true,
E05010708,Grumbolds Ash with Avening,E07000079,Cotswold,E14001482,South Cotswolds,false,true,
E05010709,Kemble,E07000079,Cotswold,E14001482,South Cotswolds,false,true,
E05010710,"Lechlade, Kempsford & Fairford South",E07000079,Cotswold,E14001482,South Cotswolds,false,true,
E05010711,Moreton East,E07000079,Cotswold,E14001386,North Cotswolds,false,true,
E05010712,Moreton West,E07000079,Cotswold,E14001386,North Cotswolds,false,true,
E05010713,New Mills,E07000079,Cotswold,E14001482,South Cotswolds,false,true,
E05010714,Northleach,E07000079,Cotswold,E14001386,North Cotswolds,false,true,
E05010715,St Michael's,E07000079,Cotswold,E14001482,South Cotswolds,false,true,
E05010717,Siddington & Cerney Rural,E07000079,Cotswold,E14001482,South Cotswolds,false,true,
E05010718,South Cerney Village,E07000079,Cotswold,E14001482,South Cotswolds,false,true,
E05010719,Stow,E07000079,Cotswold,E14001386,North Cotswolds,false,true,
E05010721,Tetbury East & Rural,E07000079,Cotswold,E14001482,South Cotswolds,false,true,
E05010722,Tetbury Town,E07000079,Cotswold,E14001482,South Cotswolds,false,true,
E05010723,Tetbury with Upton,E07000079,Cotswold,E14001482,South Cotswolds,false,true,
E05010724,The Ampneys & Hampton,E07000079,Cotswold,E14001482,South Cotswolds,false,true,
E05010725,The Beeches,E07000079,Cotswold,E14001482,South Cotswolds,false,true,
E05010726,The Rissingtons,E07000079,Cotswold,E14001386,North Cotswolds,false,true,
E05010727,Watermoor,E07000079,Cotswold,E14001482,South Cotswolds,false,true,
E05010728,Adwick le Street & Carcroft,E08000017,Doncaster,E14001200,Doncaster North,false,true,
E05010729,Armthorpe,E08000017,Doncaster,E14001198,Doncaster Central,false,true,
E05010730,Balby South,E08000017,Doncaster,E14001198,Doncaster Central,false,true,
E05010731,Bentley,E08000017,Doncaster,E14001200,Doncaster North,false,true,
E05010732,Bessacarr,E08000017,Doncaster,E14001198,Doncaster Central,false,true,
E05010733,Conisbrough,E08000017,Doncaster,E14001436,Rawmarsh and Conisbrough,false,true,
E05010734,Edenthorpe & Kirk Sandall,E08000017,Doncaster,E14001198,Doncaster Central,false,true,
E05010735,Edlington & Warmsworth,E08000017,Doncaster,E14001436,Rawmarsh and Conisbrough,false,true,
E05010736,Finningley,E08000017,Doncaster,E14001199,Doncaster East and the Isle of Axholme,false,true,
E05010737,Hatfield,E08000017,Doncaster,E14001199,Doncaster East and the Isle of Axholme,false,true,
E05010738,Hexthorpe & Balby North,E08000017,Doncaster,E14001198,Doncaster Central,false,true,
E05010739,Mexborough,E08000017,Doncaster,E14001200,Doncaster North,false,true,
E05010740,Norton & Askern,E08000017,Doncaster,E14001200,Doncaster North,false,true,
E05010741,Roman Ridge,E08000017,Doncaster,E14001200,Doncaster North,false,true,
E05010742,Rossington & Bawtry,E08000017,Doncaster,E14001199,Doncaster East and the Isle of Axholme,false,true,
E05010743,Sprotbrough,E08000017,Doncaster,E14001200,Doncaster North,false,true,
E05010744,Stainforth & Barnby Dun,E08000017,Doncaster,E14001200,Doncaster North,false,true,
E05010745,Thorne & Moorends,E08000017,Doncaster,E14001199,Doncaster East and the Isle of Axholme,false,true,
E05010746,Tickhill & Wadsworth,E08000017,Doncaster,E14001198,Doncaster Central,false,true,
E05010747,Town,E08000017,Doncaster,E14001198,Doncaster Central,false,true,
E05010748,Wheatley Hills & Intake,E08000017,Doncaster,E14001198,Doncaster Central,false,true,
E05010755,Blunsdon and Highworth,E06000030,Swindon,E14001536,Swindon North,false,true,
E05010756,Haydon Wick,E06000030,Swindon,E14001536,Swindon North,false,true,
E05010757,Penhill and Upper Stratton,E06000030,Swindon,E14001536,Swindon North,false,true,
E05010758,Admirals and Cawston,E07000220,Rugby,E14001453,Rugby,false,true,
E05010759,Dunsmore,E07000220,Rugby,E14001309,Kenilworth and Southam,false,true,
E05010760,Wolston and the Lawfords,E07000220,Rugby,E14001453,Rugby,false,true,
E05010781,Chadlington and Churchill,E07000181,West Oxfordshire,E14001072,Banbury,false,true,
E05010782,Charlbury and Finstock,E07000181,West Oxfordshire,E14001072,Banbury,false,true,
E05010783,"Hailey, Minster Lovell and Leafield",E07000181,West Oxfordshire,E14001591,Witney,false,true,
E05010784,Abbey,E07000138,Lincoln,E14001336,Lincoln,false,true,
E05010785,Birchwood,E07000138,Lincoln,E14001336,Lincoln,false,true,
E05010786,Boultham,E07000138,Lincoln,E14001336,Lincoln,false,true,
E05010787,Carholme,E07000138,Lincoln,E14001336,Lincoln,false,true,
E05010788,Castle,E07000138,Lincoln,E14001336,Lincoln,false,true,
E05010789,Glebe,E07000138,Lincoln,E14001336,Lincoln,false,true,
E05010790,Hartsholme,E07000138,Lincoln,E14001336,Lincoln,false,true,
E05010791,Minster,E07000138,Lincoln,E14001336,Lincoln,false,true,
E05010792,Moorland,E07000138,Lincoln,E14001336,Lincoln,false,true,
E05010793,Park,E07000138,Lincoln,E14001336,Lincoln,false,true,
E05010794,Witham,E07000138,Lincoln,E14001336,Lincoln,false,true,
E05010795,Byfleet and West Byfleet,E07000217,Woking,E14001592,Woking,false,true,
E05010796,Canalside,E07000217,Woking,E14001592,Woking,false,true,
E05010797,Goldsworth Park,E07000217,Woking,E14001592,Woking,false,true,
E05010798,Heathlands,E07000217,Woking,E14001592,Woking,false,true,
E05010799,Hoe Valley,E07000217,Woking,E14001592,Woking,false,true,
E05010800,Horsell,E07000217,Woking,E14001592,Woking,false,true,
E05010801,Knaphill,E07000217,Woking,E14001592,Woking,false,true,
E05010802,Mount Hermon,E07000217,Woking,E14001592,Woking,false,true,
E05010803,Pyrford,E07000217,Woking,E14001592,Woking,false,true,
E05010804,St John's,E07000217,Woking,E14001592,Woking,false,true,
E05010805,Barnack,E06000031,Peterborough,E14001401,North West Cambridgeshire,false,true,
E05010806,Bretton,E06000031,Peterborough,E14001425,Peterborough,false,true,
E05010807,Central,E06000031,Peterborough,E14001425,Peterborough,false,true,
E05010808,Dogsthorpe,E06000031,Peterborough,E14001425,Peterborough,false,true,
E05010809,East,E06000031,Peterborough,E14001425,Peterborough,false,true,
E05010810,"Eye, Thorney and Newborough",E06000031,Peterborough,E14001425,Peterborough,false,true,
E05010811,Fletton and Stanground,E06000031,Peterborough,E14001401,North West Cambridgeshire,false,true,
E05010812,Fletton and Woodston,E06000031,Peterborough,E14001401,North West Cambridgeshire,false,true,
E05010813,Glinton and Castor,E06000031,Peterborough,E14001401,North West Cambridgeshire,false,true,
E05010814,Gunthorpe,E06000031,Peterborough,E14001425,Peterborough,false,true,
E05010815,Hampton Vale,E06000031,Peterborough,E14001401,North West Cambridgeshire,false,true,
E05010816,Hargate and Hempsted,E06000031,Peterborough,E14001401,North West Cambridgeshire,false,true,
E05010817,North,E06000031,Peterborough,E14001425,Peterborough,false,true,
E05010818,Orton Longueville,E06000031,Peterborough,E14001401,North West Cambridgeshire,false,true,
E05010819,Orton Waterville,E06000031,Peterborough,E14001401,North West Cambridgeshire,false,true,
E05010820,Park,E06000031,Peterborough,E14001425,Peterborough,false,true,
E05010821,Paston and Walton,E06000031,Peterborough,E14001425,Peterborough,false,true,
E05010822,Ravensthorpe,E06000031,Peterborough,E14001425,Peterborough,false,true,
E05010823,Stanground South,E06000031,Peterborough,E14001401,North West Cambridgeshire,false,true,
E05010824,Werrington,E06000031,Peterborough,E14001425,Peterborough,false,true,
E05010825,West,E06000031,Peterborough,E14001425,Peterborough,false,true,
E05010826,Wittering,E06000031,Peterborough,E14001401,North West Cambridgeshire,false,true,
E05010827,Berechurch,E07000071,Colchester,E14001176,Colchester,false,true,
E05010828,Castle,E07000071,Colchester,E14001176,Colchester,false,true,
E05010829,Greenstead,E07000071,Colchester,E14001176,Colchester,false,true,
E05010830,Highwoods,E07000071,Colchester,E14001176,Colchester,false,true,
E05010831,Lexden and Braiswick,E07000071,Colchester,E14001273,Harwich and North Essex,true,true,24.0267
E05010831,Lexden and Braiswick,E07000071,Colchester,E14001176,Colchester,true,false,4.9546
E05010832,Marks Tey and Layer,E07000071,Colchester,E14001590,Witham,false,true,
E05010833,Mersea and Pyefleet,E07000071,Colchester,E14001273,Harwich and North Essex,false,true,
E05010834,Mile End,E07000071,Colchester,E14001176,Colchester,false,true,
E05010835,New Town and Christ Church,E07000071,Colchester,E14001176,Colchester,false,true,
E05010836,Old Heath and The Hythe,E07000071,Colchester,E14001273,Harwich and North Essex,false,true,
E05010837,Prettygate,E07000071,Colchester,E14001176,Colchester,false,true,
E05010838,Rural North,E07000071,Colchester,E14001273,Harwich and North Essex,false,true,
E05010839,St Anne's and St John's,E07000071,Colchester,E14001176,Colchester,false,true,
E05010840,Shrub End,E07000071,Colchester,E14001176,Colchester,false,true,
E05010841,Stanway,E07000071,Colchester,E14001590,Witham,false,true,
E05010842,Tiptree,E07000071,Colchester,E14001590,Witham,false,true,
E05010843,Wivenhoe,E07000071,Colchester,E14001273,Harwich and North Essex,false,true,
E05010844,Downhall and Rawreth,E07000075,Rochford,E14001437,Rayleigh and Wickford,false,true,
E05010845,Foulness and The Wakerings,E07000075,Rochford,E14001501,Southend East and Rochford,false,true,
E05010846,Hawkwell East,E07000075,Rochford,E14001437,Rayleigh and Wickford,false,true,
E05010847,Hawkwell West,E07000075,Rochford,E14001437,Rayleigh and Wickford,false,true,
E05010848,Hockley,E07000075,Rochford,E14001437,Rayleigh and Wickford,false,true,
E05010849,Hockley and Ashingdon,E07000075,Rochford,E14001437,Rayleigh and Wickford,false,true,
E05010850,Hullbridge,E07000075,Rochford,E14001437,Rayleigh and Wickford,false,true,
E05010851,Lodge,E07000075,Rochford,E14001437,Rayleigh and Wickford,false,true,
E05010852,Roche North and Rural,E07000075,Rochford,E14001501,Southend East and Rochford,false,true,
E05010853,Roche South,E07000075,Rochford,E14001501,Southend East and Rochford,false,true,
E05010854,Sweyne Park and Grange,E07000075,Rochford,E14001437,Rayleigh and Wickford,false,true,
E05010855,Trinity,E07000075,Rochford,E14001437,Rayleigh and Wickford,false,true,
E05010856,Wheatley,E07000075,Rochford,E14001437,Rayleigh and Wickford,false,true,
E05010857,Beauchief and Greenhill,E08000039,Sheffield,E14001469,Sheffield Heeley,false,true,
E05010858,Beighton,E08000039,Sheffield,E14001470,Sheffield South East,false,true,
E05010859,Birley,E08000039,Sheffield,E14001470,Sheffield South East,false,true,
E05010860,Broomhill and Sharrow Vale,E08000039,Sheffield,E14001467,Sheffield Central,false,true,
E05010861,Burngreave,E08000039,Sheffield,E14001466,Sheffield Brightside and Hillsborough,false,true,
E05010862,City,E08000039,Sheffield,E14001467,Sheffield Central,false,true,
E05010863,Crookes and Crosspool,E08000039,Sheffield,E14001468,Sheffield Hallam,false,true,
E05010864,Darnall,E08000039,Sheffield,E14001470,Sheffield South East,false,true,
E05010865,Dore and Totley,E08000039,Sheffield,E14001468,Sheffield Hallam,false,true,
E05010866,East Ecclesfield,E08000039,Sheffield,E14001423,Penistone and Stocksbridge,false,true,
E05010867,Ecclesall,E08000039,Sheffield,E14001468,Sheffield Hallam,false,true,
E05010868,Firth Park,E08000039,Sheffield,E14001466,Sheffield Brightside and Hillsborough,false,true,
E05010869,Fulwood,E08000039,Sheffield,E14001468,Sheffield Hallam,false,true,
E05010870,Gleadless Valley,E08000039,Sheffield,E14001469,Sheffield Heeley,false,true,
E05010871,Graves Park,E08000039,Sheffield,E14001469,Sheffield Heeley,false,true,
E05010872,Hillsborough,E08000039,Sheffield,E14001466,Sheffield Brightside and Hillsborough,false,true,
E05010873,Manor Castle,E08000039,Sheffield,E14001469,Sheffield Heeley,false,true,
E05010874,Mosborough,E08000039,Sheffield,E14001470,Sheffield South East,false,true,
E05010875,Nether Edge and Sharrow,E08000039,Sheffield,E14001467,Sheffield Central,false,true,
E05010876,Park and Arbourthorne,E08000039,Sheffield,E14001469,Sheffield Heeley,false,true,
E05010877,Richmond,E08000039,Sheffield,E14001470,Sheffield South East,true,true,3.4234
E05010877,Richmond,E08000039,Sheffield,E14001469,Sheffield Heeley,true,false,1.6262
E05010878,Shiregreen and Brightside,E08000039,Sheffield,E14001466,Sheffield Brightside and Hillsborough,false,true,
E05010879,Southey,E08000039,Sheffield,E14001466,Sheffield Brightside and Hillsborough,false,true,
E05010880,Stannington,E08000039,Sheffield,E14001468,Sheffield Hallam,false,true,
E05010882,Walkley,E08000039,Sheffield,E14001467,Sheffield Central,false,true,
E05010883,West Ecclesfield,E08000039,Sheffield,E14001423,Penistone and Stocksbridge,false,true,
E05010884,Woodhouse,E08000039,Sheffield,E14001470,Sheffield South East,false,true,
E05010885,Ashley,E06000023,"Bristol, City of",E14001131,Bristol Central,false,true,
E05010886,Avonmouth and Lawrence Weston,E06000023,"Bristol, City of",E14001134,Bristol North West,false,true,
E05010887,Bedminster,E06000023,"Bristol, City of",E14001135,Bristol South,false,true,
E05010888,Bishopston and Ashley Down,E06000023,"Bristol, City of",E14001134,Bristol North West,false,true,
E05010889,Bishopsworth,E06000023,"Bristol, City of",E14001135,Bristol South,false,true,
E05010890,Brislington East,E06000023,"Bristol, City of",E14001132,Bristol East,false,true,
E05010891,Brislington West,E06000023,"Bristol, City of",E14001132,Bristol East,false,true,
E05010892,Central,E06000023,"Bristol, City of",E14001131,Bristol Central,false,true,
E05010893,Clifton,E06000023,"Bristol, City of",E14001131,Bristol Central,false,true,
E05010894,Clifton Down,E06000023,"Bristol, City of",E14001131,Bristol Central,false,true,
E05010895,Cotham,E06000023,"Bristol, City of",E14001131,Bristol Central,false,true,
E05010896,Easton,E06000023,"Bristol, City of",E14001132,Bristol East,false,true,
E05010897,Eastville,E06000023,"Bristol, City of",E14001133,Bristol North East,false,true,
E05010898,Filwood,E06000023,"Bristol, City of",E14001135,Bristol South,false,true,
E05010899,Frome Vale,E06000023,"Bristol, City of",E14001133,Bristol North East,false,true,
E05010900,Hartcliffe and Withywood,E06000023,"Bristol, City of",E14001135,Bristol South,false,true,
E05010901,Henbury and Brentry,E06000023,"Bristol, City of",E14001134,Bristol North West,false,true,
E05010902,Hengrove and Whitchurch Park,E06000023,"Bristol, City of",E14001135,Bristol South,false,true,
E05010903,Hillfields,E06000023,"Bristol, City of",E14001133,Bristol North East,false,true,
E05010904,Horfield,E06000023,"Bristol, City of",E14001134,Bristol North West,false,true,
E05010905,Hotwells and Harbourside,E06000023,"Bristol, City of",E14001131,Bristol Central,false,true,
E05010906,Knowle,E06000023,"Bristol, City of",E14001132,Bristol East,false,true,
E05010907,Lawrence Hill,E06000023,"Bristol, City of",E14001132,Bristol East,false,true,
E05010908,Lockleaze,E06000023,"Bristol, City of",E14001133,Bristol North East,false,true,
E05010909,Redland,E06000023,"Bristol, City of",E14001131,Bristol Central,false,true,
E05010910,St George Central,E06000023,"Bristol, City of",E14001132,Bristol East,false,true,
E05010911,St George Troopers Hill,E06000023,"Bristol, City of",E14001132,Bristol East,false,true,
E05010912,St George West,E06000023,"Bristol, City of",E14001132,Bristol East,false,true,
E05010913,Southmead,E06000023,"Bristol, City of",E14001134,Bristol North West,false,true,
E05010914,Southville,E06000023,"Bristol, City of",E14001135,Bristol South,false,true,
E05010915,Stockwood,E06000023,"Bristol, City of",E14001132,Bristol East,false,true,
E05010916,Stoke Bishop,E06000023,"Bristol, City of",E14001134,Bristol North West,false,true,
E05010917,Westbury-on-Trym and Henleaze,E06000023,"Bristol, City of",E14001134,Bristol North West,false,true,
E05010918,Windmill Hill,E06000023,"Bristol, City of",E14001135,Bristol South,false,true,
E05010921,Banbury Cross and Neithrop,E07000177,Cherwell,E14001072,Banbury,false,true,
E05010922,Banbury Grimsbury and Hightown,E07000177,Cherwell,E14001072,Banbury,false,true,
E05010923,Banbury Hardwick,E07000177,Cherwell,E14001072,Banbury,false,true,
E05010924,Banbury Ruscote,E07000177,Cherwell,E14001072,Banbury,false,true,
E05010925,Bicester East,E07000177,Cherwell,E14001090,Bicester and Woodstock,false,true,
E05010926,Bicester North and Caversfield,E07000177,Cherwell,E14001090,Bicester and Woodstock,false,true,
E05010928,Bicester West,E07000177,Cherwell,E14001090,Bicester and Woodstock,false,true,
E05010929,"Cropredy, Sibfords and Wroxton",E07000177,Cherwell,E14001072,Banbury,false,true,
E05010930,Deddington,E07000177,Cherwell,E14001072,Banbury,false,true,
E05010932,Kidlington East,E07000177,Cherwell,E14001090,Bicester and Woodstock,false,true,
E05010933,Kidlington West,E07000177,Cherwell,E14001090,Bicester and Woodstock,false,true,
E05010934,Launton and Otmoor,E07000177,Cherwell,E14001090,Bicester and Woodstock,false,true,
E05010935,Cherryfield,E08000011,Knowsley,E14001317,Knowsley,false,true,
E05010936,Halewood North,E08000011,Knowsley,E14001584,Widnes and Halewood,false,true,
E05010937,Halewood South,E08000011,Knowsley,E14001584,Widnes and Halewood,false,true,
E05010938,Northwood,E08000011,Knowsley,E14001317,Knowsley,false,true,
E05010939,Page Moss,E08000011,Knowsley,E14001341,Liverpool West Derby,false,true,
E05010940,Prescot North,E08000011,Knowsley,E14001317,Knowsley,false,true,
E05010941,Prescot South,E08000011,Knowsley,E14001510,St Helens South and Whiston,false,true,
E05010942,Roby,E08000011,Knowsley,E14001317,Knowsley,false,true,
E05010943,Shevington,E08000011,Knowsley,E14001317,Knowsley,false,true,
E05010944,St Gabriels,E08000011,Knowsley,E14001317,Knowsley,false,true,
E05010945,St Michaels,E08000011,Knowsley,E14001317,Knowsley,false,true,
E05010946,Stockbridge,E08000011,Knowsley,E14001317,Knowsley,false,true,
E05010947,Swanside,E08000011,Knowsley,E14001341,Liverpool West Derby,false,true,
E05010948,Whiston and Cronton,E08000011,Knowsley,E14001584,Widnes and Halewood,true,true,12.0151
E05010948,Whiston and Cronton,E08000011,Knowsley,E14001510,St Helens South and Whiston,true,false,0.5929
E05010949,Whitefield,E08000011,Knowsley,E14001317,Knowsley,false,true,
E05010950,Abbeydale,E07000081,Gloucester,E14001248,Gloucester,false,true,
E05010951,Abbeymead,E07000081,Gloucester,E14001248,Gloucester,false,true,
E05010952,Barnwood,E07000081,Gloucester,E14001248,Gloucester,false,true,
E05010953,Barton and Tredworth,E07000081,Gloucester,E14001248,Gloucester,false,true,
E05010954,Coney Hill,E07000081,Gloucester,E14001248,Gloucester,false,true,
E05010955,Elmbridge,E07000081,Gloucester,E14001542,Tewkesbury,false,true,
E05010956,Grange,E07000081,Gloucester,E14001248,Gloucester,false,true,
E05010957,Hucclecote,E07000081,Gloucester,E14001248,Gloucester,false,true,
E05010958,Kingsholm and Wotton,E07000081,Gloucester,E14001248,Gloucester,false,true,
E05010959,Kingsway,E07000081,Gloucester,E14001248,Gloucester,false,true,
E05010960,Longlevens,E07000081,Gloucester,E14001542,Tewkesbury,false,true,
E05010961,"Matson, Robinswood and White City",E07000081,Gloucester,E14001248,Gloucester,false,true,
E05010962,Moreland,E07000081,Gloucester,E14001248,Gloucester,false,true,
E05010963,Podsmead,E07000081,Gloucester,E14001248,Gloucester,false,true,
E05010964,Quedgeley Fieldcourt,E07000081,Gloucester,E14001248,Gloucester,false,true,
E05010965,Quedgeley Severn Vale,E07000081,Gloucester,E14001248,Gloucester,false,true,
E05010966,Tuffley,E07000081,Gloucester,E14001248,Gloucester,false,true,
E05010967,Westgate,E07000081,Gloucester,E14001248,Gloucester,false,true,
E05010969,Berkeley Vale,E07000082,Stroud,E14001529,Stroud,false,true,
E05010972,Cam East,E07000082,Stroud,E14001529,Stroud,false,true,
E05010973,Cam West,E07000082,Stroud,E14001529,Stroud,false,true,
E05010975,Coaley and Uley,E07000082,Stroud,E14001529,Stroud,false,true,
E05010976,Dursley,E07000082,Stroud,E14001529,Stroud,false,true,
E05010981,Painswick and Upton,E07000082,Stroud,E14001386,North Cotswolds,false,true,
E05010982,"Randwick, Whiteshill and Ruscombe",E07000082,Stroud,E14001529,Stroud,false,true,
E05010986,Stroud Central,E07000082,Stroud,E14001529,Stroud,false,true,
E05010987,Stroud Farmhill and Paganhill,E07000082,Stroud,E14001529,Stroud,false,true,
E05010988,Stroud Slade,E07000082,Stroud,E14001529,Stroud,false,true,
E05010990,Stroud Uplands,E07000082,Stroud,E14001529,Stroud,false,true,
E05010991,Stroud Valley,E07000082,Stroud,E14001529,Stroud,false,true,
E05010992,The Stanleys,E07000082,Stroud,E14001529,Stroud,false,true,
E05010995,Alresford and Itchen Valley,E07000094,Winchester,E14001587,Winchester,false,true,
E05010996,Badger Farm and Oliver's Battery,E07000094,Winchester,E14001587,Winchester,false,true,
E05010997,Bishop's Waltham,E07000094,Winchester,E14001587,Winchester,false,true,
E05010998,Central Meon Valley,E07000094,Winchester,E14001587,Winchester,false,true,
E05010999,Colden Common and Twyford,E07000094,Winchester,E14001587,Winchester,false,true,
E05011000,Denmead,E07000094,Winchester,E14001233,Fareham and Waterlooville,false,true,
E05011001,St Barnabas,E07000094,Winchester,E14001587,Winchester,false,true,
E05011002,St Bartholomew,E07000094,Winchester,E14001587,Winchester,false,true,
E05011003,St Luke,E07000094,Winchester,E14001587,Winchester,false,true,
E05011004,St Michael,E07000094,Winchester,E14001587,Winchester,false,true,
E05011005,St Paul,E07000094,Winchester,E14001587,Winchester,false,true,
E05011006,Southwick and Wickham,E07000094,Winchester,E14001233,Fareham and Waterlooville,false,true,
E05011007,The Worthys,E07000094,Winchester,E14001587,Winchester,false,true,
E05011008,Upper Meon Valley,E07000094,Winchester,E14001587,Winchester,false,true,
E05011009,Whiteley and Shedfield,E07000094,Winchester,E14001263,Hamble Valley,false,true,
E05011010,Wonston and Micheldever,E07000094,Winchester,E14001587,Winchester,false,true,
E05011011,Alphington,E07000041,Exeter,E14001231,Exeter,false,true,
E05011012,Duryard and St James,E07000041,Exeter,E14001231,Exeter,false,true,
E05011013,Exwick,E07000041,Exeter,E14001231,Exeter,false,true,
E05011014,Heavitree,E07000041,Exeter,E14001231,Exeter,false,true,
E05011015,Mincinglake and Whipton,E07000041,Exeter,E14001231,Exeter,false,true,
E05011016,Newtown and St Leonard's,E07000041,Exeter,E14001231,Exeter,false,true,
E05011017,Pennsylvania,E07000041,Exeter,E14001231,Exeter,false,true,
E05011018,Pinhoe,E07000041,Exeter,E14001232,Exmouth and Exeter East,false,true,
E05011019,Priory,E07000041,Exeter,E14001231,Exeter,false,true,
E05011020,St David's,E07000041,Exeter,E14001231,Exeter,false,true,
E05011021,St Loyes,E07000041,Exeter,E14001232,Exmouth and Exeter East,false,true,
E05011022,St Thomas,E07000041,Exeter,E14001231,Exeter,false,true,
E05011023,Topsham,E07000041,Exeter,E14001232,Exmouth and Exeter East,false,true,
E05011024,Appleton,E06000007,Warrington,E14001565,Warrington South,false,true,
E05011025,Bewsey and Whitecross,E06000007,Warrington,E14001565,Warrington South,false,true,
E05011026,Birchwood,E06000007,Warrington,E14001564,Warrington North,false,true,
E05011027,Burtonwood and Winwick,E06000007,Warrington,E14001564,Warrington North,false,true,
E05011028,Chapelford and Old Hall,E06000007,Warrington,E14001565,Warrington South,false,true,
E05011029,"Culcheth, Glazebury and Croft",E06000007,Warrington,E14001564,Warrington North,false,true,
E05011030,Fairfield and Howley,E06000007,Warrington,E14001564,Warrington North,false,true,
E05011031,Grappenhall,E06000007,Warrington,E14001565,Warrington South,false,true,
E05011032,Great Sankey North and Whittle Hall,E06000007,Warrington,E14001565,Warrington South,false,true,
E05011033,Great Sankey South,E06000007,Warrington,E14001565,Warrington South,false,true,
E05011034,Latchford East,E06000007,Warrington,E14001565,Warrington South,false,true,
E05011035,Latchford West,E06000007,Warrington,E14001565,Warrington South,false,true,
E05011036,Lymm North and Thelwall,E06000007,Warrington,E14001539,Tatton,true,true,7.1206
E05011036,Lymm North and Thelwall,E06000007,Warrington,E14001565,Warrington South,true,false,4.0728
E05011037,Lymm South,E06000007,Warrington,E14001539,Tatton,false,true,
E05011038,Orford,E06000007,Warrington,E14001564,Warrington North,false,true,
E05011039,Penketh and Cuerdley,E06000007,Warrington,E14001565,Warrington South,false,true,
E05011040,Poplars and Hulme,E06000007,Warrington,E14001564,Warrington North,false,true,
E05011041,Poulton North,E06000007,Warrington,E14001564,Warrington North,false,true,
E05011042,Poulton South,E06000007,Warrington,E14001564,Warrington North,false,true,
E05011043,Rixton and Woolston,E06000007,Warrington,E14001564,Warrington North,false,true,
E05011044,Stockton Heath,E06000007,Warrington,E14001565,Warrington South,false,true,
E05011045,Westbrook,E06000007,Warrington,E14001564,Warrington North,false,true,
E05011046,Callowland,E07000103,Watford,E14001568,Watford,false,true,
E05011047,Central,E07000103,Watford,E14001568,Watford,false,true,
E05011048,Holywell,E07000103,Watford,E14001568,Watford,false,true,
E05011049,Leggatts,E07000103,Watford,E14001568,Watford,false,true,
E05011050,Meriden,E07000103,Watford,E14001568,Watford,false,true,
E05011051,Nascot,E07000103,Watford,E14001568,Watford,false,true,
E05011052,Oxhey,E07000103,Watford,E14001568,Watford,false,true,
E05011053,Park,E07000103,Watford,E14001568,Watford,false,true,
E05011054,Stanborough,E07000103,Watford,E14001568,Watford,false,true,
E05011055,Tudor,E07000103,Watford,E14001568,Watford,false,true,
E05011056,Vicarage,E07000103,Watford,E14001568,Watford,false,true,
E05011057,Woodside,E07000103,Watford,E14001568,Watford,false,true,
E05011058,Brookmans Park and Little Heath,E07000241,Welwyn Hatfield,E14001573,Welwyn Hatfield,false,true,
E05011059,Haldens,E07000241,Welwyn Hatfield,E14001573,Welwyn Hatfield,false,true,
E05011060,Handside,E07000241,Welwyn Hatfield,E14001573,Welwyn Hatfield,false,true,
E05011061,Hatfield Central,E07000241,Welwyn Hatfield,E14001573,Welwyn Hatfield,false,true,
E05011062,Hatfield East,E07000241,Welwyn Hatfield,E14001573,Welwyn Hatfield,false,true,
E05011063,Hatfield South West,E07000241,Welwyn Hatfield,E14001573,Welwyn Hatfield,false,true,
E05011064,Hatfield Villages,E07000241,Welwyn Hatfield,E14001573,Welwyn Hatfield,false,true,
E05011065,Hollybush,E07000241,Welwyn Hatfield,E14001573,Welwyn Hatfield,false,true,
E05011066,Howlands,E07000241,Welwyn Hatfield,E14001573,Welwyn Hatfield,false,true,
E05011067,Northaw and Cuffley,E07000241,Welwyn Hatfield,E14001284,Hertsmere,false,true,
E05011068,Panshanger,E07000241,Welwyn Hatfield,E14001573,Welwyn Hatfield,false,true,
E05011069,Peartree,E07000241,Welwyn Hatfield,E14001573,Welwyn Hatfield,false,true,
E05011070,Sherrards,E07000241,Welwyn Hatfield,E14001573,Welwyn Hatfield,false,true,
E05011071,Welham Green and Hatfield South,E07000241,Welwyn Hatfield,E14001573,Welwyn Hatfield,false,true,
E05011072,Welwyn East,E07000241,Welwyn Hatfield,E14001573,Welwyn Hatfield,false,true,
E05011073,Welwyn West,E07000241,Welwyn Hatfield,E14001573,Welwyn Hatfield,false,true,
E05011074,Claygate,E07000207,Elmbridge,E14001230,Esher and Walton,false,true,
E05011075,Cobham and Downside,E07000207,Elmbridge,E14001456,Runnymede and Weybridge,false,true,
E05011076,Esher,E07000207,Elmbridge,E14001230,Esher and Walton,false,true,
E05011077,Hersham Village,E07000207,Elmbridge,E14001230,Esher and Walton,false,true,
E05011078,Hinchley Wood and Weston Green,E07000207,Elmbridge,E14001230,Esher and Walton,false,true,
E05011079,Long Ditton,E07000207,Elmbridge,E14001230,Esher and Walton,false,true,
E05011080,Molesey East,E07000207,Elmbridge,E14001230,Esher and Walton,false,true,
E05011081,Molesey West,E07000207,Elmbridge,E14001230,Esher and Walton,false,true,
E05011082,Oatlands and Burwood Park,E07000207,Elmbridge,E14001230,Esher and Walton,false,true,
E05011083,Oxshott and Stoke D'Abernon,E07000207,Elmbridge,E14001456,Runnymede and Weybridge,false,true,
E05011084,Thames Ditton,E07000207,Elmbridge,E14001230,Esher and Walton,false,true,
E05011085,Walton Central,E07000207,Elmbridge,E14001230,Esher and Walton,false,true,
E05011086,Walton North,E07000207,Elmbridge,E14001230,Esher and Walton,false,true,
E05011087,Walton South,E07000207,Elmbridge,E14001230,Esher and Walton,false,true,
E05011088,Weybridge Riverside,E07000207,Elmbridge,E14001456,Runnymede and Weybridge,false,true,
E05011089,Weybridge St George's Hill,E07000207,Elmbridge,E14001456,Runnymede and Weybridge,false,true,
E05011090,Bryher,E06000053,Isles of Scilly,E14001511,St Ives,false,true,
E05011091,St Agnes,E06000053,Isles of Scilly,E14001511,St Ives,false,true,
E05011092,St Martin's,E06000053,Isles of Scilly,E14001511,St Ives,false,true,
E05011093,St Mary's,E06000053,Isles of Scilly,E14001511,St Ives,false,true,
E05011094,Tresco,E06000053,Isles of Scilly,E14001511,St Ives,false,true,
E05011095,Borough & Bankside,E09000028,Southwark,E14001085,Bermondsey and Old Southwark,false,true,
E05011096,Camberwell Green,E09000028,Southwark,E14001559,Vauxhall and Camberwell Green,false,true,
E05011097,Champion Hill,E09000028,Southwark,E14001205,Dulwich and West Norwood,false,true,
E05011098,Chaucer,E09000028,Southwark,E14001085,Bermondsey and Old Southwark,false,true,
E05011099,Dulwich Hill,E09000028,Southwark,E14001333,Lewisham West and East Dulwich,false,true,
E05011100,Dulwich Village,E09000028,Southwark,E14001205,Dulwich and West Norwood,false,true,
E05011101,Dulwich Wood,E09000028,Southwark,E14001205,Dulwich and West Norwood,false,true,
E05011102,Faraday,E09000028,Southwark,E14001421,Peckham,false,true,
E05011103,Goose Green,E09000028,Southwark,E14001333,Lewisham West and East Dulwich,false,true,
E05011104,London Bridge & West Bermondsey,E09000028,Southwark,E14001085,Bermondsey and Old Southwark,false,true,
E05011105,Newington,E09000028,Southwark,E14001559,Vauxhall and Camberwell Green,false,true,
E05011106,North Bermondsey,E09000028,Southwark,E14001085,Bermondsey and Old Southwark,false,true,
E05011107,North Walworth,E09000028,Southwark,E14001421,Peckham,false,true,
E05011108,Nunhead & Queen's Road,E09000028,Southwark,E14001421,Peckham,false,true,
E05011109,Old Kent Road,E09000028,Southwark,E14001421,Peckham,false,true,
E05011110,Peckham,E09000028,Southwark,E14001421,Peckham,false,true,
E05011111,Peckham Rye,E09000028,Southwark,E14001333,Lewisham West and East Dulwich,false,true,
E05011112,Rotherhithe,E09000028,Southwark,E14001085,Bermondsey and Old Southwark,false,true,
E05011113,Rye Lane,E09000028,Southwark,E14001421,Peckham,false,true,
E05011114,St George's,E09000028,Southwark,E14001085,Bermondsey and Old Southwark,false,true,
E05011115,St Giles,E09000028,Southwark,E14001421,Peckham,false,true,
E05011116,South Bermondsey,E09000028,Southwark,E14001085,Bermondsey and Old Southwark,false,true,
E05011117,Surrey Docks,E09000028,Southwark,E14001085,Bermondsey and Old Southwark,false,true,
E05011118,Acocks Green,E08000025,Birmingham,E14001100,Birmingham Yardley,false,true,
E05011119,Allens Cross,E08000025,Birmingham,E14001097,Birmingham Northfield,false,true,
E05011120,Alum Rock,E08000025,Birmingham,E14001096,Birmingham Ladywood,false,true,
E05011121,Aston,E08000025,Birmingham,E14001098,Birmingham Perry Barr,false,true,
E05011122,Balsall Heath West,E08000025,Birmingham,E14001096,Birmingham Ladywood,false,true,
E05011123,Bartley Green,E08000025,Birmingham,E14001092,Birmingham Edgbaston,false,true,
E05011124,Billesley,E08000025,Birmingham,E14001099,Birmingham Selly Oak,false,true,
E05011125,Birchfield,E08000025,Birmingham,E14001098,Birmingham Perry Barr,false,true,
E05011126,Bordesley & Highgate,E08000025,Birmingham,E14001096,Birmingham Ladywood,false,true,
E05011127,Bordesley Green,E08000025,Birmingham,E14001096,Birmingham Ladywood,false,true,
E05011128,Bournbrook & Selly Park,E08000025,Birmingham,E14001099,Birmingham Selly Oak,false,true,
E05011129,Bournville & Cotteridge,E08000025,Birmingham,E14001099,Birmingham Selly Oak,false,true,
E05011130,Brandwood & King's Heath,E08000025,Birmingham,E14001094,Birmingham Hall Green and Moseley,true,true,2.1068
E05011130,Brandwood & King's Heath,E08000025,Birmingham,E14001099,Birmingham Selly Oak,true,false,1.7625
E05011131,Bromford & Hodge Hill,E08000025,Birmingham,E14001095,Birmingham Hodge Hill and Solihull North,false,true,
E05011132,Castle Vale,E08000025,Birmingham,E14001093,Birmingham Erdington,false,true,
E05011133,Druids Heath & Monyhull,E08000025,Birmingham,E14001099,Birmingham Selly Oak,false,true,
E05011134,Edgbaston,E08000025,Birmingham,E14001092,Birmingham Edgbaston,false,true,
E05011135,Erdington,E08000025,Birmingham,E14001093,Birmingham Erdington,false,true,
E05011136,Frankley Great Park,E08000025,Birmingham,E14001097,Birmingham Northfield,false,true,
E05011137,Garretts Green,E08000025,Birmingham,E14001095,Birmingham Hodge Hill and Solihull North,false,true,
E05011138,Glebe Farm & Tile Cross,E08000025,Birmingham,E14001095,Birmingham Hodge Hill and Solihull North,false,true,
E05011139,Gravelly Hill,E08000025,Birmingham,E14001093,Birmingham Erdington,false,true,
E05011140,Hall Green North,E08000025,Birmingham,E14001094,Birmingham Hall Green and Moseley,false,true,
E05011141,Hall Green South,E08000025,Birmingham,E14001094,Birmingham Hall Green and Moseley,false,true,
E05011142,Handsworth,E08000025,Birmingham,E14001098,Birmingham Perry Barr,false,true,
E05011143,Handsworth Wood,E08000025,Birmingham,E14001098,Birmingham Perry Barr,false,true,
E05011144,Harborne,E08000025,Birmingham,E14001092,Birmingham Edgbaston,false,true,
E05011145,Heartlands,E08000025,Birmingham,E14001095,Birmingham Hodge Hill and Solihull North,false,true,
E05011146,Highter's Heath,E08000025,Birmingham,E14001099,Birmingham Selly Oak,false,true,
E05011147,Holyhead,E08000025,Birmingham,E14001098,Birmingham Perry Barr,false,true,
E05011148,King's Norton North,E08000025,Birmingham,E14001097,Birmingham Northfield,false,true,
E05011149,King's Norton South,E08000025,Birmingham,E14001097,Birmingham Northfield,false,true,
E05011150,Kingstanding,E08000025,Birmingham,E14001093,Birmingham Erdington,false,true,
E05011151,Ladywood,E08000025,Birmingham,E14001096,Birmingham Ladywood,false,true,
E05011152,Longbridge & West Heath,E08000025,Birmingham,E14001097,Birmingham Northfield,false,true,
E05011153,Lozells,E08000025,Birmingham,E14001098,Birmingham Perry Barr,false,true,
E05011154,Moseley,E08000025,Birmingham,E14001094,Birmingham Hall Green and Moseley,false,true,
E05011155,Nechells,E08000025,Birmingham,E14001096,Birmingham Ladywood,false,true,
E05011156,Newtown,E08000025,Birmingham,E14001096,Birmingham Ladywood,false,true,
E05011157,North Edgbaston,E08000025,Birmingham,E14001092,Birmingham Edgbaston,false,true,
E05011158,Northfield,E08000025,Birmingham,E14001097,Birmingham Northfield,false,true,
E05011159,Oscott,E08000025,Birmingham,E14001098,Birmingham Perry Barr,true,true,2.3828
E05011159,Oscott,E08000025,Birmingham,E14001093,Birmingham Erdington,true,false,1.9903
E05011160,Perry Barr,E08000025,Birmingham,E14001098,Birmingham Perry Barr,false,true,
E05011161,Perry Common,E08000025,Birmingham,E14001093,Birmingham Erdington,false,true,
E05011162,Pype Hayes,E08000025,Birmingham,E14001093,Birmingham Erdington,false,true,
E05011163,Quinton,E08000025,Birmingham,E14001092,Birmingham Edgbaston,false,true,
E05011164,Rubery & Rednal,E08000025,Birmingham,E14001097,Birmingham Northfield,false,true,
E05011165,Shard End,E08000025,Birmingham,E14001095,Birmingham Hodge Hill and Solihull North,false,true,
E05011166,Sheldon,E08000025,Birmingham,E14001100,Birmingham Yardley,false,true,
E05011167,Small Heath,E08000025,Birmingham,E14001100,Birmingham Yardley,false,true,
E05011168,Soho & Jewellery Quarter,E08000025,Birmingham,E14001096,Birmingham Ladywood,false,true,
E05011169,South Yardley,E08000025,Birmingham,E14001100,Birmingham Yardley,false,true,
E05011170,Sparkbrook & Balsall Heath East,E08000025,Birmingham,E14001094,Birmingham Hall Green and Moseley,false,true,
E05011171,Sparkhill,E08000025,Birmingham,E14001094,Birmingham Hall Green and Moseley,false,true,
E05011172,Stirchley,E08000025,Birmingham,E14001099,Birmingham Selly Oak,false,true,
E05011173,Stockland Green,E08000025,Birmingham,E14001093,Birmingham Erdington,false,true,
E05011174,Sutton Four Oaks,E08000025,Birmingham,E14001535,Sutton Coldfield,false,true,
E05011175,Sutton Mere Green,E08000025,Birmingham,E14001535,Sutton Coldfield,false,true,
E05011176,Sutton Reddicap,E08000025,Birmingham,E14001535,Sutton Coldfield,false,true,
E05011177,Sutton Roughley,E08000025,Birmingham,E14001535,Sutton Coldfield,false,true,
E05011178,Sutton Trinity,E08000025,Birmingham,E14001535,Sutton Coldfield,false,true,
E05011179,Sutton Vesey,E08000025,Birmingham,E14001535,Sutton Coldfield,false,true,
E05011180,Sutton Walmley & Minworth,E08000025,Birmingham,E14001535,Sutton Coldfield,false,true,
E05011181,Sutton Wylde Green,E08000025,Birmingham,E14001535,Sutton Coldfield,false,true,
E05011182,Tyseley & Hay Mills,E08000025,Birmingham,E14001100,Birmingham Yardley,false,true,
E05011183,Ward End,E08000025,Birmingham,E14001095,Birmingham Hodge Hill and Solihull North,false,true,
E05011184,Weoley & Selly Oak,E08000025,Birmingham,E14001097,Birmingham Northfield,true,true,4.084
E05011184,Weoley & Selly Oak,E08000025,Birmingham,E14001099,Birmingham Selly Oak,true,false,1.2596
E05011185,Yardley East,E08000025,Birmingham,E14001100,Birmingham Yardley,false,true,
E05011186,Yardley West & Stechford,E08000025,Birmingham,E14001100,Birmingham Yardley,false,true,
E05011187,Bishopstoke,E07000086,Eastleigh,E14001220,Eastleigh,false,true,
E05011188,Botley,E07000086,Eastleigh,E14001263,Hamble Valley,false,true,
E05011189,Bursledon & Hound North,E07000086,Eastleigh,E14001263,Hamble Valley,false,true,
E05011190,Chandler's Ford,E07000086,Eastleigh,E14001220,Eastleigh,false,true,
E05011191,Eastleigh Central,E07000086,Eastleigh,E14001220,Eastleigh,false,true,
E05011192,Eastleigh North,E07000086,Eastleigh,E14001220,Eastleigh,false,true,
E05011193,Eastleigh South,E07000086,Eastleigh,E14001220,Eastleigh,false,true,
E05011194,Fair Oak & Horton Heath,E07000086,Eastleigh,E14001220,Eastleigh,false,true,
E05011195,Hamble & Netley,E07000086,Eastleigh,E14001263,Hamble Valley,false,true,
E05011196,Hedge End North,E07000086,Eastleigh,E14001263,Hamble Valley,false,true,
E05011197,Hedge End South,E07000086,Eastleigh,E14001263,Hamble Valley,false,true,
E05011198,Hiltingbury,E07000086,Eastleigh,E14001220,Eastleigh,false,true,
E05011199,West End North,E07000086,Eastleigh,E14001220,Eastleigh,false,true,
E05011200,West End South,E07000086,Eastleigh,E14001220,Eastleigh,false,true,
E05011201,Ashdown,E07000062,Hastings,E14001274,Hastings and Rye,false,true,
E05011202,Baird,E07000062,Hastings,E14001274,Hastings and Rye,false,true,
E05011203,Braybrooke,E07000062,Hastings,E14001274,Hastings and Rye,false,true,
E05011204,Castle,E07000062,Hastings,E14001274,Hastings and Rye,false,true,
E05011205,Central St Leonards,E07000062,Hastings,E14001274,Hastings and Rye,false,true,
E05011206,Conquest,E07000062,Hastings,E14001274,Hastings and Rye,false,true,
E05011207,Gensing,E07000062,Hastings,E14001274,Hastings and Rye,false,true,
E05011208,Hollington,E07000062,Hastings,E14001274,Hastings and Rye,false,true,
E05011209,Maze Hill,E07000062,Hastings,E14001274,Hastings and Rye,false,true,
E05011210,Old Hastings,E07000062,Hastings,E14001274,Hastings and Rye,false,true,
E05011211,Ore,E07000062,Hastings,E14001274,Hastings and Rye,false,true,
E05011212,St Helens,E07000062,Hastings,E14001274,Hastings and Rye,false,true,
E05011213,Silverhill,E07000062,Hastings,E14001274,Hastings and Rye,false,true,
E05011214,Tressell,E07000062,Hastings,E14001274,Hastings and Rye,false,true,
E05011215,West St Leonards,E07000062,Hastings,E14001274,Hastings and Rye,false,true,
E05011216,Wishing Tree,E07000062,Hastings,E14001274,Hastings and Rye,false,true,
E05011217,Barnehurst,E09000004,Bexley,E14001089,Bexleyheath and Crayford,false,true,
E05011218,Belvedere,E09000004,Bexley,E14001229,Erith and Thamesmead,false,true,
E05011219,Bexleyheath,E09000004,Bexley,E14001089,Bexleyheath and Crayford,false,true,
E05011220,Blackfen & Lamorbey,E09000004,Bexley,E14001414,Old Bexley and Sidcup,false,true,
E05011221,Blendon & Penhill,E09000004,Bexley,E14001414,Old Bexley and Sidcup,false,true,
E05011222,Crayford,E09000004,Bexley,E14001089,Bexleyheath and Crayford,false,true,
E05011223,Crook Log,E09000004,Bexley,E14001089,Bexleyheath and Crayford,false,true,
E05011224,East Wickham,E09000004,Bexley,E14001414,Old Bexley and Sidcup,false,true,
E05011225,Erith,E09000004,Bexley,E14001229,Erith and Thamesmead,false,true,
E05011226,Falconwood & Welling,E09000004,Bexley,E14001414,Old Bexley and Sidcup,false,true,
E05011227,Longlands,E09000004,Bexley,E14001414,Old Bexley and Sidcup,false,true,
E05011228,Northumberland Heath,E09000004,Bexley,E14001089,Bexleyheath and Crayford,false,true,
E05011229,St Mary's & St James,E09000004,Bexley,E14001414,Old Bexley and Sidcup,false,true,
E05011230,Sidcup,E09000004,Bexley,E14001414,Old Bexley and Sidcup,false,true,
E05011231,Slade Green & Northend,E09000004,Bexley,E14001089,Bexleyheath and Crayford,false,true,
E05011232,Thamesmead East,E09000004,Bexley,E14001229,Erith and Thamesmead,false,true,
E05011233,West Heath,E09000004,Bexley,E14001089,Bexleyheath and Crayford,false,true,
E05011234,Aldborough,E09000026,Redbridge,E14001300,Ilford North,false,true,
E05011235,Barkingside,E09000026,Redbridge,E14001300,Ilford North,false,true,
E05011236,Bridge,E09000026,Redbridge,E14001167,Chingford and Woodford Green,false,true,
E05011237,Chadwell,E09000026,Redbridge,E14001301,Ilford South,false,true,
E05011238,Churchfields,E09000026,Redbridge,E14001167,Chingford and Woodford Green,false,true,
E05011239,Clayhall,E09000026,Redbridge,E14001300,Ilford North,false,true,
E05011240,Clementswood,E09000026,Redbridge,E14001301,Ilford South,false,true,
E05011241,Cranbrook,E09000026,Redbridge,E14001300,Ilford North,false,true,
E05011242,Fairlop,E09000026,Redbridge,E14001300,Ilford North,false,true,
E05011243,Fullwell,E09000026,Redbridge,E14001300,Ilford North,false,true,
E05011244,Goodmayes,E09000026,Redbridge,E14001301,Ilford South,false,true,
E05011245,Hainault,E09000026,Redbridge,E14001300,Ilford North,false,true,
E05011246,Ilford Town,E09000026,Redbridge,E14001301,Ilford South,false,true,
E05011247,Loxford,E09000026,Redbridge,E14001301,Ilford South,false,true,
E05011248,Mayfield,E09000026,Redbridge,E14001301,Ilford South,false,true,
E05011249,Monkhams,E09000026,Redbridge,E14001167,Chingford and Woodford Green,false,true,
E05011250,Newbury,E09000026,Redbridge,E14001301,Ilford South,false,true,
E05011251,Seven Kings,E09000026,Redbridge,E14001301,Ilford South,false,true,
E05011252,South Woodford,E09000026,Redbridge,E14001334,Leyton and Wanstead,false,true,
E05011253,Valentines,E09000026,Redbridge,E14001300,Ilford North,false,true,
E05011254,Wanstead Park,E09000026,Redbridge,E14001334,Leyton and Wanstead,false,true,
E05011255,Wanstead Village,E09000026,Redbridge,E14001334,Leyton and Wanstead,false,true,
E05011256,Alconbury,E07000011,Huntingdonshire,E14001298,Huntingdon,false,true,
E05011257,Brampton,E07000011,Huntingdonshire,E14001298,Huntingdon,false,true,
E05011258,Buckden,E07000011,Huntingdonshire,E14001298,Huntingdon,false,true,
E05011259,Fenstanton,E07000011,Huntingdonshire,E14001512,St Neots and Mid Cambridgeshire,false,true,
E05011260,Godmanchester & Hemingford Abbots,E07000011,Huntingdonshire,E14001298,Huntingdon,false,true,
E05011261,Great Paxton,E07000011,Huntingdonshire,E14001512,St Neots and Mid Cambridgeshire,false,true,
E05011262,Great Staughton,E07000011,Huntingdonshire,E14001298,Huntingdon,false,true,
E05011263,Hemingford Grey & Houghton,E07000011,Huntingdonshire,E14001298,Huntingdon,false,true,
E05011264,Holywell-cum-Needingworth,E07000011,Huntingdonshire,E14001298,Huntingdon,false,true,
E05011265,Huntingdon East,E07000011,Huntingdonshire,E14001298,Huntingdon,false,true,
E05011266,Huntingdon North,E07000011,Huntingdonshire,E14001298,Huntingdon,false,true,
E05011267,Kimbolton,E07000011,Huntingdonshire,E14001298,Huntingdon,false,true,
E05011268,Ramsey,E07000011,Huntingdonshire,E14001401,North West Cambridgeshire,false,true,
E05011269,St Ives East,E07000011,Huntingdonshire,E14001298,Huntingdon,false,true,
E05011270,St Ives South,E07000011,Huntingdonshire,E14001298,Huntingdon,false,true,
E05011271,St Ives West,E07000011,Huntingdonshire,E14001298,Huntingdon,false,true,
E05011272,St Neots East,E07000011,Huntingdonshire,E14001512,St Neots and Mid Cambridgeshire,false,true,
E05011273,St Neots Eatons,E07000011,Huntingdonshire,E14001512,St Neots and Mid Cambridgeshire,false,true,
E05011274,St Neots Eynesbury,E07000011,Huntingdonshire,E14001512,St Neots and Mid Cambridgeshire,false,true,
E05011275,St Neots Priory Park & Little Paxton,E07000011,Huntingdonshire,E14001512,St Neots and Mid Cambridgeshire,false,true,
E05011276,Sawtry,E07000011,Huntingdonshire,E14001298,Huntingdon,false,true,
E05011277,Somersham,E07000011,Huntingdonshire,E14001298,Huntingdon,false,true,
E05011278,"Stilton, Folksworth & Washingley",E07000011,Huntingdonshire,E14001401,North West Cambridgeshire,false,true,
E05011279,The Stukeleys,E07000011,Huntingdonshire,E14001298,Huntingdon,false,true,
E05011280,Warboys,E07000011,Huntingdonshire,E14001298,Huntingdon,false,true,
E05011281,Yaxley,E07000011,Huntingdonshire,E14001401,North West Cambridgeshire,false,true,
E05011282,Balsham,E07000012,South Cambridgeshire,E14001481,South Cambridgeshire,false,true,
E05011283,Bar Hill,E07000012,South Cambridgeshire,E14001512,St Neots and Mid Cambridgeshire,false,true,
E05011284,Barrington,E07000012,South Cambridgeshire,E14001481,South Cambridgeshire,false,true,
E05011285,Bassingbourn,E07000012,South Cambridgeshire,E14001481,South Cambridgeshire,false,true,
E05011286,Caldecote,E07000012,South Cambridgeshire,E14001512,St Neots and Mid Cambridgeshire,false,true,
E05011289,Cottenham,E07000012,South Cambridgeshire,E14001224,Ely and East Cambridgeshire,false,true,
E05011291,Fen Ditton & Fulbourn,E07000012,South Cambridgeshire,E14001481,South Cambridgeshire,false,true,
E05011292,Foxton,E07000012,South Cambridgeshire,E14001481,South Cambridgeshire,false,true,
E05011293,Gamlingay,E07000012,South Cambridgeshire,E14001481,South Cambridgeshire,false,true,
E05011294,Girton,E07000012,South Cambridgeshire,E14001512,St Neots and Mid Cambridgeshire,false,true,
E05011295,Hardwick,E07000012,South Cambridgeshire,E14001481,South Cambridgeshire,false,true,
E05011296,Harston & Comberton,E07000012,South Cambridgeshire,E14001481,South Cambridgeshire,false,true,
E05011297,Histon & Impington,E07000012,South Cambridgeshire,E14001512,St Neots and Mid Cambridgeshire,false,true,
E05011298,Linton,E07000012,South Cambridgeshire,E14001481,South Cambridgeshire,false,true,
E05011300,Melbourn,E07000012,South Cambridgeshire,E14001481,South Cambridgeshire,false,true,
E05011301,Milton & Waterbeach,E07000012,South Cambridgeshire,E14001224,Ely and East Cambridgeshire,false,true,
E05011304,Shelford,E07000012,South Cambridgeshire,E14001481,South Cambridgeshire,false,true,
E05011305,Swavesey,E07000012,South Cambridgeshire,E14001512,St Neots and Mid Cambridgeshire,false,true,
E05011306,The Mordens,E07000012,South Cambridgeshire,E14001481,South Cambridgeshire,false,true,
E05011307,Whittlesford,E07000012,South Cambridgeshire,E14001481,South Cambridgeshire,false,true,
E05011348,"Adderbury, Bloxham and Bodicote",E07000177,Cherwell,E14001072,Banbury,false,true,
E05011349,Banbury Calthorpe and Easington,E07000177,Cherwell,E14001072,Banbury,false,true,
E05011350,Ancoats & Beswick,E08000003,Manchester,E14001352,Manchester Central,false,true,
E05011351,Ardwick,E08000003,Manchester,E14001353,Manchester Rusholme,false,true,
E05011352,Baguley,E08000003,Manchester,E14001602,Wythenshawe and Sale East,false,true,
E05011353,Brooklands,E08000003,Manchester,E14001602,Wythenshawe and Sale East,false,true,
E05011354,Burnage,E08000003,Manchester,E14001251,Gorton and Denton,false,true,
E05011355,Charlestown,E08000003,Manchester,E14001103,Blackley and Middleton South,false,true,
E05011356,Cheetham,E08000003,Manchester,E14001352,Manchester Central,false,true,
E05011357,Chorlton,E08000003,Manchester,E14001354,Manchester Withington,false,true,
E05011358,Chorlton Park,E08000003,Manchester,E14001354,Manchester Withington,false,true,
E05011359,Clayton & Openshaw,E08000003,Manchester,E14001352,Manchester Central,false,true,
E05011360,Crumpsall,E08000003,Manchester,E14001103,Blackley and Middleton South,false,true,
E05011361,Deansgate,E08000003,Manchester,E14001352,Manchester Central,false,true,
E05011362,Didsbury East,E08000003,Manchester,E14001354,Manchester Withington,false,true,
E05011363,Didsbury West,E08000003,Manchester,E14001354,Manchester Withington,false,true,
E05011364,Fallowfield,E08000003,Manchester,E14001353,Manchester Rusholme,false,true,
E05011365,Gorton & Abbey Hey,E08000003,Manchester,E14001251,Gorton and Denton,false,true,
E05011366,Harpurhey,E08000003,Manchester,E14001103,Blackley and Middleton South,false,true,
E05011367,Higher Blackley,E08000003,Manchester,E14001103,Blackley and Middleton South,false,true,
E05011368,Hulme,E08000003,Manchester,E14001353,Manchester Rusholme,false,true,
E05011369,Levenshulme,E08000003,Manchester,E14001251,Gorton and Denton,false,true,
E05011370,Longsight,E08000003,Manchester,E14001251,Gorton and Denton,false,true,
E05011371,Miles Platting & Newton Heath,E08000003,Manchester,E14001352,Manchester Central,false,true,
E05011372,Moss Side,E08000003,Manchester,E14001353,Manchester Rusholme,false,true,
E05011373,Moston,E08000003,Manchester,E14001103,Blackley and Middleton South,false,true,
E05011374,Northenden,E08000003,Manchester,E14001602,Wythenshawe and Sale East,false,true,
E05011375,Old Moat,E08000003,Manchester,E14001354,Manchester Withington,false,true,
E05011376,Piccadilly,E08000003,Manchester,E14001352,Manchester Central,false,true,
E05011377,Rusholme,E08000003,Manchester,E14001353,Manchester Rusholme,false,true,
E05011378,Sharston,E08000003,Manchester,E14001602,Wythenshawe and Sale East,false,true,
E05011379,Whalley Range,E08000003,Manchester,E14001353,Manchester Rusholme,false,true,
E05011380,Withington,E08000003,Manchester,E14001354,Manchester Withington,false,true,
E05011381,Woodhouse Park,E08000003,Manchester,E14001602,Wythenshawe and Sale East,false,true,
E05011384,Ardsley & Robin Hood,E08000035,Leeds,E14001324,Leeds South West and Morley,false,true,
E05011385,Armley,E08000035,Leeds,E14001325,Leeds West and Pudsey,false,true,
E05011387,Bramley & Stanningley,E08000035,Leeds,E14001325,Leeds West and Pudsey,false,true,
E05011388,Burmantofts & Richmond Hill,E08000035,Leeds,E14001323,Leeds South,false,true,
E05011389,Calverley & Farsley,E08000035,Leeds,E14001325,Leeds West and Pudsey,false,true,
E05011390,Chapel Allerton,E08000035,Leeds,E14001321,Leeds North East,false,true,
E05011391,Cross Gates & Whinmoor,E08000035,Leeds,E14001320,Leeds East,false,true,
E05011394,Gipton & Harehills,E08000035,Leeds,E14001320,Leeds East,false,true,
E05011395,Guiseley & Rawdon,E08000035,Leeds,E14001322,Leeds North West,false,true,
E05011396,Harewood,E08000035,Leeds,E14001582,Wetherby and Easingwold,false,true,
E05011397,Headingley & Hyde Park,E08000035,Leeds,E14001319,Leeds Central and Headingley,false,true,
E05011399,Hunslet & Riverside,E08000035,Leeds,E14001323,Leeds South,false,true,
E05011400,Killingbeck & Seacroft,E08000035,Leeds,E14001320,Leeds East,false,true,
E05011401,Kippax & Methley,E08000035,Leeds,E14001464,Selby,false,true,
E05011402,Kirkstall,E08000035,Leeds,E14001319,Leeds Central and Headingley,false,true,
E05011403,Little London & Woodhouse,E08000035,Leeds,E14001319,Leeds Central and Headingley,false,true,
E05011404,Middleton Park,E08000035,Leeds,E14001323,Leeds South,false,true,
E05011405,Moortown,E08000035,Leeds,E14001321,Leeds North East,false,true,
E05011406,Morley North,E08000035,Leeds,E14001324,Leeds South West and Morley,false,true,
E05011407,Morley South,E08000035,Leeds,E14001324,Leeds South West and Morley,false,true,
E05011409,Pudsey,E08000035,Leeds,E14001325,Leeds West and Pudsey,false,true,
E05011410,Rothwell,E08000035,Leeds,E14001560,Wakefield and Rothwell,false,true,
E05011411,Roundhay,E08000035,Leeds,E14001321,Leeds North East,false,true,
E05011413,Weetwood,E08000035,Leeds,E14001319,Leeds Central and Headingley,false,true,
E05011414,Wetherby,E08000035,Leeds,E14001582,Wetherby and Easingwold,false,true,
E05011415,Audley,E07000195,Newcastle-under-Lyme,E14001380,Newcastle-under-Lyme,false,true,
E05011416,Bradwell,E07000195,Newcastle-under-Lyme,E14001380,Newcastle-under-Lyme,false,true,
E05011417,Clayton,E07000195,Newcastle-under-Lyme,E14001380,Newcastle-under-Lyme,false,true,
E05011418,Crackley & Red Street,E07000195,Newcastle-under-Lyme,E14001380,Newcastle-under-Lyme,false,true,
E05011419,Cross Heath,E07000195,Newcastle-under-Lyme,E14001380,Newcastle-under-Lyme,false,true,
E05011420,Holditch & Chesterton,E07000195,Newcastle-under-Lyme,E14001380,Newcastle-under-Lyme,false,true,
E05011421,Keele,E07000195,Newcastle-under-Lyme,E14001380,Newcastle-under-Lyme,false,true,
E05011422,Kidsgrove & Ravenscliffe,E07000195,Newcastle-under-Lyme,E14001521,Stoke-on-Trent North,false,true,
E05011423,Knutton,E07000195,Newcastle-under-Lyme,E14001380,Newcastle-under-Lyme,false,true,
E05011424,Loggerheads,E07000195,Newcastle-under-Lyme,E14001513,Stafford,false,true,
E05011425,Madeley & Betley,E07000195,Newcastle-under-Lyme,E14001380,Newcastle-under-Lyme,false,true,
E05011426,Maer & Whitmore,E07000195,Newcastle-under-Lyme,E14001513,Stafford,false,true,
E05011427,May Bank,E07000195,Newcastle-under-Lyme,E14001380,Newcastle-under-Lyme,false,true,
E05011428,Newchapel & Mow Cop,E07000195,Newcastle-under-Lyme,E14001521,Stoke-on-Trent North,false,true,
E05011429,Silverdale,E07000195,Newcastle-under-Lyme,E14001380,Newcastle-under-Lyme,false,true,
E05011430,Talke & Butt Lane,E07000195,Newcastle-under-Lyme,E14001521,Stoke-on-Trent North,false,true,
E05011431,Thistleberry,E07000195,Newcastle-under-Lyme,E14001380,Newcastle-under-Lyme,false,true,
E05011432,Town,E07000195,Newcastle-under-Lyme,E14001380,Newcastle-under-Lyme,false,true,
E05011433,Westbury Park & Northwood,E07000195,Newcastle-under-Lyme,E14001380,Newcastle-under-Lyme,false,true,
E05011434,Westlands,E07000195,Newcastle-under-Lyme,E14001380,Newcastle-under-Lyme,false,true,
E05011435,Wolstanton,E07000195,Newcastle-under-Lyme,E14001380,Newcastle-under-Lyme,false,true,
E05011436,Arthur's Hill,E08000021,Newcastle upon Tyne,E14001377,Newcastle upon Tyne Central and West,false,true,
E05011437,Benwell & Scotswood,E08000021,Newcastle upon Tyne,E14001377,Newcastle upon Tyne Central and West,false,true,
E05011438,Blakelaw,E08000021,Newcastle upon Tyne,E14001377,Newcastle upon Tyne Central and West,false,true,
E05011439,Byker,E08000021,Newcastle upon Tyne,E14001378,Newcastle upon Tyne East and Wallsend,false,true,
E05011440,Callerton & Throckley,E08000021,Newcastle upon Tyne,E14001285,Hexham,false,true,
E05011441,Castle,E08000021,Newcastle upon Tyne,E14001183,Cramlington and Killingworth,true,,
E05011441,Castle,E08000021,Newcastle upon Tyne,E14001379,Newcastle upon Tyne North,true,,
E05011442,Chapel,E08000021,Newcastle upon Tyne,E14001377,Newcastle upon Tyne Central and West,false,true,
E05011443,Dene & South Gosforth,E08000021,Newcastle upon Tyne,E14001379,Newcastle upon Tyne North,false,true,
E05011444,Denton & Westerhope,E08000021,Newcastle upon Tyne,E14001377,Newcastle upon Tyne Central and West,false,true,
E05011445,Elswick,E08000021,Newcastle upon Tyne,E14001377,Newcastle upon Tyne Central and West,false,true,
E05011446,Fawdon & West Gosforth,E08000021,Newcastle upon Tyne,E14001379,Newcastle upon Tyne North,false,true,
E05011447,Gosforth,E08000021,Newcastle upon Tyne,E14001379,Newcastle upon Tyne North,false,true,
E05011448,Heaton,E08000021,Newcastle upon Tyne,E14001378,Newcastle upon Tyne East and Wallsend,false,true,
E05011449,Kenton,E08000021,Newcastle upon Tyne,E14001379,Newcastle upon Tyne North,false,true,
E05011450,Kingston Park South & Newbiggin Hall,E08000021,Newcastle upon Tyne,E14001377,Newcastle upon Tyne Central and West,true,,
E05011450,Kingston Park South & Newbiggin Hall,E08000021,Newcastle upon Tyne,E14001379,Newcastle upon Tyne North,true,,
E05011451,Lemington,E08000021,Newcastle upon Tyne,E14001377,Newcastle upon Tyne Central and West,false,true,
E05011452,Manor Park,E08000021,Newcastle upon Tyne,E14001378,Newcastle upon Tyne East and Wallsend,false,true,
E05011453,Monument,E08000021,Newcastle upon Tyne,E14001377,Newcastle upon Tyne Central and West,false,true,
E05011454,North Jesmond,E08000021,Newcastle upon Tyne,E14001379,Newcastle upon Tyne North,false,true,
E05011455,Ouseburn,E08000021,Newcastle upon Tyne,E14001378,Newcastle upon Tyne East and Wallsend,false,true,
E05011456,Parklands,E08000021,Newcastle upon Tyne,E14001379,Newcastle upon Tyne North,false,true,
E05011457,South Jesmond,E08000021,Newcastle upon Tyne,E14001379,Newcastle upon Tyne North,false,true,
E05011458,Walker,E08000021,Newcastle upon Tyne,E14001378,Newcastle upon Tyne East and Wallsend,false,true,
E05011459,Walkergate,E08000021,Newcastle upon Tyne,E14001378,Newcastle upon Tyne East and Wallsend,false,true,
E05011460,West Fenham,E08000021,Newcastle upon Tyne,E14001377,Newcastle upon Tyne Central and West,false,true,
E05011461,Wingrove,E08000021,Newcastle upon Tyne,E14001377,Newcastle upon Tyne Central and West,false,true,
E05011462,Addiscombe East,E09000008,Croydon,E14001186,Croydon East,false,true,
E05011463,Addiscombe West,E09000008,Croydon,E14001186,Croydon East,false,true,
E05011464,Bensham Manor,E09000008,Croydon,E14001188,Croydon West,false,true,
E05011465,Broad Green,E09000008,Croydon,E14001188,Croydon West,false,true,
E05011466,Coulsdon Town,E09000008,Croydon,E14001187,Croydon South,false,true,
E05011467,Crystal Palace & Upper Norwood,E09000008,Croydon,E14001527,Streatham and Croydon North,false,true,
E05011468,Fairfield,E09000008,Croydon,E14001188,Croydon West,false,true,
E05011469,Kenley,E09000008,Croydon,E14001187,Croydon South,false,true,
E05011470,New Addington North,E09000008,Croydon,E14001186,Croydon East,false,true,
E05011471,New Addington South,E09000008,Croydon,E14001186,Croydon East,false,true,
E05011472,Norbury & Pollards Hill,E09000008,Croydon,E14001527,Streatham and Croydon North,false,true,
E05011473,Norbury Park,E09000008,Croydon,E14001527,Streatham and Croydon North,false,true,
E05011474,Old Coulsdon,E09000008,Croydon,E14001187,Croydon South,false,true,
E05011475,Park Hill & Whitgift,E09000008,Croydon,E14001187,Croydon South,false,true,
E05011476,Purley & Woodcote,E09000008,Croydon,E14001187,Croydon South,false,true,
E05011477,Purley Oaks & Riddlesdown,E09000008,Croydon,E14001187,Croydon South,false,true,
E05011478,Sanderstead,E09000008,Croydon,E14001187,Croydon South,false,true,
E05011479,Selhurst,E09000008,Croydon,E14001188,Croydon West,false,true,
E05011480,Selsdon & Addington Village,E09000008,Croydon,E14001186,Croydon East,false,true,
E05011481,Selsdon Vale & Forestdale,E09000008,Croydon,E14001186,Croydon East,false,true,
E05011482,Shirley North,E09000008,Croydon,E14001186,Croydon East,false,true,
E05011483,Shirley South,E09000008,Croydon,E14001186,Croydon East,false,true,
E05011484,South Croydon,E09000008,Croydon,E14001187,Croydon South,false,true,
E05011485,South Norwood,E09000008,Croydon,E14001188,Croydon West,false,true,
E05011486,Thornton Heath,E09000008,Croydon,E14001527,Streatham and Croydon North,false,true,
E05011487,Waddon,E09000008,Croydon,E14001188,Croydon West,false,true,
E05011488,West Thornton,E09000008,Croydon,E14001188,Croydon West,false,true,
E05011489,Woodside,E09000008,Croydon,E14001186,Croydon East,true,true,1.8726
E05011489,Woodside,E09000008,Croydon,E14001188,Croydon West,true,false,0.2784
E05011508,Audley & Queen's Park,E06000008,Blackburn with Darwen,E14001102,Blackburn,false,true,
E05011509,Bastwell & Daisyfield,E06000008,Blackburn with Darwen,E14001102,Blackburn,false,true,
E05011510,Billinge & Beardwood,E06000008,Blackburn with Darwen,E14001102,Blackburn,false,true,
E05011511,Blackburn Central,E06000008,Blackburn with Darwen,E14001102,Blackburn,false,true,
E05011512,Blackburn South & Lower Darwen,E06000008,Blackburn with Darwen,E14001450,Rossendale and Darwen,false,true,
E05011513,Blackburn South East,E06000008,Blackburn with Darwen,E14001102,Blackburn,false,true,
E05011514,Darwen East,E06000008,Blackburn with Darwen,E14001450,Rossendale and Darwen,false,true,
E05011515,Darwen South,E06000008,Blackburn with Darwen,E14001450,Rossendale and Darwen,false,true,
E05011516,Darwen West,E06000008,Blackburn with Darwen,E14001450,Rossendale and Darwen,false,true,
E05011517,Ewood,E06000008,Blackburn with Darwen,E14001102,Blackburn,false,true,
E05011518,Little Harwood & Whitebirk,E06000008,Blackburn with Darwen,E14001102,Blackburn,false,true,
E05011519,Livesey with Pleasington,E06000008,Blackburn with Darwen,E14001102,Blackburn,false,true,
E05011520,Mill Hill & Moorgate,E06000008,Blackburn with Darwen,E14001102,Blackburn,false,true,
E05011521,Roe Lee,E06000008,Blackburn with Darwen,E14001102,Blackburn,false,true,
E05011522,Shear Brow & Corporation Park,E06000008,Blackburn with Darwen,E14001102,Blackburn,false,true,
E05011523,Wensley Fold,E06000008,Blackburn with Darwen,E14001102,Blackburn,false,true,
E05011524,West Pennine,E06000008,Blackburn with Darwen,E14001450,Rossendale and Darwen,false,true,
E05011525,Avenue,E06000010,"Kingston upon Hull, City of",E14001314,Kingston upon Hull North and Cottingham,false,true,
E05011526,Beverley & Newland,E06000010,"Kingston upon Hull, City of",E14001314,Kingston upon Hull North and Cottingham,false,true,
E05011527,Boothferry,E06000010,"Kingston upon Hull, City of",E14001315,Kingston upon Hull West and Haltemprice,false,true,
E05011528,Bricknell,E06000010,"Kingston upon Hull, City of",E14001314,Kingston upon Hull North and Cottingham,false,true,
E05011529,Central,E06000010,"Kingston upon Hull, City of",E14001314,Kingston upon Hull North and Cottingham,false,true,
E05011530,Derringham,E06000010,"Kingston upon Hull, City of",E14001315,Kingston upon Hull West and Haltemprice,false,true,
E05011531,Drypool,E06000010,"Kingston upon Hull, City of",E14001313,Kingston upon Hull East,false,true,
E05011532,Holderness,E06000010,"Kingston upon Hull, City of",E14001313,Kingston upon Hull East,false,true,
E05011533,Ings,E06000010,"Kingston upon Hull, City of",E14001313,Kingston upon Hull East,false,true,
E05011534,Kingswood,E06000010,"Kingston upon Hull, City of",E14001314,Kingston upon Hull North and Cottingham,false,true,
E05011535,Longhill & Bilton Grange,E06000010,"Kingston upon Hull, City of",E14001313,Kingston upon Hull East,false,true,
E05011536,Marfleet,E06000010,"Kingston upon Hull, City of",E14001313,Kingston upon Hull East,false,true,
E05011537,Newington & Gipsyville,E06000010,"Kingston upon Hull, City of",E14001315,Kingston upon Hull West and Haltemprice,false,true,
E05011538,North Carr,E06000010,"Kingston upon Hull, City of",E14001313,Kingston upon Hull East,false,true,
E05011539,Orchard Park,E06000010,"Kingston upon Hull, City of",E14001314,Kingston upon Hull North and Cottingham,false,true,
E05011540,Pickering,E06000010,"Kingston upon Hull, City of",E14001315,Kingston upon Hull West and Haltemprice,false,true,
E05011541,St Andrew's & Docklands,E06000010,"Kingston upon Hull, City of",E14001315,Kingston upon Hull West and Haltemprice,false,true,
E05011542,Southcoates,E06000010,"Kingston upon Hull, City of",E14001313,Kingston upon Hull East,false,true,
E05011543,Sutton,E06000010,"Kingston upon Hull, City of",E14001313,Kingston upon Hull East,false,true,
E05011544,University,E06000010,"Kingston upon Hull, City of",E14001314,Kingston upon Hull North and Cottingham,false,true,
E05011545,West Carr,E06000010,"Kingston upon Hull, City of",E14001314,Kingston upon Hull North and Cottingham,false,true,
E05011547,Horsforth,E08000035,Leeds,E14001322,Leeds North West,false,true,
E05011549,Otley & Yeadon,E08000035,Leeds,E14001322,Leeds North West,false,true,
E05011552,Balderton North & Coddington,E07000175,Newark and Sherwood,E14001375,Newark,false,true,
E05011553,Beacon,E07000175,Newark and Sherwood,E14001375,Newark,false,true,
E05011554,Castle,E07000175,Newark and Sherwood,E14001375,Newark,false,true,
E05011555,Farndon & Fernwood,E07000175,Newark and Sherwood,E14001375,Newark,false,true,
E05011558,"Brasted, Chevening and Sundridge",E07000111,Sevenoaks,E14001465,Sevenoaks,false,true,
E05011559,Seal and Weald,E07000111,Sevenoaks,E14001465,Sevenoaks,false,true,
E05011561,Burwell,E07000009,East Cambridgeshire,E14001224,Ely and East Cambridgeshire,false,true,
E05011562,Downham Villages,E07000009,East Cambridgeshire,E14001224,Ely and East Cambridgeshire,false,true,
E05011563,Ely East,E07000009,East Cambridgeshire,E14001224,Ely and East Cambridgeshire,false,true,
E05011564,Ely North,E07000009,East Cambridgeshire,E14001224,Ely and East Cambridgeshire,false,true,
E05011565,Ely West,E07000009,East Cambridgeshire,E14001224,Ely and East Cambridgeshire,false,true,
E05011566,Fordham & Isleham,E07000009,East Cambridgeshire,E14001224,Ely and East Cambridgeshire,false,true,
E05011567,Haddenham,E07000009,East Cambridgeshire,E14001224,Ely and East Cambridgeshire,false,true,
E05011568,Littleport,E07000009,East Cambridgeshire,E14001224,Ely and East Cambridgeshire,false,true,
E05011569,Soham North,E07000009,East Cambridgeshire,E14001224,Ely and East Cambridgeshire,false,true,
E05011570,Soham South,E07000009,East Cambridgeshire,E14001224,Ely and East Cambridgeshire,false,true,
E05011571,Stretham,E07000009,East Cambridgeshire,E14001224,Ely and East Cambridgeshire,false,true,
E05011572,Sutton,E07000009,East Cambridgeshire,E14001224,Ely and East Cambridgeshire,false,true,
E05011574,Devonshire,E07000061,Eastbourne,E14001219,Eastbourne,false,true,
E05011575,Hampden Park,E07000061,Eastbourne,E14001219,Eastbourne,false,true,
E05011576,Langney,E07000061,Eastbourne,E14001219,Eastbourne,false,true,
E05011577,Meads,E07000061,Eastbourne,E14001219,Eastbourne,false,true,
E05011578,Old Town,E07000061,Eastbourne,E14001219,Eastbourne,false,true,
E05011579,Ratton,E07000061,Eastbourne,E14001219,Eastbourne,false,true,
E05011580,St Anthony's,E07000061,Eastbourne,E14001219,Eastbourne,false,true,
E05011581,Sovereign,E07000061,Eastbourne,E14001219,Eastbourne,false,true,
E05011582,Upperton,E07000061,Eastbourne,E14001219,Eastbourne,false,true,
E05011583,"Chailey, Barcombe & Hamsey",E07000063,Lewes,E14001212,East Grinstead and Uckfield,false,true,
E05011584,Ditchling & Westmeston,E07000063,Lewes,E14001330,Lewes,false,true,
E05011585,East Saltdean & Telscombe Cliffs,E07000063,Lewes,E14001129,Brighton Kemptown and Peacehaven,false,true,
E05011586,Kingston,E07000063,Lewes,E14001330,Lewes,false,true,
E05011587,Lewes Bridge,E07000063,Lewes,E14001330,Lewes,false,true,
E05011588,Lewes Castle,E07000063,Lewes,E14001330,Lewes,false,true,
E05011589,Lewes Priory,E07000063,Lewes,E14001330,Lewes,false,true,
E05011590,Newhaven North,E07000063,Lewes,E14001330,Lewes,false,true,
E05011591,Newhaven South,E07000063,Lewes,E14001330,Lewes,false,true,
E05011592,Newick,E07000063,Lewes,E14001212,East Grinstead and Uckfield,false,true,
E05011593,Ouse Valley & Ringmer,E07000063,Lewes,E14001330,Lewes,false,true,
E05011594,Peacehaven East,E07000063,Lewes,E14001129,Brighton Kemptown and Peacehaven,false,true,
E05011595,Peacehaven North,E07000063,Lewes,E14001129,Brighton Kemptown and Peacehaven,false,true,
E05011596,Peacehaven West,E07000063,Lewes,E14001129,Brighton Kemptown and Peacehaven,false,true,
E05011597,"Plumpton, Streat, East Chiltington & St John",E07000063,Lewes,E14001330,Lewes,false,true,
E05011598,Seaford Central,E07000063,Lewes,E14001330,Lewes,false,true,
E05011599,Seaford East,E07000063,Lewes,E14001330,Lewes,false,true,
E05011600,Seaford North,E07000063,Lewes,E14001330,Lewes,false,true,
E05011601,Seaford South,E07000063,Lewes,E14001330,Lewes,false,true,
E05011602,Seaford West,E07000063,Lewes,E14001330,Lewes,false,true,
E05011603,Wivelsfield,E07000063,Lewes,E14001212,East Grinstead and Uckfield,false,true,
E05011604,Bexhill Central,E07000064,Rother,E14001088,Bexhill and Battle,false,true,
E05011605,Bexhill Collington,E07000064,Rother,E14001088,Bexhill and Battle,false,true,
E05011606,Bexhill Kewhurst,E07000064,Rother,E14001088,Bexhill and Battle,false,true,
E05011607,Bexhill Old Town & Worsham,E07000064,Rother,E14001088,Bexhill and Battle,false,true,
E05011608,Bexhill Pebsham & St Michaels,E07000064,Rother,E14001088,Bexhill and Battle,false,true,
E05011609,Bexhill Sackville,E07000064,Rother,E14001088,Bexhill and Battle,false,true,
E05011610,Bexhill Sidley,E07000064,Rother,E14001088,Bexhill and Battle,false,true,
E05011611,Bexhill St Marks,E07000064,Rother,E14001088,Bexhill and Battle,false,true,
E05011612,Bexhill St Stephens,E07000064,Rother,E14001088,Bexhill and Battle,false,true,
E05011613,Brede & Udimore,E07000064,Rother,E14001088,Bexhill and Battle,false,true,
E05011614,Burwash & the Weald,E07000064,Rother,E14001088,Bexhill and Battle,false,true,
E05011615,Catsfield & Crowhurst,E07000064,Rother,E14001088,Bexhill and Battle,false,true,
E05011616,Eastern Rother,E07000064,Rother,E14001274,Hastings and Rye,false,true,
E05011617,Hurst Green & Ticehurst,E07000064,Rother,E14001088,Bexhill and Battle,false,true,
E05011618,"North Battle, Netherfield & Whatlington",E07000064,Rother,E14001088,Bexhill and Battle,false,true,
E05011619,Northern Rother,E07000064,Rother,E14001088,Bexhill and Battle,false,true,
E05011620,Robertsbridge,E07000064,Rother,E14001088,Bexhill and Battle,false,true,
E05011621,Rye & Winchelsea,E07000064,Rother,E14001274,Hastings and Rye,false,true,
E05011622,Sedlescombe & Westfield,E07000064,Rother,E14001088,Bexhill and Battle,false,true,
E05011623,South Battle & Telham,E07000064,Rother,E14001088,Bexhill and Battle,false,true,
E05011624,Southern Rother,E07000064,Rother,E14001274,Hastings and Rye,false,true,
E05011625,Arlington,E07000065,Wealden,E14001330,Lewes,false,true,
E05011626,Buxted,E07000065,Wealden,E14001212,East Grinstead and Uckfield,false,true,
E05011627,"Chiddingly, East Hoathly & Waldron",E07000065,Wealden,E14001533,Sussex Weald,false,true,
E05011628,Crowborough Central,E07000065,Wealden,E14001533,Sussex Weald,false,true,
E05011629,Crowborough Jarvis Brook,E07000065,Wealden,E14001533,Sussex Weald,false,true,
E05011630,Crowborough North,E07000065,Wealden,E14001533,Sussex Weald,false,true,
E05011631,Crowborough South East,E07000065,Wealden,E14001533,Sussex Weald,false,true,
E05011632,Crowborough South West,E07000065,Wealden,E14001533,Sussex Weald,false,true,
E05011633,Crowborough St Johns,E07000065,Wealden,E14001533,Sussex Weald,false,true,
E05011634,Danehill & Fletching,E07000065,Wealden,E14001212,East Grinstead and Uckfield,false,true,
E05011635,Forest Row,E07000065,Wealden,E14001212,East Grinstead and Uckfield,false,true,
E05011636,Framfield & Cross-in-Hand,E07000065,Wealden,E14001533,Sussex Weald,false,true,
E05011637,Frant & Wadhurst,E07000065,Wealden,E14001533,Sussex Weald,false,true,
E05011638,Hadlow Down & Rotherfield,E07000065,Wealden,E14001533,Sussex Weald,false,true,
E05011639,Hailsham Central,E07000065,Wealden,E14001533,Sussex Weald,false,true,
E05011640,Hailsham East,E07000065,Wealden,E14001533,Sussex Weald,false,true,
E05011641,Hailsham North,E07000065,Wealden,E14001533,Sussex Weald,false,true,
E05011642,Hailsham North West,E07000065,Wealden,E14001533,Sussex Weald,false,true,
E05011643,Hailsham South,E07000065,Wealden,E14001533,Sussex Weald,false,true,
E05011644,Hailsham West,E07000065,Wealden,E14001533,Sussex Weald,false,true,
E05011645,Hartfield,E07000065,Wealden,E14001533,Sussex Weald,false,true,
E05011646,Heathfield North,E07000065,Wealden,E14001533,Sussex Weald,false,true,
E05011647,Heathfield South,E07000065,Wealden,E14001533,Sussex Weald,false,true,
E05011648,Hellingly,E07000065,Wealden,E14001533,Sussex Weald,false,true,
E05011649,Herstmonceux & Pevensey Levels,E07000065,Wealden,E14001088,Bexhill and Battle,false,true,
E05011650,Horam & Punnetts Town,E07000065,Wealden,E14001533,Sussex Weald,false,true,
E05011651,Lower Willingdon,E07000065,Wealden,E14001330,Lewes,false,true,
E05011652,Maresfield,E07000065,Wealden,E14001212,East Grinstead and Uckfield,false,true,
E05011653,Mayfield & Five Ashes,E07000065,Wealden,E14001533,Sussex Weald,false,true,
E05011654,Pevensey Bay,E07000065,Wealden,E14001088,Bexhill and Battle,false,true,
E05011655,Polegate Central,E07000065,Wealden,E14001330,Lewes,false,true,
E05011656,Polegate North,E07000065,Wealden,E14001330,Lewes,false,true,
E05011657,Polegate South & Willingdon Watermill,E07000065,Wealden,E14001330,Lewes,false,true,
E05011658,South Downs,E07000065,Wealden,E14001330,Lewes,false,true,
E05011659,Stone Cross,E07000065,Wealden,E14001330,Lewes,false,true,
E05011660,Uckfield East,E07000065,Wealden,E14001212,East Grinstead and Uckfield,false,true,
E05011661,Uckfield New Town,E07000065,Wealden,E14001212,East Grinstead and Uckfield,false,true,
E05011662,Uckfield North,E07000065,Wealden,E14001212,East Grinstead and Uckfield,false,true,
E05011663,Uckfield Ridgewood & Little Horsted,E07000065,Wealden,E14001212,East Grinstead and Uckfield,false,true,
E05011664,Upper Willingdon,E07000065,Wealden,E14001330,Lewes,false,true,
E05011665,Withyham,E07000065,Wealden,E14001533,Sussex Weald,false,true,
E05011666,Chichester Central,E07000225,Chichester,E14001166,Chichester,false,true,
E05011667,Chichester East,E07000225,Chichester,E14001166,Chichester,false,true,
E05011668,Chichester North,E07000225,Chichester,E14001166,Chichester,false,true,
E05011669,Chichester South,E07000225,Chichester,E14001166,Chichester,false,true,
E05011670,Chichester West,E07000225,Chichester,E14001166,Chichester,false,true,
E05011671,Easebourne,E07000225,Chichester,E14001067,Arundel and South Downs,false,true,
E05011672,Fernhurst,E07000225,Chichester,E14001067,Arundel and South Downs,false,true,
E05011673,Fittleworth,E07000225,Chichester,E14001067,Arundel and South Downs,false,true,
E05011674,Goodwood,E07000225,Chichester,E14001067,Arundel and South Downs,true,true,57.759
E05011674,Goodwood,E07000225,Chichester,E14001166,Chichester,true,false,33.6241
E05011675,Harbour Villages,E07000225,Chichester,E14001166,Chichester,false,true,
E05011676,Harting,E07000225,Chichester,E14001067,Arundel and South Downs,false,true,
E05011677,Lavant,E07000225,Chichester,E14001166,Chichester,false,true,
E05011678,Loxwood,E07000225,Chichester,E14001067,Arundel and South Downs,false,true,
E05011679,Midhurst,E07000225,Chichester,E14001067,Arundel and South Downs,false,true,
E05011680,North Mundham & Tangmere,E07000225,Chichester,E14001166,Chichester,false,true,
E05011681,Petworth,E07000225,Chichester,E14001067,Arundel and South Downs,false,true,
E05011682,Selsey South,E07000225,Chichester,E14001166,Chichester,false,true,
E05011683,Sidlesham with Selsey North,E07000225,Chichester,E14001166,Chichester,false,true,
E05011684,Southbourne,E07000225,Chichester,E14001166,Chichester,false,true,
E05011685,The Witterings,E07000225,Chichester,E14001166,Chichester,false,true,
E05011686,Westbourne,E07000225,Chichester,E14001166,Chichester,false,true,
E05011701,Cholsey,E07000179,South Oxfordshire,E14001197,Didcot and Wantage,false,true,
E05011702,Didcot North East,E07000179,South Oxfordshire,E14001197,Didcot and Wantage,false,true,
E05011703,Didcot South,E07000179,South Oxfordshire,E14001197,Didcot and Wantage,false,true,
E05011704,Forest Hill & Holton,E07000179,South Oxfordshire,E14001280,Henley and Thame,false,true,
E05011705,Haseley Brook,E07000179,South Oxfordshire,E14001280,Henley and Thame,false,true,
E05011707,Kidmore End & Whitchurch,E07000179,South Oxfordshire,E14001280,Henley and Thame,false,true,
E05011708,Sandford & the Wittenhams,E07000179,South Oxfordshire,E14001197,Didcot and Wantage,false,true,
E05011710,Wallingford,E07000179,South Oxfordshire,E14001197,Didcot and Wantage,false,true,
E05011711,Wheatley,E07000179,South Oxfordshire,E14001280,Henley and Thame,false,true,
E05011713,Blewbury & Harwell,E07000180,Vale of White Horse,E14001197,Didcot and Wantage,false,true,
E05011714,Cumnor,E07000180,Vale of White Horse,E14001420,Oxford West and Abingdon,false,true,
E05011715,Drayton,E07000180,Vale of White Horse,E14001197,Didcot and Wantage,false,true,
E05011717,Sutton Courtenay,E07000180,Vale of White Horse,E14001197,Didcot and Wantage,false,true,
E05011718,Thames,E07000180,Vale of White Horse,E14001591,Witney,false,true,
E05011719,Wootton,E07000180,Vale of White Horse,E14001420,Oxford West and Abingdon,false,true,
E05011743,Aylesford & East Stour,E07000105,Ashford,E14001069,Ashford,false,true,
E05011744,Beaver,E07000105,Ashford,E14001069,Ashford,false,true,
E05011745,Biddenden,E07000105,Ashford,E14001570,Weald of Kent,false,true,
E05011746,Bircholt,E07000105,Ashford,E14001069,Ashford,false,true,
E05011747,Bockhanger,E07000105,Ashford,E14001069,Ashford,false,true,
E05011748,Bybrook,E07000105,Ashford,E14001069,Ashford,false,true,
E05011749,Charing,E07000105,Ashford,E14001570,Weald of Kent,false,true,
E05011750,Conningbrook & Little Burton Farm,E07000105,Ashford,E14001069,Ashford,false,true,
E05011751,Downs North,E07000105,Ashford,E14001570,Weald of Kent,false,true,
E05011753,Furley,E07000105,Ashford,E14001069,Ashford,false,true,
E05011755,Godinton,E07000105,Ashford,E14001069,Ashford,false,true,
E05011756,Highfield,E07000105,Ashford,E14001069,Ashford,false,true,
E05011757,Isle of Oxney,E07000105,Ashford,E14001570,Weald of Kent,false,true,
E05011758,Kennington,E07000105,Ashford,E14001069,Ashford,false,true,
E05011759,Kingsnorth Village & Bridgefield,E07000105,Ashford,E14001570,Weald of Kent,false,true,
E05011760,"Mersham, Sevington South with Finberry",E07000105,Ashford,E14001069,Ashford,false,true,
E05011761,Norman,E07000105,Ashford,E14001069,Ashford,false,true,
E05011762,Park Farm North,E07000105,Ashford,E14001069,Ashford,false,true,
E05011763,Park Farm South,E07000105,Ashford,E14001069,Ashford,false,true,
E05011764,Repton,E07000105,Ashford,E14001069,Ashford,false,true,
E05011765,Rolvenden & Tenterden West,E07000105,Ashford,E14001570,Weald of Kent,false,true,
E05011766,Roman,E07000105,Ashford,E14001069,Ashford,false,true,
E05011767,Saxon Shore,E07000105,Ashford,E14001570,Weald of Kent,false,true,
E05011768,Singleton East,E07000105,Ashford,E14001069,Ashford,false,true,
E05011769,Singleton West,E07000105,Ashford,E14001069,Ashford,false,true,
E05011770,Stanhope,E07000105,Ashford,E14001069,Ashford,false,true,
E05011771,Tenterden North,E07000105,Ashford,E14001570,Weald of Kent,false,true,
E05011772,Tenterden South,E07000105,Ashford,E14001570,Weald of Kent,false,true,
E05011773,Tenterden St Michael's,E07000105,Ashford,E14001570,Weald of Kent,false,true,
E05011774,Upper Weald,E07000105,Ashford,E14001570,Weald of Kent,false,true,
E05011775,Victoria,E07000105,Ashford,E14001069,Ashford,false,true,
E05011776,Washford,E07000105,Ashford,E14001069,Ashford,false,true,
E05011777,Weald Central,E07000105,Ashford,E14001570,Weald of Kent,false,true,
E05011778,Weald North,E07000105,Ashford,E14001570,Weald of Kent,false,true,
E05011779,Weald South,E07000105,Ashford,E14001570,Weald of Kent,false,true,
E05011780,Willesborough,E07000105,Ashford,E14001069,Ashford,false,true,
E05011781,Wye with Hinxhill,E07000105,Ashford,E14001069,Ashford,false,true,
E05011782,Axminster,E07000040,East Devon,E14001291,Honiton and Sidmouth,false,true,
E05011783,Beer & Branscombe,E07000040,East Devon,E14001291,Honiton and Sidmouth,false,true,
E05011784,Broadclyst,E07000040,East Devon,E14001232,Exmouth and Exeter East,false,true,
E05011785,Budleigh & Raleigh,E07000040,East Devon,E14001232,Exmouth and Exeter East,false,true,
E05011786,Clyst Valley,E07000040,East Devon,E14001232,Exmouth and Exeter East,false,true,
E05011787,Coly Valley,E07000040,East Devon,E14001291,Honiton and Sidmouth,false,true,
E05011788,Cranbrook,E07000040,East Devon,E14001232,Exmouth and Exeter East,false,true,
E05011789,Dunkeswell & Otterhead,E07000040,East Devon,E14001291,Honiton and Sidmouth,false,true,
E05011790,Exe Valley,E07000040,East Devon,E14001232,Exmouth and Exeter East,false,true,
E05011791,Exmouth Brixington,E07000040,East Devon,E14001232,Exmouth and Exeter East,false,true,
E05011792,Exmouth Halsdon,E07000040,East Devon,E14001232,Exmouth and Exeter East,false,true,
E05011793,Exmouth Littleham,E07000040,East Devon,E14001232,Exmouth and Exeter East,false,true,
E05011794,Exmouth Town,E07000040,East Devon,E14001232,Exmouth and Exeter East,false,true,
E05011795,Exmouth Withycombe Raleigh,E07000040,East Devon,E14001232,Exmouth and Exeter East,false,true,
E05011796,Feniton,E07000040,East Devon,E14001291,Honiton and Sidmouth,false,true,
E05011797,Honiton St Michael's,E07000040,East Devon,E14001291,Honiton and Sidmouth,false,true,
E05011798,Honiton St Paul's,E07000040,East Devon,E14001291,Honiton and Sidmouth,false,true,
E05011799,Newbridges,E07000040,East Devon,E14001291,Honiton and Sidmouth,false,true,
E05011800,Newton Poppleford & Harpford,E07000040,East Devon,E14001291,Honiton and Sidmouth,false,true,
E05011801,Ottery St Mary,E07000040,East Devon,E14001291,Honiton and Sidmouth,false,true,
E05011802,Seaton,E07000040,East Devon,E14001291,Honiton and Sidmouth,false,true,
E05011803,Sidmouth Rural,E07000040,East Devon,E14001291,Honiton and Sidmouth,false,true,
E05011804,Sidmouth Sidford,E07000040,East Devon,E14001291,Honiton and Sidmouth,false,true,
E05011805,Sidmouth Town,E07000040,East Devon,E14001291,Honiton and Sidmouth,false,true,
E05011806,Tale Vale,E07000040,East Devon,E14001291,Honiton and Sidmouth,false,true,
E05011807,Trinity,E07000040,East Devon,E14001291,Honiton and Sidmouth,false,true,
E05011808,West Hill & Aylesbeare,E07000040,East Devon,E14001291,Honiton and Sidmouth,false,true,
E05011809,Whimple & Rockbeare,E07000040,East Devon,E14001232,Exmouth and Exeter East,false,true,
E05011810,Woodbury & Lympstone,E07000040,East Devon,E14001232,Exmouth and Exeter East,false,true,
E05011811,Yarty,E07000040,East Devon,E14001291,Honiton and Sidmouth,false,true,
E05011812,Billingshurst,E07000227,Horsham,E14001294,Horsham,false,true,
E05011813,"Bramber, Upper Beeding & Woodmancote",E07000227,Horsham,E14001067,Arundel and South Downs,false,true,
E05011814,Broadbridge Heath,E07000227,Horsham,E14001294,Horsham,false,true,
E05011815,Colgate & Rusper,E07000227,Horsham,E14001294,Horsham,false,true,
E05011816,"Cowfold, Shermanbury & West Grinstead",E07000227,Horsham,E14001294,Horsham,false,true,
E05011817,Denne,E07000227,Horsham,E14001294,Horsham,false,true,
E05011818,Forest,E07000227,Horsham,E14001294,Horsham,false,true,
E05011819,Henfield,E07000227,Horsham,E14001067,Arundel and South Downs,false,true,
E05011820,Holbrook East,E07000227,Horsham,E14001294,Horsham,false,true,
E05011821,Holbrook West,E07000227,Horsham,E14001294,Horsham,false,true,
E05011822,"Itchingfield, Slinfold & Warnham",E07000227,Horsham,E14001294,Horsham,false,true,
E05011823,Nuthurst & Lower Beeding,E07000227,Horsham,E14001294,Horsham,false,true,
E05011824,"Pulborough, Coldwaltham & Amberley",E07000227,Horsham,E14001067,Arundel and South Downs,false,true,
E05011825,Roffey North,E07000227,Horsham,E14001294,Horsham,false,true,
E05011826,Roffey South,E07000227,Horsham,E14001294,Horsham,false,true,
E05011827,Rudgwick,E07000227,Horsham,E14001294,Horsham,false,true,
E05011828,Southwater North,E07000227,Horsham,E14001294,Horsham,false,true,
E05011829,Southwater South & Shipley,E07000227,Horsham,E14001294,Horsham,false,true,
E05011830,Steyning & Ashurst,E07000227,Horsham,E14001067,Arundel and South Downs,false,true,
E05011831,Storrington & Washington,E07000227,Horsham,E14001067,Arundel and South Downs,false,true,
E05011832,Trafalgar,E07000227,Horsham,E14001294,Horsham,false,true,
E05011833,"West Chiltington, Thakeham & Ashington",E07000227,Horsham,E14001067,Arundel and South Downs,false,true,
E05011834,Bacton,E07000147,North Norfolk,E14001396,North Norfolk,false,true,
E05011835,Beeston Regis & The Runtons,E07000147,North Norfolk,E14001396,North Norfolk,false,true,
E05011836,Briston,E07000147,North Norfolk,E14001396,North Norfolk,false,true,
E05011837,Coastal,E07000147,North Norfolk,E14001396,North Norfolk,false,true,
E05011838,Cromer Town,E07000147,North Norfolk,E14001396,North Norfolk,false,true,
E05011839,Erpingham,E07000147,North Norfolk,E14001396,North Norfolk,false,true,
E05011840,Gresham,E07000147,North Norfolk,E14001396,North Norfolk,false,true,
E05011841,Happisburgh,E07000147,North Norfolk,E14001396,North Norfolk,false,true,
E05011842,Hickling,E07000147,North Norfolk,E14001396,North Norfolk,false,true,
E05011843,Holt,E07000147,North Norfolk,E14001396,North Norfolk,false,true,
E05011844,Hoveton & Tunstead,E07000147,North Norfolk,E14001396,North Norfolk,false,true,
E05011845,Lancaster North,E07000147,North Norfolk,E14001136,Broadland and Fakenham,false,true,
E05011846,Lancaster South,E07000147,North Norfolk,E14001136,Broadland and Fakenham,false,true,
E05011847,Mundesley,E07000147,North Norfolk,E14001396,North Norfolk,false,true,
E05011848,North Walsham East,E07000147,North Norfolk,E14001396,North Norfolk,false,true,
E05011849,North Walsham Market Cross,E07000147,North Norfolk,E14001396,North Norfolk,false,true,
E05011850,North Walsham West,E07000147,North Norfolk,E14001396,North Norfolk,false,true,
E05011851,Poppyland,E07000147,North Norfolk,E14001396,North Norfolk,false,true,
E05011852,Priory,E07000147,North Norfolk,E14001396,North Norfolk,false,true,
E05011853,Roughton,E07000147,North Norfolk,E14001396,North Norfolk,false,true,
E05011854,St Benet's,E07000147,North Norfolk,E14001396,North Norfolk,false,true,
E05011855,Sheringham North,E07000147,North Norfolk,E14001396,North Norfolk,false,true,
E05011856,Sheringham South,E07000147,North Norfolk,E14001396,North Norfolk,false,true,
E05011857,Stalham,E07000147,North Norfolk,E14001396,North Norfolk,false,true,
E05011858,Stibbard,E07000147,North Norfolk,E14001136,Broadland and Fakenham,false,true,
E05011859,Stody,E07000147,North Norfolk,E14001396,North Norfolk,false,true,
E05011860,Suffield Park,E07000147,North Norfolk,E14001396,North Norfolk,false,true,
E05011861,The Raynhams,E07000147,North Norfolk,E14001136,Broadland and Fakenham,false,true,
E05011862,Trunch,E07000147,North Norfolk,E14001396,North Norfolk,false,true,
E05011863,Walsingham,E07000147,North Norfolk,E14001136,Broadland and Fakenham,false,true,
E05011864,Wells with Holkham,E07000147,North Norfolk,E14001396,North Norfolk,false,true,
E05011865,Worstead,E07000147,North Norfolk,E14001396,North Norfolk,false,true,
E05011866,"Beck Vale, Dickleburgh & Scole",E07000149,South Norfolk,E14001569,Waveney Valley,false,true,
E05011867,Bressingham & Burston,E07000149,South Norfolk,E14001569,Waveney Valley,false,true,
E05011868,Brooke,E07000149,South Norfolk,E14001489,South Norfolk,false,true,
E05011869,Bunwell,E07000149,South Norfolk,E14001569,Waveney Valley,false,true,
E05011870,Central Wymondham,E07000149,South Norfolk,E14001489,South Norfolk,false,true,
E05011871,Cringleford,E07000149,South Norfolk,E14001489,South Norfolk,false,true,
E05011872,Diss & Roydon,E07000149,South Norfolk,E14001569,Waveney Valley,false,true,
E05011874,Easton,E07000149,South Norfolk,E14001489,South Norfolk,false,true,
E05011875,Forncett,E07000149,South Norfolk,E14001489,South Norfolk,false,true,
E05011877,Hempnall,E07000149,South Norfolk,E14001489,South Norfolk,false,true,
E05011878,Hethersett,E07000149,South Norfolk,E14001489,South Norfolk,false,true,
E05011879,Hingham & Deopham,E07000149,South Norfolk,E14001365,Mid Norfolk,false,true,
E05011880,Loddon & Chedgrave,E07000149,South Norfolk,E14001489,South Norfolk,false,true,
E05011881,Mulbarton & Stoke Holy Cross,E07000149,South Norfolk,E14001489,South Norfolk,false,true,
E05011882,New Costessey,E07000149,South Norfolk,E14001409,Norwich South,false,true,
E05011883,Newton Flotman,E07000149,South Norfolk,E14001489,South Norfolk,false,true,
E05011884,North Wymondham,E07000149,South Norfolk,E14001489,South Norfolk,false,true,
E05011885,Old Costessey,E07000149,South Norfolk,E14001489,South Norfolk,false,true,
E05011886,"Poringland, Framinghams & Trowse",E07000149,South Norfolk,E14001489,South Norfolk,false,true,
E05011887,Rockland,E07000149,South Norfolk,E14001489,South Norfolk,false,true,
E05011888,South Wymondham,E07000149,South Norfolk,E14001489,South Norfolk,false,true,
E05011889,Stratton,E07000149,South Norfolk,E14001489,South Norfolk,false,true,
E05011890,Thurlton,E07000149,South Norfolk,E14001489,South Norfolk,false,true,
E05011891,Wicklewood,E07000149,South Norfolk,E14001365,Mid Norfolk,false,true,
E05011892,Ambrook,E07000045,Teignbridge,E14001381,Newton Abbot,false,true,
E05011893,Ashburton & Buckfastleigh,E07000045,Teignbridge,E14001155,Central Devon,false,true,
E05011894,Bishopsteignton,E07000045,Teignbridge,E14001381,Newton Abbot,false,true,
E05011895,Bovey,E07000045,Teignbridge,E14001155,Central Devon,false,true,
E05011896,Bradley,E07000045,Teignbridge,E14001381,Newton Abbot,false,true,
E05011897,Buckland & Milber,E07000045,Teignbridge,E14001381,Newton Abbot,false,true,
E05011898,Bushell,E07000045,Teignbridge,E14001381,Newton Abbot,false,true,
E05011899,Chudleigh,E07000045,Teignbridge,E14001155,Central Devon,false,true,
E05011900,College,E07000045,Teignbridge,E14001381,Newton Abbot,false,true,
E05011901,Dawlish North East,E07000045,Teignbridge,E14001381,Newton Abbot,false,true,
E05011902,Dawlish South West,E07000045,Teignbridge,E14001381,Newton Abbot,false,true,
E05011903,Haytor,E07000045,Teignbridge,E14001155,Central Devon,false,true,
E05011904,Ipplepen,E07000045,Teignbridge,E14001381,Newton Abbot,false,true,
E05011905,Kenn Valley,E07000045,Teignbridge,E14001155,Central Devon,false,true,
E05011906,Kenton & Starcross,E07000045,Teignbridge,E14001381,Newton Abbot,false,true,
E05011907,Kerswell-with-Combe,E07000045,Teignbridge,E14001381,Newton Abbot,false,true,
E05011908,Kingsteignton East,E07000045,Teignbridge,E14001381,Newton Abbot,false,true,
E05011909,Kingsteignton West,E07000045,Teignbridge,E14001381,Newton Abbot,false,true,
E05011910,Moretonhampstead,E07000045,Teignbridge,E14001155,Central Devon,false,true,
E05011911,Shaldon & Stokeinteignhead,E07000045,Teignbridge,E14001381,Newton Abbot,false,true,
E05011912,Teign Valley,E07000045,Teignbridge,E14001155,Central Devon,false,true,
E05011913,Teignmouth Central,E07000045,Teignbridge,E14001381,Newton Abbot,false,true,
E05011914,Teignmouth East,E07000045,Teignbridge,E14001381,Newton Abbot,false,true,
E05011915,Teignmouth West,E07000045,Teignbridge,E14001381,Newton Abbot,false,true,
E05011916,Appledore,E07000046,Torridge,E14001552,Torridge and Tavistock,false,true,
E05011917,Bideford East,E07000046,Torridge,E14001552,Torridge and Tavistock,false,true,
E05011918,Bideford North,E07000046,Torridge,E14001552,Torridge and Tavistock,false,true,
E05011919,Bideford South,E07000046,Torridge,E14001552,Torridge and Tavistock,false,true,
E05011920,Bideford West,E07000046,Torridge,E14001552,Torridge and Tavistock,false,true,
E05011921,Broadheath,E07000046,Torridge,E14001552,Torridge and Tavistock,false,true,
E05011922,Great Torrington,E07000046,Torridge,E14001552,Torridge and Tavistock,false,true,
E05011923,Hartland,E07000046,Torridge,E14001552,Torridge and Tavistock,false,true,
E05011924,Holsworthy,E07000046,Torridge,E14001552,Torridge and Tavistock,false,true,
E05011925,Milton & Tamarside,E07000046,Torridge,E14001552,Torridge and Tavistock,false,true,
E05011926,Monkleigh & Putford,E07000046,Torridge,E14001552,Torridge and Tavistock,false,true,
E05011927,Northam,E07000046,Torridge,E14001552,Torridge and Tavistock,false,true,
E05011928,Shebbear & Langtree,E07000046,Torridge,E14001552,Torridge and Tavistock,false,true,
E05011929,Two Rivers & Three Moors,E07000046,Torridge,E14001552,Torridge and Tavistock,false,true,
E05011930,Westward Ho!,E07000046,Torridge,E14001552,Torridge and Tavistock,false,true,
E05011931,Winkleigh,E07000046,Torridge,E14001552,Torridge and Tavistock,false,true,
E05011932,Alresford & Elmstead,E07000076,Tendring,E14001273,Harwich and North Essex,false,true,
E05011933,Ardleigh & Little Bromley,E07000076,Tendring,E14001273,Harwich and North Essex,false,true,
E05011934,Bluehouse,E07000076,Tendring,E14001174,Clacton,false,true,
E05011935,Brightlingsea,E07000076,Tendring,E14001273,Harwich and North Essex,false,true,
E05011936,Burrsville,E07000076,Tendring,E14001174,Clacton,false,true,
E05011937,Cann Hall,E07000076,Tendring,E14001174,Clacton,false,true,
E05011938,Coppins,E07000076,Tendring,E14001174,Clacton,false,true,
E05011939,Dovercourt All Saints,E07000076,Tendring,E14001273,Harwich and North Essex,false,true,
E05011940,Dovercourt Bay,E07000076,Tendring,E14001273,Harwich and North Essex,false,true,
E05011941,Dovercourt Tollgate,E07000076,Tendring,E14001273,Harwich and North Essex,false,true,
E05011942,Dovercourt Vines & Parkeston,E07000076,Tendring,E14001273,Harwich and North Essex,false,true,
E05011943,Eastcliff,E07000076,Tendring,E14001174,Clacton,false,true,
E05011944,Frinton,E07000076,Tendring,E14001174,Clacton,false,true,
E05011945,Harwich & Kingsway,E07000076,Tendring,E14001273,Harwich and North Essex,false,true,
E05011946,Homelands,E07000076,Tendring,E14001174,Clacton,false,true,
E05011947,Kirby Cross,E07000076,Tendring,E14001174,Clacton,false,true,
E05011948,Kirby-le-Soken & Hamford,E07000076,Tendring,E14001174,Clacton,false,true,
E05011949,"Lawford, Manningtree & Mistley",E07000076,Tendring,E14001273,Harwich and North Essex,false,true,
E05011950,Little Clacton,E07000076,Tendring,E14001174,Clacton,false,true,
E05011951,Pier,E07000076,Tendring,E14001174,Clacton,false,true,
E05011952,St Bartholomew's,E07000076,Tendring,E14001174,Clacton,false,true,
E05011953,St James,E07000076,Tendring,E14001174,Clacton,false,true,
E05011954,St John's,E07000076,Tendring,E14001174,Clacton,false,true,
E05011955,St Osyth,E07000076,Tendring,E14001174,Clacton,false,true,
E05011956,St Paul's,E07000076,Tendring,E14001174,Clacton,false,true,
E05011957,Stour Valley,E07000076,Tendring,E14001273,Harwich and North Essex,false,true,
E05011958,The Bentleys & Frating,E07000076,Tendring,E14001174,Clacton,false,true,
E05011959,The Oakleys & Wix,E07000076,Tendring,E14001174,Clacton,false,true,
E05011960,"Thorpe, Beaumont & Great Holland",E07000076,Tendring,E14001174,Clacton,false,true,
E05011961,Walton,E07000076,Tendring,E14001174,Clacton,false,true,
E05011962,Weeley & Tendring,E07000076,Tendring,E14001174,Clacton,false,true,
E05011963,West Clacton & Jaywick Sands,E07000076,Tendring,E14001174,Clacton,false,true,
E05011964,Billesdon & Tilton,E07000131,Harborough,E14001458,Rutland and Stamford,false,true,
E05011965,Bosworth,E07000131,Harborough,E14001488,South Leicestershire,false,true,
E05011966,Broughton Astley-Primethorpe & Sutton,E07000131,Harborough,E14001488,South Leicestershire,false,true,
E05011967,Broughton Astley South & Leire,E07000131,Harborough,E14001488,South Leicestershire,false,true,
E05011968,Dunton,E07000131,Harborough,E14001488,South Leicestershire,false,true,
E05011969,Fleckney,E07000131,Harborough,E14001488,South Leicestershire,false,true,
E05011970,Glen,E07000131,Harborough,E14001266,"Harborough, Oadby and Wigston",false,true,
E05011971,Kibworths,E07000131,Harborough,E14001266,"Harborough, Oadby and Wigston",false,true,
E05011972,Lubenham,E07000131,Harborough,E14001266,"Harborough, Oadby and Wigston",false,true,
E05011973,Lutterworth East,E07000131,Harborough,E14001488,South Leicestershire,false,true,
E05011974,Lutterworth West,E07000131,Harborough,E14001488,South Leicestershire,false,true,
E05011975,Market Harborough-Great Bowden & Arden,E07000131,Harborough,E14001266,"Harborough, Oadby and Wigston",false,true,
E05011976,Market Harborough-Little Bowden,E07000131,Harborough,E14001266,"Harborough, Oadby and Wigston",false,true,
E05011977,Market Harborough-Logan,E07000131,Harborough,E14001266,"Harborough, Oadby and Wigston",false,true,
E05011978,Market Harborough-Welland,E07000131,Harborough,E14001266,"Harborough, Oadby and Wigston",false,true,
E05011979,Misterton,E07000131,Harborough,E14001488,South Leicestershire,false,true,
E05011980,Nevill,E07000131,Harborough,E14001458,Rutland and Stamford,false,true,
E05011981,Thurnby & Houghton,E07000131,Harborough,E14001458,Rutland and Stamford,false,true,
E05011982,Ullesthorpe,E07000131,Harborough,E14001488,South Leicestershire,false,true,
E05011983,Ault Hucknall,E07000033,Bolsover,E14001109,Bolsover,false,true,
E05011984,Barlborough,E07000033,Bolsover,E14001109,Bolsover,false,true,
E05011985,Blackwell,E07000033,Bolsover,E14001109,Bolsover,false,true,
E05011986,Bolsover East,E07000033,Bolsover,E14001109,Bolsover,false,true,
E05011987,Bolsover North & Shuttlewood,E07000033,Bolsover,E14001109,Bolsover,false,true,
E05011988,Bolsover South,E07000033,Bolsover,E14001109,Bolsover,false,true,
E05011989,Clowne East,E07000033,Bolsover,E14001109,Bolsover,false,true,
E05011990,Clowne West,E07000033,Bolsover,E14001109,Bolsover,false,true,
E05011991,Elmton-with-Creswell,E07000033,Bolsover,E14001109,Bolsover,false,true,
E05011992,Langwith,E07000033,Bolsover,E14001109,Bolsover,false,true,
E05011993,Pinxton,E07000033,Bolsover,E14001109,Bolsover,false,true,
E05011994,Shirebrook North,E07000033,Bolsover,E14001109,Bolsover,false,true,
E05011995,Shirebrook South,E07000033,Bolsover,E14001109,Bolsover,false,true,
E05011996,South Normanton East,E07000033,Bolsover,E14001109,Bolsover,false,true,
E05011997,South Normanton West,E07000033,Bolsover,E14001109,Bolsover,false,true,
E05011998,Tibshelf,E07000033,Bolsover,E14001109,Bolsover,false,true,
E05011999,Whitwell,E07000033,Bolsover,E14001109,Bolsover,false,true,
E05012000,Alston & Hothersall,E07000124,Ribble Valley,E14001443,Ribble Valley,false,true,
E05012001,Billington & Langho,E07000124,Ribble Valley,E14001443,Ribble Valley,false,true,
E05012002,Bowland,E07000124,Ribble Valley,E14001443,Ribble Valley,false,true,
E05012003,Brockhall & Dinckley,E07000124,Ribble Valley,E14001443,Ribble Valley,false,true,
E05012004,Chatburn,E07000124,Ribble Valley,E14001422,Pendle and Clitheroe,false,true,
E05012005,Chipping,E07000124,Ribble Valley,E14001443,Ribble Valley,false,true,
E05012006,Clayton-le-Dale & Salesbury,E07000124,Ribble Valley,E14001443,Ribble Valley,false,true,
E05012007,Derby & Thornley,E07000124,Ribble Valley,E14001443,Ribble Valley,false,true,
E05012008,Dilworth,E07000124,Ribble Valley,E14001443,Ribble Valley,false,true,
E05012009,"East Whalley, Read & Simonstone",E07000124,Ribble Valley,E14001422,Pendle and Clitheroe,false,true,
E05012010,Edisford & Low Moor,E07000124,Ribble Valley,E14001422,Pendle and Clitheroe,false,true,
E05012011,Gisburn & Rimington,E07000124,Ribble Valley,E14001443,Ribble Valley,false,true,
E05012012,Hurst Green & Whitewell,E07000124,Ribble Valley,E14001443,Ribble Valley,false,true,
E05012013,Littlemoor,E07000124,Ribble Valley,E14001422,Pendle and Clitheroe,false,true,
E05012014,Mellor,E07000124,Ribble Valley,E14001443,Ribble Valley,false,true,
E05012015,Primrose,E07000124,Ribble Valley,E14001422,Pendle and Clitheroe,false,true,
E05012016,Ribchester,E07000124,Ribble Valley,E14001443,Ribble Valley,false,true,
E05012017,Sabden,E07000124,Ribble Valley,E14001422,Pendle and Clitheroe,false,true,
E05012018,St Mary's,E07000124,Ribble Valley,E14001422,Pendle and Clitheroe,false,true,
E05012019,Salthill,E07000124,Ribble Valley,E14001422,Pendle and Clitheroe,false,true,
E05012020,"Waddington, Bashall Eaves & Mitton",E07000124,Ribble Valley,E14001443,Ribble Valley,false,true,
E05012021,West Bradford & Grindleton,E07000124,Ribble Valley,E14001443,Ribble Valley,false,true,
E05012022,Whalley & Painter Wood,E07000124,Ribble Valley,E14001422,Pendle and Clitheroe,false,true,
E05012023,Whalley Nethertown,E07000124,Ribble Valley,E14001443,Ribble Valley,false,true,
E05012024,Wilpshire & Ramsgreave,E07000124,Ribble Valley,E14001443,Ribble Valley,false,true,
E05012025,Wiswell & Barrow,E07000124,Ribble Valley,E14001422,Pendle and Clitheroe,false,true,
E05012026,Bagshot,E07000214,Surrey Heath,E14001532,Surrey Heath,false,true,
E05012027,Bisley & West End,E07000214,Surrey Heath,E14001532,Surrey Heath,false,true,
E05012028,Frimley,E07000214,Surrey Heath,E14001532,Surrey Heath,false,true,
E05012029,Frimley Green,E07000214,Surrey Heath,E14001532,Surrey Heath,false,true,
E05012030,Heatherside,E07000214,Surrey Heath,E14001532,Surrey Heath,false,true,
E05012031,Lightwater,E07000214,Surrey Heath,E14001532,Surrey Heath,false,true,
E05012032,Mytchett & Deepcut,E07000214,Surrey Heath,E14001532,Surrey Heath,false,true,
E05012033,Old Dean,E07000214,Surrey Heath,E14001532,Surrey Heath,false,true,
E05012034,Parkside,E07000214,Surrey Heath,E14001532,Surrey Heath,false,true,
E05012035,St Michaels,E07000214,Surrey Heath,E14001532,Surrey Heath,false,true,
E05012036,St Pauls,E07000214,Surrey Heath,E14001532,Surrey Heath,false,true,
E05012037,Town,E07000214,Surrey Heath,E14001532,Surrey Heath,false,true,
E05012038,Watchetts,E07000214,Surrey Heath,E14001532,Surrey Heath,false,true,
E05012039,Windlesham & Chobham,E07000214,Surrey Heath,E14001532,Surrey Heath,false,true,
E05012040,Ashover,E07000038,North East Derbyshire,E14001391,North East Derbyshire,false,true,
E05012041,Barlow & Holmesfield,E07000038,North East Derbyshire,E14001391,North East Derbyshire,false,true,
E05012042,Brampton & Walton,E07000038,North East Derbyshire,E14001391,North East Derbyshire,false,true,
E05012043,Clay Cross North,E07000038,North East Derbyshire,E14001391,North East Derbyshire,false,true,
E05012044,Clay Cross South,E07000038,North East Derbyshire,E14001391,North East Derbyshire,false,true,
E05012045,Coal Aston,E07000038,North East Derbyshire,E14001391,North East Derbyshire,false,true,
E05012046,Dronfield North,E07000038,North East Derbyshire,E14001391,North East Derbyshire,false,true,
E05012047,Dronfield South,E07000038,North East Derbyshire,E14001391,North East Derbyshire,false,true,
E05012048,Dronfield Woodhouse,E07000038,North East Derbyshire,E14001391,North East Derbyshire,false,true,
E05012049,Eckington North,E07000038,North East Derbyshire,E14001391,North East Derbyshire,false,true,
E05012050,Eckington South & Renishaw,E07000038,North East Derbyshire,E14001391,North East Derbyshire,false,true,
E05012051,Gosforth Valley,E07000038,North East Derbyshire,E14001391,North East Derbyshire,false,true,
E05012052,Grassmoor,E07000038,North East Derbyshire,E14001391,North East Derbyshire,false,true,
E05012053,Holmewood & Heath,E07000038,North East Derbyshire,E14001109,Bolsover,false,true,
E05012054,Killamarsh East,E07000038,North East Derbyshire,E14001391,North East Derbyshire,false,true,
E05012055,Killamarsh West,E07000038,North East Derbyshire,E14001391,North East Derbyshire,false,true,
E05012056,North Wingfield Central,E07000038,North East Derbyshire,E14001391,North East Derbyshire,false,true,
E05012057,Pilsley & Morton,E07000038,North East Derbyshire,E14001109,Bolsover,false,true,
E05012058,Ridgeway & Marsh Lane,E07000038,North East Derbyshire,E14001391,North East Derbyshire,false,true,
E05012059,Shirland,E07000038,North East Derbyshire,E14001109,Bolsover,false,true,
E05012060,Sutton,E07000038,North East Derbyshire,E14001109,Bolsover,false,true,
E05012061,Tupton,E07000038,North East Derbyshire,E14001391,North East Derbyshire,false,true,
E05012062,Unstone,E07000038,North East Derbyshire,E14001391,North East Derbyshire,false,true,
E05012063,Wingerworth,E07000038,North East Derbyshire,E14001391,North East Derbyshire,false,true,
E05012065,Brockworth East,E07000083,Tewkesbury,E14001386,North Cotswolds,false,true,
E05012066,Brockworth West,E07000083,Tewkesbury,E14001386,North Cotswolds,false,true,
E05012071,Cleeve St Michael's,E07000083,Tewkesbury,E14001542,Tewkesbury,false,true,
E05012072,Cleeve West,E07000083,Tewkesbury,E14001542,Tewkesbury,false,true,
E05012073,Highnam with Haw Bridge,E07000083,Tewkesbury,E14001240,Forest of Dean,false,true,
E05012076,Northway,E07000083,Tewkesbury,E14001542,Tewkesbury,false,true,
E05012077,Severn Vale North,E07000083,Tewkesbury,E14001542,Tewkesbury,false,true,
E05012078,Severn Vale South,E07000083,Tewkesbury,E14001542,Tewkesbury,false,true,
E05012079,Shurdington,E07000083,Tewkesbury,E14001386,North Cotswolds,false,true,
E05012081,Tewkesbury North & Twyning,E07000083,Tewkesbury,E14001542,Tewkesbury,false,true,
E05012082,Tewkesbury South,E07000083,Tewkesbury,E14001542,Tewkesbury,false,true,
E05012083,Winchcombe,E07000083,Tewkesbury,E14001542,Tewkesbury,false,true,
E05012085,Andover Downlands,E07000093,Test Valley,E14001403,North West Hampshire,false,true,
E05012088,Andover Romans,E07000093,Test Valley,E14001403,North West Hampshire,false,true,
E05012093,Blackwater,E07000093,Test Valley,E14001449,Romsey and Southampton North,false,true,
E05012097,Harewood,E07000093,Test Valley,E14001449,Romsey and Southampton North,false,true,
E05012098,Mid Test,E07000093,Test Valley,E14001449,Romsey and Southampton North,false,true,
E05012100,Romsey Abbey,E07000093,Test Valley,E14001449,Romsey and Southampton North,false,true,
E05012102,Romsey Tadburn,E07000093,Test Valley,E14001449,Romsey and Southampton North,false,true,
E05012104,Bitton & Oldland Common,E06000025,South Gloucestershire,E14001394,North East Somerset and Hanham,false,true,
E05012105,Boyd Valley,E06000025,South Gloucestershire,E14001545,Thornbury and Yate,false,true,
E05012106,Bradley Stoke North,E06000025,South Gloucestershire,E14001237,Filton and Bradley Stoke,false,true,
E05012107,Bradley Stoke South,E06000025,South Gloucestershire,E14001237,Filton and Bradley Stoke,false,true,
E05012108,Charfield,E06000025,South Gloucestershire,E14001545,Thornbury and Yate,false,true,
E05012109,Charlton & Cribbs,E06000025,South Gloucestershire,E14001237,Filton and Bradley Stoke,false,true,
E05012110,Chipping Sodbury & Cotswold Edge,E06000025,South Gloucestershire,E14001545,Thornbury and Yate,false,true,
E05012111,Dodington,E06000025,South Gloucestershire,E14001545,Thornbury and Yate,false,true,
E05012112,Emersons Green,E06000025,South Gloucestershire,E14001237,Filton and Bradley Stoke,false,true,
E05012113,Filton,E06000025,South Gloucestershire,E14001237,Filton and Bradley Stoke,false,true,
E05012114,Frampton Cotterell,E06000025,South Gloucestershire,E14001545,Thornbury and Yate,false,true,
E05012115,Frenchay & Downend,E06000025,South Gloucestershire,E14001237,Filton and Bradley Stoke,false,true,
E05012116,Hanham,E06000025,South Gloucestershire,E14001394,North East Somerset and Hanham,false,true,
E05012117,Kingswood,E06000025,South Gloucestershire,E14001133,Bristol North East,false,true,
E05012118,Longwell Green,E06000025,South Gloucestershire,E14001394,North East Somerset and Hanham,false,true,
E05012119,New Cheltenham,E06000025,South Gloucestershire,E14001133,Bristol North East,false,true,
E05012120,Parkwall & Warmley,E06000025,South Gloucestershire,E14001394,North East Somerset and Hanham,false,true,
E05012121,Patchway Coniston,E06000025,South Gloucestershire,E14001237,Filton and Bradley Stoke,false,true,
E05012122,Pilning & Severn Beach,E06000025,South Gloucestershire,E14001545,Thornbury and Yate,false,true,
E05012123,Severn Vale,E06000025,South Gloucestershire,E14001545,Thornbury and Yate,false,true,
E05012124,Staple Hill & Mangotsfield,E06000025,South Gloucestershire,E14001133,Bristol North East,false,true,
E05012125,Stoke Gifford,E06000025,South Gloucestershire,E14001237,Filton and Bradley Stoke,false,true,
E05012126,Stoke Park & Cheswick,E06000025,South Gloucestershire,E14001237,Filton and Bradley Stoke,false,true,
E05012127,Thornbury,E06000025,South Gloucestershire,E14001545,Thornbury and Yate,false,true,
E05012128,Winterbourne,E06000025,South Gloucestershire,E14001237,Filton and Bradley Stoke,false,true,
E05012129,Woodstock,E06000025,South Gloucestershire,E14001133,Bristol North East,false,true,
E05012130,Yate Central,E06000025,South Gloucestershire,E14001545,Thornbury and Yate,false,true,
E05012131,Yate North,E06000025,South Gloucestershire,E14001545,Thornbury and Yate,false,true,
E05012132,Aldermaston,E06000037,West Berkshire,E14001439,Reading West and Mid Berkshire,false,true,
E05012133,Basildon,E06000037,West Berkshire,E14001439,Reading West and Mid Berkshire,false,true,
E05012134,Bradfield,E06000037,West Berkshire,E14001439,Reading West and Mid Berkshire,false,true,
E05012135,Bucklebury,E06000037,West Berkshire,E14001439,Reading West and Mid Berkshire,false,true,
E05012136,Burghfield & Mortimer,E06000037,West Berkshire,E14001439,Reading West and Mid Berkshire,false,true,
E05012137,Chieveley & Cold Ash,E06000037,West Berkshire,E14001376,Newbury,false,true,
E05012138,Downlands,E06000037,West Berkshire,E14001376,Newbury,true,true,88.2595
E05012138,Downlands,E06000037,West Berkshire,E14001439,Reading West and Mid Berkshire,true,false,8.0486
E05012139,Hungerford & Kintbury,E06000037,West Berkshire,E14001376,Newbury,false,true,
E05012140,Lambourn,E06000037,West Berkshire,E14001376,Newbury,false,true,
E05012141,Newbury Central,E06000037,West Berkshire,E14001376,Newbury,false,true,
E05012142,Newbury Clay Hill,E06000037,West Berkshire,E14001376,Newbury,false,true,
E05012143,Newbury Greenham,E06000037,West Berkshire,E14001376,Newbury,false,true,
E05012144,Newbury Speen,E06000037,West Berkshire,E14001376,Newbury,false,true,
E05012145,Newbury Wash Common,E06000037,West Berkshire,E14001376,Newbury,false,true,
E05012146,Pangbourne,E06000037,West Berkshire,E14001439,Reading West and Mid Berkshire,false,true,
E05012147,Ridgeway,E06000037,West Berkshire,E14001439,Reading West and Mid Berkshire,false,true,
E05012148,Thatcham Central,E06000037,West Berkshire,E14001376,Newbury,false,true,
E05012149,Thatcham Colthrop & Crookham,E06000037,West Berkshire,E14001376,Newbury,false,true,
E05012150,Thatcham North East,E06000037,West Berkshire,E14001376,Newbury,false,true,
E05012151,Thatcham West,E06000037,West Berkshire,E14001376,Newbury,false,true,
E05012152,Theale,E06000037,West Berkshire,E14001439,Reading West and Mid Berkshire,false,true,
E05012153,Tilehurst & Purley,E06000037,West Berkshire,E14001439,Reading West and Mid Berkshire,false,true,
E05012154,Tilehurst Birch Copse,E06000037,West Berkshire,E14001439,Reading West and Mid Berkshire,false,true,
E05012155,Tilehurst South & Holybrook,E06000037,West Berkshire,E14001439,Reading West and Mid Berkshire,false,true,
E05012156,Berry Hill,E07000080,Forest of Dean,E14001240,Forest of Dean,false,true,
E05012157,Bream,E07000080,Forest of Dean,E14001240,Forest of Dean,false,true,
E05012158,Cinderford East,E07000080,Forest of Dean,E14001240,Forest of Dean,false,true,
E05012159,Cinderford West,E07000080,Forest of Dean,E14001240,Forest of Dean,false,true,
E05012160,Coleford,E07000080,Forest of Dean,E14001240,Forest of Dean,false,true,
E05012161,Dymock,E07000080,Forest of Dean,E14001240,Forest of Dean,false,true,
E05012162,Hartpury & Redmarley,E07000080,Forest of Dean,E14001240,Forest of Dean,false,true,
E05012163,Longhope & Huntley,E07000080,Forest of Dean,E14001240,Forest of Dean,false,true,
E05012164,Lydbrook,E07000080,Forest of Dean,E14001240,Forest of Dean,false,true,
E05012165,Lydney East,E07000080,Forest of Dean,E14001240,Forest of Dean,false,true,
E05012166,Lydney North,E07000080,Forest of Dean,E14001240,Forest of Dean,false,true,
E05012167,Lydney West & Aylburton,E07000080,Forest of Dean,E14001240,Forest of Dean,false,true,
E05012168,"Mitcheldean, Ruardean & Drybrook",E07000080,Forest of Dean,E14001240,Forest of Dean,false,true,
E05012169,Newent & Taynton,E07000080,Forest of Dean,E14001240,Forest of Dean,false,true,
E05012170,Newland & Sling,E07000080,Forest of Dean,E14001240,Forest of Dean,false,true,
E05012171,Newnham,E07000080,Forest of Dean,E14001240,Forest of Dean,false,true,
E05012172,Pillowell,E07000080,Forest of Dean,E14001240,Forest of Dean,false,true,
E05012173,Ruspidge,E07000080,Forest of Dean,E14001240,Forest of Dean,false,true,
E05012174,St. Briavels,E07000080,Forest of Dean,E14001240,Forest of Dean,false,true,
E05012175,Tidenham,E07000080,Forest of Dean,E14001240,Forest of Dean,false,true,
E05012176,Westbury-on-Severn,E07000080,Forest of Dean,E14001240,Forest of Dean,false,true,
E05012177,Aldenham East,E07000098,Hertsmere,E14001284,Hertsmere,false,true,
E05012178,Aldenham West,E07000098,Hertsmere,E14001284,Hertsmere,false,true,
E05012179,Bentley Heath & The Royds,E07000098,Hertsmere,E14001284,Hertsmere,false,true,
E05012180,Borehamwood Brookmeadow,E07000098,Hertsmere,E14001284,Hertsmere,false,true,
E05012181,Borehamwood Cowley Hill,E07000098,Hertsmere,E14001284,Hertsmere,false,true,
E05012182,Borehamwood Hillside,E07000098,Hertsmere,E14001284,Hertsmere,false,true,
E05012183,Borehamwood Kenilworth,E07000098,Hertsmere,E14001284,Hertsmere,false,true,
E05012184,Bushey Heath,E07000098,Hertsmere,E14001284,Hertsmere,false,true,
E05012185,Bushey North,E07000098,Hertsmere,E14001568,Watford,false,true,
E05012186,Bushey Park,E07000098,Hertsmere,E14001284,Hertsmere,false,true,
E05012187,Bushey St James,E07000098,Hertsmere,E14001284,Hertsmere,false,true,
E05012188,Elstree,E07000098,Hertsmere,E14001284,Hertsmere,false,true,
E05012189,Potters Bar Furzefield,E07000098,Hertsmere,E14001284,Hertsmere,false,true,
E05012190,Potters Bar Oakmere,E07000098,Hertsmere,E14001284,Hertsmere,false,true,
E05012191,Potters Bar Parkfield,E07000098,Hertsmere,E14001284,Hertsmere,false,true,
E05012192,Shenley,E07000098,Hertsmere,E14001284,Hertsmere,false,true,
E05012193,Ashton,E07000123,Preston,E14001433,Preston,false,true,
E05012194,Brookfield,E07000123,Preston,E14001433,Preston,false,true,
E05012195,Cadley,E07000123,Preston,E14001433,Preston,false,true,
E05012196,City Centre,E07000123,Preston,E14001433,Preston,false,true,
E05012197,Deepdale,E07000123,Preston,E14001433,Preston,false,true,
E05012198,Fishwick & Frenchwood,E07000123,Preston,E14001433,Preston,false,true,
E05012199,Garrison,E07000123,Preston,E14001433,Preston,false,true,
E05012200,Greyfriars,E07000123,Preston,E14001443,Ribble Valley,false,true,
E05012201,Ingol & Cottam,E07000123,Preston,E14001433,Preston,false,true,
E05012202,Lea & Larches,E07000123,Preston,E14001433,Preston,false,true,
E05012203,Plungington,E07000123,Preston,E14001433,Preston,false,true,
E05012204,Preston Rural East,E07000123,Preston,E14001443,Ribble Valley,false,true,
E05012205,Preston Rural North,E07000123,Preston,E14001443,Ribble Valley,false,true,
E05012206,Ribbleton,E07000123,Preston,E14001433,Preston,false,true,
E05012207,St Matthew's,E07000123,Preston,E14001433,Preston,false,true,
E05012208,Sharoe Green,E07000123,Preston,E14001443,Ribble Valley,false,true,
E05012209,Blacon,E06000050,Cheshire West and Chester,E14001163,Chester North and Neston,false,true,
E05012210,Central & Grange,E06000050,Cheshire West and Chester,E14001222,Ellesmere Port and Bromborough,false,true,
E05012211,Chester City & the Garden Quarter,E06000050,Cheshire West and Chester,E14001163,Chester North and Neston,false,true,
E05012212,Christleton & Huntington,E06000050,Cheshire West and Chester,E14001164,Chester South and Eddisbury,false,true,
E05012213,"Davenham, Moulton & Kingsmead",E06000050,Cheshire West and Chester,E14001361,Mid Cheshire,false,true,
E05012214,Farndon,E06000050,Cheshire West and Chester,E14001164,Chester South and Eddisbury,false,true,
E05012215,Frodsham,E06000050,Cheshire West and Chester,E14001455,Runcorn and Helsby,false,true,
E05012216,Gowy Rural,E06000050,Cheshire West and Chester,E14001455,Runcorn and Helsby,false,true,
E05012217,Great Boughton,E06000050,Cheshire West and Chester,E14001163,Chester North and Neston,false,true,
E05012218,Handbridge Park,E06000050,Cheshire West and Chester,E14001164,Chester South and Eddisbury,false,true,
E05012219,Hartford & Greenbank,E06000050,Cheshire West and Chester,E14001361,Mid Cheshire,false,true,
E05012220,Helsby,E06000050,Cheshire West and Chester,E14001455,Runcorn and Helsby,false,true,
E05012221,Lache,E06000050,Cheshire West and Chester,E14001164,Chester South and Eddisbury,false,true,
E05012222,Ledsham & Manor,E06000050,Cheshire West and Chester,E14001222,Ellesmere Port and Bromborough,false,true,
E05012223,Little Neston,E06000050,Cheshire West and Chester,E14001163,Chester North and Neston,false,true,
E05012224,Malpas,E06000050,Cheshire West and Chester,E14001164,Chester South and Eddisbury,false,true,
E05012225,Marbury,E06000050,Cheshire West and Chester,E14001539,Tatton,false,true,
E05012226,Neston,E06000050,Cheshire West and Chester,E14001163,Chester North and Neston,false,true,
E05012227,Netherpool,E06000050,Cheshire West and Chester,E14001222,Ellesmere Port and Bromborough,false,true,
E05012228,Newton & Hoole,E06000050,Cheshire West and Chester,E14001163,Chester North and Neston,false,true,
E05012229,Northwich Leftwich,E06000050,Cheshire West and Chester,E14001361,Mid Cheshire,false,true,
E05012230,Northwich Winnington & Castle,E06000050,Cheshire West and Chester,E14001361,Mid Cheshire,false,true,
E05012231,Northwich Witton,E06000050,Cheshire West and Chester,E14001361,Mid Cheshire,false,true,
E05012232,Parkgate,E06000050,Cheshire West and Chester,E14001163,Chester North and Neston,false,true,
E05012233,Rudheath,E06000050,Cheshire West and Chester,E14001361,Mid Cheshire,false,true,
E05012234,Sandstone,E06000050,Cheshire West and Chester,E14001455,Runcorn and Helsby,false,true,
E05012235,Saughall & Mollington,E06000050,Cheshire West and Chester,E14001163,Chester North and Neston,false,true,
E05012236,Shakerley,E06000050,Cheshire West and Chester,E14001539,Tatton,false,true,
E05012237,Strawberry,E06000050,Cheshire West and Chester,E14001222,Ellesmere Port and Bromborough,false,true,
E05012238,Sutton Villages,E06000050,Cheshire West and Chester,E14001222,Ellesmere Port and Bromborough,false,true,
E05012239,Tarporley,E06000050,Cheshire West and Chester,E14001164,Chester South and Eddisbury,false,true,
E05012240,Tarvin & Kelsall,E06000050,Cheshire West and Chester,E14001164,Chester South and Eddisbury,false,true,
E05012241,Tattenhall,E06000050,Cheshire West and Chester,E14001164,Chester South and Eddisbury,false,true,
E05012242,Upton,E06000050,Cheshire West and Chester,E14001163,Chester North and Neston,false,true,
E05012243,Weaver & Cuddington,E06000050,Cheshire West and Chester,E14001164,Chester South and Eddisbury,false,true,
E05012244,Westminster,E06000050,Cheshire West and Chester,E14001222,Ellesmere Port and Bromborough,false,true,
E05012245,Whitby Groves,E06000050,Cheshire West and Chester,E14001222,Ellesmere Port and Bromborough,false,true,
E05012246,Whitby Park,E06000050,Cheshire West and Chester,E14001222,Ellesmere Port and Bromborough,false,true,
E05012247,Willaston & Thornton,E06000050,Cheshire West and Chester,E14001163,Chester North and Neston,false,true,
E05012248,Winsford Dene,E06000050,Cheshire West and Chester,E14001361,Mid Cheshire,false,true,
E05012249,Winsford Gravel,E06000050,Cheshire West and Chester,E14001361,Mid Cheshire,false,true,
E05012250,Winsford Over & Verdin,E06000050,Cheshire West and Chester,E14001361,Mid Cheshire,false,true,
E05012251,Winsford Swanlow,E06000050,Cheshire West and Chester,E14001361,Mid Cheshire,false,true,
E05012252,Winsford Wharton,E06000050,Cheshire West and Chester,E14001361,Mid Cheshire,false,true,
E05012253,Wolverham,E06000050,Cheshire West and Chester,E14001222,Ellesmere Port and Bromborough,false,true,
E05012254,Barton with Watcombe,E06000027,Torbay,E14001551,Torbay,false,true,
E05012255,Churston with Galmpton,E06000027,Torbay,E14001484,South Devon,false,true,
E05012256,Clifton with Maidenway,E06000027,Torbay,E14001551,Torbay,false,true,
E05012257,Cockington with Chelston,E06000027,Torbay,E14001551,Torbay,false,true,
E05012258,Collaton St Mary,E06000027,Torbay,E14001484,South Devon,false,true,
E05012259,Ellacombe,E06000027,Torbay,E14001551,Torbay,false,true,
E05012260,Furzeham with Summercombe,E06000027,Torbay,E14001484,South Devon,false,true,
E05012261,Goodrington with Roselands,E06000027,Torbay,E14001551,Torbay,false,true,
E05012262,King's Ash,E06000027,Torbay,E14001484,South Devon,false,true,
E05012263,Preston,E06000027,Torbay,E14001551,Torbay,false,true,
E05012264,Roundham with Hyde,E06000027,Torbay,E14001551,Torbay,false,true,
E05012265,St Marychurch,E06000027,Torbay,E14001551,Torbay,false,true,
E05012266,St Peter's with St Mary's,E06000027,Torbay,E14001484,South Devon,false,true,
E05012267,Shiphay,E06000027,Torbay,E14001551,Torbay,false,true,
E05012268,Tormohun,E06000027,Torbay,E14001551,Torbay,false,true,
E05012269,Wellswood,E06000027,Torbay,E14001551,Torbay,false,true,
E05012270,Aspley,E06000018,Nottingham,E14001411,Nottingham North and Kimberley,false,true,
E05012271,Basford,E06000018,Nottingham,E14001411,Nottingham North and Kimberley,false,true,
E05012272,Berridge,E06000018,Nottingham,E14001410,Nottingham East,false,true,
E05012273,Bestwood,E06000018,Nottingham,E14001411,Nottingham North and Kimberley,false,true,
E05012274,Bilborough,E06000018,Nottingham,E14001412,Nottingham South,false,true,
E05012275,Bulwell,E06000018,Nottingham,E14001411,Nottingham North and Kimberley,false,true,
E05012276,Bulwell Forest,E06000018,Nottingham,E14001411,Nottingham North and Kimberley,false,true,
E05012277,Castle,E06000018,Nottingham,E14001410,Nottingham East,false,true,
E05012278,Clifton East,E06000018,Nottingham,E14001412,Nottingham South,false,true,
E05012279,Clifton West,E06000018,Nottingham,E14001412,Nottingham South,false,true,
E05012280,Dales,E06000018,Nottingham,E14001410,Nottingham East,false,true,
E05012281,Hyson Green & Arboretum,E06000018,Nottingham,E14001410,Nottingham East,false,true,
E05012282,Leen Valley,E06000018,Nottingham,E14001411,Nottingham North and Kimberley,false,true,
E05012283,Lenton & Wollaton East,E06000018,Nottingham,E14001412,Nottingham South,false,true,
E05012284,Mapperley,E06000018,Nottingham,E14001410,Nottingham East,false,true,
E05012285,Meadows,E06000018,Nottingham,E14001412,Nottingham South,false,true,
E05012286,Radford,E06000018,Nottingham,E14001412,Nottingham South,false,true,
E05012287,St. Ann's,E06000018,Nottingham,E14001410,Nottingham East,false,true,
E05012288,Sherwood,E06000018,Nottingham,E14001410,Nottingham East,false,true,
E05012289,Wollaton West,E06000018,Nottingham,E14001412,Nottingham South,false,true,
E05012290,Alton Amery,E07000085,East Hampshire,E14001214,East Hampshire,false,true,
E05012291,Alton Ashdell,E07000085,East Hampshire,E14001214,East Hampshire,false,true,
E05012292,Alton Eastbrooke,E07000085,East Hampshire,E14001214,East Hampshire,false,true,
E05012293,Alton Holybourne,E07000085,East Hampshire,E14001214,East Hampshire,false,true,
E05012294,Alton Westbrooke,E07000085,East Hampshire,E14001214,East Hampshire,false,true,
E05012295,Alton Whitedown,E07000085,East Hampshire,E14001214,East Hampshire,false,true,
E05012296,Alton Wooteys,E07000085,East Hampshire,E14001214,East Hampshire,false,true,
E05012297,Bentworth & Froyle,E07000085,East Hampshire,E14001214,East Hampshire,false,true,
E05012298,"Binsted, Bentley & Selborne",E07000085,East Hampshire,E14001214,East Hampshire,false,true,
E05012299,Bramshott & Liphook,E07000085,East Hampshire,E14001234,Farnham and Bordon,false,true,
E05012300,Buriton & East Meon,E07000085,East Hampshire,E14001214,East Hampshire,false,true,
E05012301,Clanfield,E07000085,East Hampshire,E14001214,East Hampshire,false,true,
E05012302,Four Marks & Medstead,E07000085,East Hampshire,E14001214,East Hampshire,false,true,
E05012303,"Froxfield, Sheet & Steep",E07000085,East Hampshire,E14001214,East Hampshire,false,true,
E05012304,Grayshott,E07000085,East Hampshire,E14001234,Farnham and Bordon,false,true,
E05012305,Headley,E07000085,East Hampshire,E14001234,Farnham and Bordon,false,true,
E05012306,Horndean Catherington,E07000085,East Hampshire,E14001214,East Hampshire,false,true,
E05012307,Horndean Downs,E07000085,East Hampshire,E14001214,East Hampshire,false,true,
E05012308,Horndean Kings & Blendworth,E07000085,East Hampshire,E14001214,East Hampshire,false,true,
E05012309,Horndean Murray,E07000085,East Hampshire,E14001214,East Hampshire,false,true,
E05012310,Lindford,E07000085,East Hampshire,E14001234,Farnham and Bordon,false,true,
E05012311,Liss,E07000085,East Hampshire,E14001214,East Hampshire,false,true,
E05012312,Petersfield Bell Hill,E07000085,East Hampshire,E14001214,East Hampshire,false,true,
E05012313,Petersfield Causeway,E07000085,East Hampshire,E14001214,East Hampshire,false,true,
E05012314,Petersfield Heath,E07000085,East Hampshire,E14001214,East Hampshire,false,true,
E05012315,Petersfield St Peter's,E07000085,East Hampshire,E14001214,East Hampshire,false,true,
E05012316,"Ropley, Hawkley & Hangers",E07000085,East Hampshire,E14001214,East Hampshire,false,true,
E05012317,Rowlands Castle,E07000085,East Hampshire,E14001214,East Hampshire,false,true,
E05012318,Whitehill Chase,E07000085,East Hampshire,E14001234,Farnham and Bordon,false,true,
E05012319,Whitehill Hogmoor & Greatham,E07000085,East Hampshire,E14001234,Farnham and Bordon,false,true,
E05012320,Whitehill Pinewood,E07000085,East Hampshire,E14001234,Farnham and Bordon,false,true,
E05012321,Airfield,E07000146,King's Lynn and West Norfolk,E14001497,South West Norfolk,false,true,
E05012322,Bircham with Rudhams,E07000146,King's Lynn and West Norfolk,E14001405,North West Norfolk,false,true,
E05012323,Brancaster,E07000146,King's Lynn and West Norfolk,E14001405,North West Norfolk,false,true,
E05012324,Burnham Market & Docking,E07000146,King's Lynn and West Norfolk,E14001405,North West Norfolk,false,true,
E05012325,Clenchwarton,E07000146,King's Lynn and West Norfolk,E14001405,North West Norfolk,false,true,
E05012326,Denver,E07000146,King's Lynn and West Norfolk,E14001497,South West Norfolk,false,true,
E05012327,Dersingham,E07000146,King's Lynn and West Norfolk,E14001405,North West Norfolk,false,true,
E05012328,Downham Old Town,E07000146,King's Lynn and West Norfolk,E14001497,South West Norfolk,false,true,
E05012329,East Downham,E07000146,King's Lynn and West Norfolk,E14001497,South West Norfolk,false,true,
E05012330,Emneth & Outwell,E07000146,King's Lynn and West Norfolk,E14001497,South West Norfolk,false,true,
E05012331,Fairstead,E07000146,King's Lynn and West Norfolk,E14001405,North West Norfolk,false,true,
E05012332,Feltwell,E07000146,King's Lynn and West Norfolk,E14001497,South West Norfolk,false,true,
E05012333,Gayton & Grimston,E07000146,King's Lynn and West Norfolk,E14001405,North West Norfolk,false,true,
E05012334,Gaywood Chase,E07000146,King's Lynn and West Norfolk,E14001405,North West Norfolk,false,true,
E05012335,Gaywood Clock,E07000146,King's Lynn and West Norfolk,E14001405,North West Norfolk,false,true,
E05012336,Gaywood North Bank,E07000146,King's Lynn and West Norfolk,E14001405,North West Norfolk,false,true,
E05012337,Heacham,E07000146,King's Lynn and West Norfolk,E14001405,North West Norfolk,false,true,
E05012338,Hunstanton,E07000146,King's Lynn and West Norfolk,E14001405,North West Norfolk,false,true,
E05012339,Massingham with Castle Acre,E07000146,King's Lynn and West Norfolk,E14001405,North West Norfolk,false,true,
E05012340,Methwold,E07000146,King's Lynn and West Norfolk,E14001497,South West Norfolk,false,true,
E05012341,North Downham,E07000146,King's Lynn and West Norfolk,E14001497,South West Norfolk,false,true,
E05012342,North Lynn,E07000146,King's Lynn and West Norfolk,E14001405,North West Norfolk,false,true,
E05012343,St. Margaret's with St. Nicholas,E07000146,King's Lynn and West Norfolk,E14001405,North West Norfolk,false,true,
E05012344,Snettisham,E07000146,King's Lynn and West Norfolk,E14001405,North West Norfolk,false,true,
E05012345,South & West Lynn,E07000146,King's Lynn and West Norfolk,E14001405,North West Norfolk,false,true,
E05012346,South Downham,E07000146,King's Lynn and West Norfolk,E14001497,South West Norfolk,false,true,
E05012347,Springwood,E07000146,King's Lynn and West Norfolk,E14001405,North West Norfolk,false,true,
E05012348,Terrington,E07000146,King's Lynn and West Norfolk,E14001405,North West Norfolk,false,true,
E05012349,The Woottons,E07000146,King's Lynn and West Norfolk,E14001405,North West Norfolk,false,true,
E05012350,"Tilney, Mershe Lande & Wiggenhall",E07000146,King's Lynn and West Norfolk,E14001497,South West Norfolk,false,true,
E05012351,Upwell & Delph,E07000146,King's Lynn and West Norfolk,E14001497,South West Norfolk,false,true,
E05012352,"Walsoken, West Walton & Walpole",E07000146,King's Lynn and West Norfolk,E14001405,North West Norfolk,false,true,
E05012353,Watlington,E07000146,King's Lynn and West Norfolk,E14001497,South West Norfolk,false,true,
E05012354,West Winch,E07000146,King's Lynn and West Norfolk,E14001405,North West Norfolk,false,true,
E05012355,Wissey,E07000146,King's Lynn and West Norfolk,E14001497,South West Norfolk,false,true,
E05012392,Bean & Village Park,E07000107,Dartford,E14001191,Dartford,false,true,
E05012393,Brent,E07000107,Dartford,E14001191,Dartford,false,true,
E05012394,Bridge,E07000107,Dartford,E14001191,Dartford,false,true,
E05012395,Burnham,E07000107,Dartford,E14001191,Dartford,false,true,
E05012396,Darenth,E07000107,Dartford,E14001191,Dartford,false,true,
E05012398,Greenhithe & Knockhall,E07000107,Dartford,E14001191,Dartford,false,true,
E05012399,Heath,E07000107,Dartford,E14001191,Dartford,false,true,
E05012400,Joyden's Wood,E07000107,Dartford,E14001191,Dartford,false,true,
E05012401,"Longfield, New Barn & Southfleet",E07000107,Dartford,E14001191,Dartford,false,true,
E05012402,Maypole & Leyton Cross,E07000107,Dartford,E14001191,Dartford,false,true,
E05012403,Newtown,E07000107,Dartford,E14001191,Dartford,false,true,
E05012404,Princes,E07000107,Dartford,E14001191,Dartford,false,true,
E05012405,Stone Castle,E07000107,Dartford,E14001191,Dartford,false,true,
E05012406,Stone House,E07000107,Dartford,E14001191,Dartford,false,true,
E05012408,Temple Hill,E07000107,Dartford,E14001191,Dartford,false,true,
E05012409,Town,E07000107,Dartford,E14001191,Dartford,false,true,
E05012410,West Hill,E07000107,Dartford,E14001191,Dartford,false,true,
E05012411,"Wilmington, Sutton-at-Hone & Hawley",E07000107,Dartford,E14001465,Sevenoaks,false,true,
E05012412,Barnstaple Central,E07000043,North Devon,E14001387,North Devon,false,true,
E05012413,Barnstaple with Pilton,E07000043,North Devon,E14001387,North Devon,false,true,
E05012414,Barnstaple with Westacott,E07000043,North Devon,E14001387,North Devon,false,true,
E05012415,Bickington,E07000043,North Devon,E14001387,North Devon,false,true,
E05012416,Bishop's Nympton,E07000043,North Devon,E14001387,North Devon,false,true,
E05012417,Bratton Fleming,E07000043,North Devon,E14001387,North Devon,false,true,
E05012418,Braunton East,E07000043,North Devon,E14001387,North Devon,false,true,
E05012419,Braunton West & Georgeham,E07000043,North Devon,E14001387,North Devon,false,true,
E05012420,Chittlehampton,E07000043,North Devon,E14001387,North Devon,false,true,
E05012421,Chulmleigh,E07000043,North Devon,E14001387,North Devon,false,true,
E05012422,Combe Martin,E07000043,North Devon,E14001387,North Devon,false,true,
E05012423,Fremington,E07000043,North Devon,E14001387,North Devon,false,true,
E05012424,Heanton Punchardon,E07000043,North Devon,E14001387,North Devon,false,true,
E05012425,Ilfracombe East,E07000043,North Devon,E14001387,North Devon,false,true,
E05012426,Ilfracombe West,E07000043,North Devon,E14001387,North Devon,false,true,
E05012427,Instow,E07000043,North Devon,E14001387,North Devon,false,true,
E05012428,Landkey,E07000043,North Devon,E14001387,North Devon,false,true,
E05012429,Lynton & Lynmouth,E07000043,North Devon,E14001387,North Devon,false,true,
E05012430,Marwood,E07000043,North Devon,E14001387,North Devon,false,true,
E05012431,Mortehoe,E07000043,North Devon,E14001387,North Devon,false,true,
E05012432,Newport,E07000043,North Devon,E14001387,North Devon,false,true,
E05012433,North Molton,E07000043,North Devon,E14001387,North Devon,false,true,
E05012434,Roundswell,E07000043,North Devon,E14001387,North Devon,false,true,
E05012435,South Molton,E07000043,North Devon,E14001387,North Devon,false,true,
E05012436,Witheridge,E07000043,North Devon,E14001387,North Devon,false,true,
E05012437,Belmont,E06000003,Redcar and Cleveland,E14001368,Middlesbrough South and East Cleveland,false,true,
E05012438,Brotton,E06000003,Redcar and Cleveland,E14001368,Middlesbrough South and East Cleveland,false,true,
E05012439,Coatham,E06000003,Redcar and Cleveland,E14001440,Redcar,false,true,
E05012440,Dormanstown,E06000003,Redcar and Cleveland,E14001440,Redcar,false,true,
E05012441,Eston,E06000003,Redcar and Cleveland,E14001440,Redcar,false,true,
E05012442,Grangetown,E06000003,Redcar and Cleveland,E14001440,Redcar,false,true,
E05012443,Guisborough,E06000003,Redcar and Cleveland,E14001368,Middlesbrough South and East Cleveland,false,true,
E05012444,Hutton,E06000003,Redcar and Cleveland,E14001368,Middlesbrough South and East Cleveland,false,true,
E05012445,Kirkleatham,E06000003,Redcar and Cleveland,E14001440,Redcar,false,true,
E05012446,Lockwood,E06000003,Redcar and Cleveland,E14001368,Middlesbrough South and East Cleveland,false,true,
E05012447,Loftus,E06000003,Redcar and Cleveland,E14001368,Middlesbrough South and East Cleveland,false,true,
E05012448,Longbeck,E06000003,Redcar and Cleveland,E14001440,Redcar,false,true,
E05012449,Newcomen,E06000003,Redcar and Cleveland,E14001440,Redcar,false,true,
E05012450,Normanby,E06000003,Redcar and Cleveland,E14001440,Redcar,false,true,
E05012451,Ormesby,E06000003,Redcar and Cleveland,E14001440,Redcar,false,true,
E05012452,St Germain's,E06000003,Redcar and Cleveland,E14001440,Redcar,false,true,
E05012453,Saltburn,E06000003,Redcar and Cleveland,E14001440,Redcar,false,true,
E05012454,Skelton East,E06000003,Redcar and Cleveland,E14001368,Middlesbrough South and East Cleveland,false,true,
E05012455,Skelton West,E06000003,Redcar and Cleveland,E14001368,Middlesbrough South and East Cleveland,false,true,
E05012456,South Bank,E06000003,Redcar and Cleveland,E14001440,Redcar,false,true,
E05012457,Teesville,E06000003,Redcar and Cleveland,E14001440,Redcar,false,true,
E05012458,West Dyke,E06000003,Redcar and Cleveland,E14001440,Redcar,false,true,
E05012459,Wheatlands,E06000003,Redcar and Cleveland,E14001440,Redcar,false,true,
E05012460,Zetland,E06000003,Redcar and Cleveland,E14001440,Redcar,false,true,
E05012461,Bathavon North,E06000022,Bath and North East Somerset,E14001080,Bath,false,true,
E05012462,Bathavon South,E06000022,Bath and North East Somerset,E14001241,Frome and East Somerset,false,true,
E05012463,Bathwick,E06000022,Bath and North East Somerset,E14001080,Bath,false,true,
E05012464,Chew Valley,E06000022,Bath and North East Somerset,E14001394,North East Somerset and Hanham,false,true,
E05012465,Clutton & Farmborough,E06000022,Bath and North East Somerset,E14001394,North East Somerset and Hanham,false,true,
E05012466,Combe Down,E06000022,Bath and North East Somerset,E14001080,Bath,false,true,
E05012467,High Littleton,E06000022,Bath and North East Somerset,E14001394,North East Somerset and Hanham,false,true,
E05012468,Keynsham East,E06000022,Bath and North East Somerset,E14001394,North East Somerset and Hanham,false,true,
E05012469,Keynsham North,E06000022,Bath and North East Somerset,E14001394,North East Somerset and Hanham,false,true,
E05012470,Keynsham South,E06000022,Bath and North East Somerset,E14001394,North East Somerset and Hanham,false,true,
E05012471,Kingsmead,E06000022,Bath and North East Somerset,E14001080,Bath,false,true,
E05012472,Lambridge,E06000022,Bath and North East Somerset,E14001080,Bath,false,true,
E05012473,Lansdown,E06000022,Bath and North East Somerset,E14001080,Bath,false,true,
E05012474,Mendip,E06000022,Bath and North East Somerset,E14001394,North East Somerset and Hanham,false,true,
E05012475,Midsomer Norton North,E06000022,Bath and North East Somerset,E14001241,Frome and East Somerset,false,true,
E05012476,Midsomer Norton Redfield,E06000022,Bath and North East Somerset,E14001241,Frome and East Somerset,false,true,
E05012477,Moorlands,E06000022,Bath and North East Somerset,E14001080,Bath,false,true,
E05012478,Newbridge,E06000022,Bath and North East Somerset,E14001080,Bath,false,true,
E05012479,Odd Down,E06000022,Bath and North East Somerset,E14001080,Bath,false,true,
E05012480,Oldfield Park,E06000022,Bath and North East Somerset,E14001080,Bath,false,true,
E05012481,Paulton,E06000022,Bath and North East Somerset,E14001394,North East Somerset and Hanham,false,true,
E05012482,Peasedown,E06000022,Bath and North East Somerset,E14001241,Frome and East Somerset,false,true,
E05012483,Publow & Whitchurch,E06000022,Bath and North East Somerset,E14001394,North East Somerset and Hanham,false,true,
E05012484,Radstock,E06000022,Bath and North East Somerset,E14001241,Frome and East Somerset,false,true,
E05012485,Saltford,E06000022,Bath and North East Somerset,E14001394,North East Somerset and Hanham,false,true,
E05012486,Southdown,E06000022,Bath and North East Somerset,E14001080,Bath,false,true,
E05012487,Timsbury,E06000022,Bath and North East Somerset,E14001394,North East Somerset and Hanham,false,true,
E05012488,Twerton & Whiteway,E06000022,Bath and North East Somerset,E14001080,Bath,false,true,
E05012489,Walcot,E06000022,Bath and North East Somerset,E14001080,Bath,false,true,
E05012490,Westfield,E06000022,Bath and North East Somerset,E14001241,Frome and East Somerset,false,true,
E05012491,Westmoreland,E06000022,Bath and North East Somerset,E14001080,Bath,false,true,
E05012492,Weston,E06000022,Bath and North East Somerset,E14001080,Bath,false,true,
E05012493,Widcombe & Lyncombe,E06000022,Bath and North East Somerset,E14001080,Bath,false,true,
E05012494,Ascot & Sunninghill,E06000040,Windsor and Maidenhead,E14001588,Windsor,false,true,
E05012495,Belmont,E06000040,Windsor and Maidenhead,E14001348,Maidenhead,false,true,
E05012496,Bisham & Cookham,E06000040,Windsor and Maidenhead,E14001348,Maidenhead,false,true,
E05012497,Boyn Hill,E06000040,Windsor and Maidenhead,E14001348,Maidenhead,false,true,
E05012498,Bray,E06000040,Windsor and Maidenhead,E14001348,Maidenhead,false,true,
E05012499,Clewer & Dedworth East,E06000040,Windsor and Maidenhead,E14001588,Windsor,false,true,
E05012500,Clewer & Dedworth West,E06000040,Windsor and Maidenhead,E14001588,Windsor,false,true,
E05012501,Clewer East,E06000040,Windsor and Maidenhead,E14001588,Windsor,false,true,
E05012502,Cox Green,E06000040,Windsor and Maidenhead,E14001348,Maidenhead,false,true,
E05012503,"Datchet, Horton & Wraysbury",E06000040,Windsor and Maidenhead,E14001588,Windsor,false,true,
E05012504,Eton & Castle,E06000040,Windsor and Maidenhead,E14001588,Windsor,false,true,
E05012505,Furze Platt,E06000040,Windsor and Maidenhead,E14001348,Maidenhead,false,true,
E05012506,Hurley & Walthams,E06000040,Windsor and Maidenhead,E14001348,Maidenhead,false,true,
E05012507,Old Windsor,E06000040,Windsor and Maidenhead,E14001588,Windsor,false,true,
E05012508,Oldfield,E06000040,Windsor and Maidenhead,E14001348,Maidenhead,false,true,
E05012509,Pinkneys Green,E06000040,Windsor and Maidenhead,E14001348,Maidenhead,false,true,
E05012510,Riverside,E06000040,Windsor and Maidenhead,E14001348,Maidenhead,false,true,
E05012511,St Mary's,E06000040,Windsor and Maidenhead,E14001348,Maidenhead,false,true,
E05012512,Sunningdale & Cheapside,E06000040,Windsor and Maidenhead,E14001588,Windsor,false,true,
E05012565,Assington,E07000200,Babergh,E14001494,South Suffolk,false,true,
E05012566,Box Vale,E07000200,Babergh,E14001494,South Suffolk,false,true,
E05012567,Brantham,E07000200,Babergh,E14001494,South Suffolk,false,true,
E05012568,Brett Vale,E07000200,Babergh,E14001494,South Suffolk,false,true,
E05012569,Bures St Mary & Nayland,E07000200,Babergh,E14001494,South Suffolk,false,true,
E05012570,Capel St Mary,E07000200,Babergh,E14001494,South Suffolk,false,true,
E05012571,Chadacre,E07000200,Babergh,E14001494,South Suffolk,false,true,
E05012572,Copdock & Washbrook,E07000200,Babergh,E14001494,South Suffolk,false,true,
E05012573,East Bergholt,E07000200,Babergh,E14001494,South Suffolk,false,true,
E05012574,Ganges,E07000200,Babergh,E14001494,South Suffolk,false,true,
E05012575,Great Cornard,E07000200,Babergh,E14001494,South Suffolk,false,true,
E05012576,Hadleigh North,E07000200,Babergh,E14001494,South Suffolk,false,true,
E05012577,Hadleigh South,E07000200,Babergh,E14001494,South Suffolk,false,true,
E05012578,Lavenham,E07000200,Babergh,E14001494,South Suffolk,false,true,
E05012579,Long Melford,E07000200,Babergh,E14001494,South Suffolk,false,true,
E05012580,North West Cosford,E07000200,Babergh,E14001494,South Suffolk,false,true,
E05012581,Orwell,E07000200,Babergh,E14001494,South Suffolk,false,true,
E05012582,South East Cosford,E07000200,Babergh,E14001494,South Suffolk,false,true,
E05012583,Sproughton & Pinewood,E07000200,Babergh,E14001494,South Suffolk,false,true,
E05012584,Stour,E07000200,Babergh,E14001494,South Suffolk,false,true,
E05012585,Sudbury North East,E07000200,Babergh,E14001494,South Suffolk,false,true,
E05012586,Sudbury North West,E07000200,Babergh,E14001494,South Suffolk,false,true,
E05012587,Sudbury South East,E07000200,Babergh,E14001494,South Suffolk,false,true,
E05012588,Sudbury South West,E07000200,Babergh,E14001494,South Suffolk,false,true,
E05012589,Bacton,E07000203,Mid Suffolk,E14001569,Waveney Valley,false,true,
E05012590,Battisford & Ringshall,E07000203,Mid Suffolk,E14001156,Central Suffolk and North Ipswich,false,true,
E05012591,Blakenham,E07000203,Mid Suffolk,E14001156,Central Suffolk and North Ipswich,false,true,
E05012592,Bramford,E07000203,Mid Suffolk,E14001156,Central Suffolk and North Ipswich,false,true,
E05012593,Chilton,E07000203,Mid Suffolk,E14001146,Bury St Edmunds and Stowmarket,false,true,
E05012594,Claydon & Barham,E07000203,Mid Suffolk,E14001156,Central Suffolk and North Ipswich,false,true,
E05012595,Combs Ford,E07000203,Mid Suffolk,E14001146,Bury St Edmunds and Stowmarket,false,true,
E05012596,Debenham,E07000203,Mid Suffolk,E14001156,Central Suffolk and North Ipswich,false,true,
E05012597,Elmswell & Woolpit,E07000203,Mid Suffolk,E14001146,Bury St Edmunds and Stowmarket,false,true,
E05012598,Eye,E07000203,Mid Suffolk,E14001569,Waveney Valley,false,true,
E05012599,Fressingfield,E07000203,Mid Suffolk,E14001569,Waveney Valley,false,true,
E05012600,Gislingham,E07000203,Mid Suffolk,E14001569,Waveney Valley,false,true,
E05012601,"Haughley, Stowupland & Wetherden",E07000203,Mid Suffolk,E14001569,Waveney Valley,false,true,
E05012602,Hoxne & Worlingworth,E07000203,Mid Suffolk,E14001569,Waveney Valley,false,true,
E05012603,Mendlesham,E07000203,Mid Suffolk,E14001569,Waveney Valley,false,true,
E05012604,Needham Market,E07000203,Mid Suffolk,E14001156,Central Suffolk and North Ipswich,false,true,
E05012605,Onehouse,E07000203,Mid Suffolk,E14001146,Bury St Edmunds and Stowmarket,false,true,
E05012606,Palgrave,E07000203,Mid Suffolk,E14001569,Waveney Valley,false,true,
E05012607,Rattlesden,E07000203,Mid Suffolk,E14001146,Bury St Edmunds and Stowmarket,false,true,
E05012608,Rickinghall,E07000203,Mid Suffolk,E14001569,Waveney Valley,false,true,
E05012609,St Peter's,E07000203,Mid Suffolk,E14001146,Bury St Edmunds and Stowmarket,false,true,
E05012610,Stonham,E07000203,Mid Suffolk,E14001156,Central Suffolk and North Ipswich,false,true,
E05012611,Stow Thorney,E07000203,Mid Suffolk,E14001146,Bury St Edmunds and Stowmarket,false,true,
E05012612,Stradbroke & Laxfield,E07000203,Mid Suffolk,E14001569,Waveney Valley,false,true,
E05012613,Thurston,E07000203,Mid Suffolk,E14001146,Bury St Edmunds and Stowmarket,false,true,
E05012614,Walsham-le-Willows,E07000203,Mid Suffolk,E14001569,Waveney Valley,false,true,
E05012615,Bishop's Tachbrook,E07000222,Warwick,E14001566,Warwick and Leamington,false,true,
E05012616,Budbrooke,E07000222,Warwick,E14001309,Kenilworth and Southam,false,true,
E05012617,Cubbington & Leek Wootton,E07000222,Warwick,E14001309,Kenilworth and Southam,false,true,
E05012618,Kenilworth Abbey & Arden,E07000222,Warwick,E14001309,Kenilworth and Southam,false,true,
E05012619,Kenilworth Park Hill,E07000222,Warwick,E14001309,Kenilworth and Southam,false,true,
E05012620,Kenilworth St John's,E07000222,Warwick,E14001309,Kenilworth and Southam,false,true,
E05012621,Leamington Brunswick,E07000222,Warwick,E14001566,Warwick and Leamington,false,true,
E05012622,Leamington Clarendon,E07000222,Warwick,E14001566,Warwick and Leamington,false,true,
E05012623,Leamington Lillington,E07000222,Warwick,E14001566,Warwick and Leamington,false,true,
E05012624,Leamington Milverton,E07000222,Warwick,E14001566,Warwick and Leamington,false,true,
E05012625,Leamington Willes,E07000222,Warwick,E14001566,Warwick and Leamington,false,true,
E05012626,Radford Semele,E07000222,Warwick,E14001566,Warwick and Leamington,false,true,
E05012627,Warwick All Saints & Woodloes,E07000222,Warwick,E14001566,Warwick and Leamington,false,true,
E05012628,Warwick Aylesford,E07000222,Warwick,E14001566,Warwick and Leamington,false,true,
E05012629,Warwick Myton & Heathcote,E07000222,Warwick,E14001566,Warwick and Leamington,false,true,
E05012630,Warwick Saltisford,E07000222,Warwick,E14001566,Warwick and Leamington,false,true,
E05012631,Whitnash,E07000222,Warwick,E14001566,Warwick and Leamington,false,true,
E05012632,Barleythorpe,E06000017,Rutland,E14001458,Rutland and Stamford,false,true,
E05012633,Braunston & Martinsthorpe,E06000017,Rutland,E14001458,Rutland and Stamford,false,true,
E05012634,Cottesmore,E06000017,Rutland,E14001458,Rutland and Stamford,false,true,
E05012635,Exton,E06000017,Rutland,E14001458,Rutland and Stamford,false,true,
E05012636,Greetham,E06000017,Rutland,E14001458,Rutland and Stamford,false,true,
E05012637,Ketton,E06000017,Rutland,E14001458,Rutland and Stamford,false,true,
E05012638,Langham,E06000017,Rutland,E14001458,Rutland and Stamford,false,true,
E05012639,Lyddington,E06000017,Rutland,E14001458,Rutland and Stamford,false,true,
E05012640,Normanton,E06000017,Rutland,E14001458,Rutland and Stamford,false,true,
E05012641,Oakham North East,E06000017,Rutland,E14001458,Rutland and Stamford,false,true,
E05012642,Oakham North West,E06000017,Rutland,E14001458,Rutland and Stamford,false,true,
E05012643,Oakham South,E06000017,Rutland,E14001458,Rutland and Stamford,false,true,
E05012644,Ryhall & Casterton,E06000017,Rutland,E14001458,Rutland and Stamford,false,true,
E05012645,Uppingham,E06000017,Rutland,E14001458,Rutland and Stamford,false,true,
E05012646,Whissendine,E06000017,Rutland,E14001458,Rutland and Stamford,false,true,
E05012647,Beeston & Holbeck,E08000035,Leeds,E14001323,Leeds South,false,true,
E05012648,Farnley & Wortley,E08000035,Leeds,E14001324,Leeds South West and Morley,false,true,
E05012649,Alderney & Bourne Valley,E06000058,"Bournemouth, Christchurch and Poole",E14001116,Bournemouth West,false,true,
E05012650,Bearwood & Merley,E06000058,"Bournemouth, Christchurch and Poole",E14001363,Mid Dorset and North Poole,false,true,
E05012651,Boscombe East & Pokesdown,E06000058,"Bournemouth, Christchurch and Poole",E14001115,Bournemouth East,false,true,
E05012652,Boscombe West,E06000058,"Bournemouth, Christchurch and Poole",E14001115,Bournemouth East,false,true,
E05012653,Bournemouth Central,E06000058,"Bournemouth, Christchurch and Poole",E14001116,Bournemouth West,false,true,
E05012654,Broadstone,E06000058,"Bournemouth, Christchurch and Poole",E14001363,Mid Dorset and North Poole,false,true,
E05012655,Burton & Grange,E06000058,"Bournemouth, Christchurch and Poole",E14001171,Christchurch,false,true,
E05012656,Canford Cliffs,E06000058,"Bournemouth, Christchurch and Poole",E14001429,Poole,false,true,
E05012657,Canford Heath,E06000058,"Bournemouth, Christchurch and Poole",E14001363,Mid Dorset and North Poole,false,true,
E05012658,Christchurch Town,E06000058,"Bournemouth, Christchurch and Poole",E14001171,Christchurch,false,true,
E05012659,Commons,E06000058,"Bournemouth, Christchurch and Poole",E14001171,Christchurch,false,true,
E05012660,Creekmoor,E06000058,"Bournemouth, Christchurch and Poole",E14001429,Poole,false,true,
E05012661,East Cliff & Springbourne,E06000058,"Bournemouth, Christchurch and Poole",E14001115,Bournemouth East,false,true,
E05012662,East Southbourne & Tuckton,E06000058,"Bournemouth, Christchurch and Poole",E14001115,Bournemouth East,false,true,
E05012663,Hamworthy,E06000058,"Bournemouth, Christchurch and Poole",E14001429,Poole,false,true,
E05012664,Highcliffe & Walkford,E06000058,"Bournemouth, Christchurch and Poole",E14001171,Christchurch,false,true,
E05012665,Kinson,E06000058,"Bournemouth, Christchurch and Poole",E14001116,Bournemouth West,false,true,
E05012666,Littledown & Iford,E06000058,"Bournemouth, Christchurch and Poole",E14001115,Bournemouth East,false,true,
E05012667,Moordown,E06000058,"Bournemouth, Christchurch and Poole",E14001115,Bournemouth East,false,true,
E05012668,"Mudeford, Stanpit & West Highcliffe",E06000058,"Bournemouth, Christchurch and Poole",E14001171,Christchurch,false,true,
E05012669,Muscliff & Strouden Park,E06000058,"Bournemouth, Christchurch and Poole",E14001115,Bournemouth East,false,true,
E05012670,Newtown & Heatherlands,E06000058,"Bournemouth, Christchurch and Poole",E14001429,Poole,false,true,
E05012671,Oakdale,E06000058,"Bournemouth, Christchurch and Poole",E14001429,Poole,false,true,
E05012672,Parkstone,E06000058,"Bournemouth, Christchurch and Poole",E14001429,Poole,false,true,
E05012673,Penn Hill,E06000058,"Bournemouth, Christchurch and Poole",E14001429,Poole,false,true,
E05012674,Poole Town,E06000058,"Bournemouth, Christchurch and Poole",E14001429,Poole,false,true,
E05012675,Queen's Park,E06000058,"Bournemouth, Christchurch and Poole",E14001115,Bournemouth East,false,true,
E05012676,Redhill & Northbourne,E06000058,"Bournemouth, Christchurch and Poole",E14001116,Bournemouth West,false,true,
E05012677,Talbot & Branksome Woods,E06000058,"Bournemouth, Christchurch and Poole",E14001116,Bournemouth West,false,true,
E05012678,Wallisdown & Winton West,E06000058,"Bournemouth, Christchurch and Poole",E14001116,Bournemouth West,false,true,
E05012679,West Southbourne,E06000058,"Bournemouth, Christchurch and Poole",E14001115,Bournemouth East,false,true,
E05012680,Westbourne & West Cliff,E06000058,"Bournemouth, Christchurch and Poole",E14001116,Bournemouth West,false,true,
E05012681,Winton East,E06000058,"Bournemouth, Christchurch and Poole",E14001116,Bournemouth West,false,true,
E05012682,Beacon,E06000059,Dorset,E14001388,North Dorset,false,true,
E05012683,Beaminster,E06000059,Dorset,E14001575,West Dorset,false,true,
E05012684,Blackmore Vale,E06000059,Dorset,E14001388,North Dorset,false,true,
E05012685,Blandford,E06000059,Dorset,E14001388,North Dorset,false,true,
E05012687,Chalk Valleys,E06000059,Dorset,E14001575,West Dorset,false,true,
E05012688,Charminster St Mary's,E06000059,Dorset,E14001575,West Dorset,false,true,
E05012690,Chickerell,E06000059,Dorset,E14001485,South Dorset,false,true,
E05012691,Colehill & Wimborne Minster East,E06000059,Dorset,E14001363,Mid Dorset and North Poole,false,true,
E05012692,Corfe Mullen,E06000059,Dorset,E14001363,Mid Dorset and North Poole,false,true,
E05012693,Cranborne & Alderholt,E06000059,Dorset,E14001388,North Dorset,false,true,
E05012694,Cranborne Chase,E06000059,Dorset,E14001388,North Dorset,false,true,
E05012695,Crossways,E06000059,Dorset,E14001485,South Dorset,false,true,
E05012696,Dorchester East,E06000059,Dorset,E14001575,West Dorset,false,true,
E05012697,Dorchester Poundbury,E06000059,Dorset,E14001575,West Dorset,false,true,
E05012698,Dorchester West,E06000059,Dorset,E14001575,West Dorset,false,true,
E05012700,Ferndown North,E06000059,Dorset,E14001171,Christchurch,false,true,
E05012701,Ferndown South,E06000059,Dorset,E14001171,Christchurch,false,true,
E05012702,Gillingham,E06000059,Dorset,E14001388,North Dorset,false,true,
E05012703,Hill Forts & Upper Tarrants,E06000059,Dorset,E14001388,North Dorset,false,true,
E05012704,Littlemoor & Preston,E06000059,Dorset,E14001485,South Dorset,false,true,
E05012705,Lyme & Charmouth,E06000059,Dorset,E14001575,West Dorset,false,true,
E05012706,Lytchett Matravers & Upton,E06000059,Dorset,E14001363,Mid Dorset and North Poole,false,true,
E05012708,Melcombe Regis,E06000059,Dorset,E14001485,South Dorset,false,true,
E05012709,Portland,E06000059,Dorset,E14001485,South Dorset,false,true,
E05012710,Puddletown & Lower Winterborne,E06000059,Dorset,E14001388,North Dorset,false,true,
E05012711,Radipole,E06000059,Dorset,E14001485,South Dorset,false,true,
E05012712,Rodwell & Wyke,E06000059,Dorset,E14001485,South Dorset,false,true,
E05012713,St Leonards & St Ives,E06000059,Dorset,E14001171,Christchurch,false,true,
E05012714,Shaftesbury Town,E06000059,Dorset,E14001388,North Dorset,false,true,
E05012715,Sherborne East,E06000059,Dorset,E14001575,West Dorset,false,true,
E05012716,Sherborne Rural,E06000059,Dorset,E14001575,West Dorset,false,true,
E05012717,Sherborne West,E06000059,Dorset,E14001575,West Dorset,false,true,
E05012718,South East Purbeck,E06000059,Dorset,E14001485,South Dorset,false,true,
E05012719,Stalbridge & Marnhull,E06000059,Dorset,E14001388,North Dorset,false,true,
E05012720,Stour & Allen Vale,E06000059,Dorset,E14001363,Mid Dorset and North Poole,false,true,
E05012721,Sturminster Newton,E06000059,Dorset,E14001388,North Dorset,false,true,
E05012722,Swanage,E06000059,Dorset,E14001485,South Dorset,false,true,
E05012723,Upwey & Broadwey,E06000059,Dorset,E14001485,South Dorset,false,true,
E05012724,Verwood,E06000059,Dorset,E14001388,North Dorset,false,true,
E05012725,Wareham,E06000059,Dorset,E14001363,Mid Dorset and North Poole,false,true,
E05012726,West Moors & Three Legged Cross,E06000059,Dorset,E14001171,Christchurch,false,true,
E05012727,West Parley,E06000059,Dorset,E14001171,Christchurch,false,true,
E05012728,West Purbeck,E06000059,Dorset,E14001485,South Dorset,true,true,102.7927
E05012728,West Purbeck,E06000059,Dorset,E14001363,Mid Dorset and North Poole,true,false,44.0581
E05012729,Westham,E06000059,Dorset,E14001485,South Dorset,false,true,
E05012730,Wimborne Minster,E06000059,Dorset,E14001363,Mid Dorset and North Poole,false,true,
E05012731,Winterborne & Broadmayne,E06000059,Dorset,E14001575,West Dorset,false,true,
E05012732,Winterborne North,E06000059,Dorset,E14001388,North Dorset,false,true,
E05012733,Yetminster,E06000059,Dorset,E14001575,West Dorset,false,true,
E05012735,Beccles & Worlingham,E07000244,East Suffolk,E14001344,Lowestoft,false,true,
E05012736,Bungay & Wainford,E07000244,East Suffolk,E14001569,Waveney Valley,false,true,
E05012737,Carlford & Fynn Valley,E07000244,East Suffolk,E14001156,Central Suffolk and North Ipswich,false,true,
E05012738,Carlton & Whitton,E07000244,East Suffolk,E14001344,Lowestoft,false,true,
E05012739,Carlton Colville,E07000244,East Suffolk,E14001344,Lowestoft,false,true,
E05012740,Deben,E07000244,East Suffolk,E14001530,Suffolk Coastal,false,true,
E05012741,Eastern Felixstowe,E07000244,East Suffolk,E14001530,Suffolk Coastal,false,true,
E05012742,Framlingham,E07000244,East Suffolk,E14001156,Central Suffolk and North Ipswich,false,true,
E05012743,Gunton & St Margarets,E07000244,East Suffolk,E14001344,Lowestoft,false,true,
E05012744,Halesworth & Blything,E07000244,East Suffolk,E14001569,Waveney Valley,false,true,
E05012745,Harbour & Normanston,E07000244,East Suffolk,E14001344,Lowestoft,false,true,
E05012746,Kelsale & Yoxford,E07000244,East Suffolk,E14001530,Suffolk Coastal,false,true,
E05012747,Kesgrave,E07000244,East Suffolk,E14001156,Central Suffolk and North Ipswich,false,true,
E05012748,Kessingland,E07000244,East Suffolk,E14001344,Lowestoft,false,true,
E05012749,Kirkley & Pakefield,E07000244,East Suffolk,E14001344,Lowestoft,false,true,
E05012750,Lothingland,E07000244,East Suffolk,E14001344,Lowestoft,false,true,
E05012754,Oulton Broad,E07000244,East Suffolk,E14001344,Lowestoft,false,true,
E05012755,Rendlesham & Orford,E07000244,East Suffolk,E14001530,Suffolk Coastal,false,true,
E05012756,Rushmere St Andrew,E07000244,East Suffolk,E14001156,Central Suffolk and North Ipswich,false,true,
E05012758,Southwold,E07000244,East Suffolk,E14001530,Suffolk Coastal,false,true,
E05012759,Western Felixstowe,E07000244,East Suffolk,E14001530,Suffolk Coastal,false,true,
E05012760,Wickham Market,E07000244,East Suffolk,E14001156,Central Suffolk and North Ipswich,false,true,
E05012762,"Wrentham, Wangford & Westleton",E07000244,East Suffolk,E14001530,Suffolk Coastal,false,true,
E05012763,Abbeygate,E07000245,West Suffolk,E14001146,Bury St Edmunds and Stowmarket,false,true,
E05012764,Bardwell,E07000245,West Suffolk,E14001146,Bury St Edmunds and Stowmarket,false,true,
E05012765,Barningham,E07000245,West Suffolk,E14001146,Bury St Edmunds and Stowmarket,false,true,
E05012766,Barrow,E07000245,West Suffolk,E14001578,West Suffolk,false,true,
E05012767,Brandon Central,E07000245,West Suffolk,E14001578,West Suffolk,false,true,
E05012768,Brandon East,E07000245,West Suffolk,E14001578,West Suffolk,false,true,
E05012769,Brandon West,E07000245,West Suffolk,E14001578,West Suffolk,false,true,
E05012770,Chedburgh & Chevington,E07000245,West Suffolk,E14001578,West Suffolk,false,true,
E05012771,"Clare, Hundon & Kedington",E07000245,West Suffolk,E14001578,West Suffolk,false,true,
E05012772,Eastgate,E07000245,West Suffolk,E14001146,Bury St Edmunds and Stowmarket,false,true,
E05012773,Exning,E07000245,West Suffolk,E14001578,West Suffolk,false,true,
E05012774,Haverhill Central,E07000245,West Suffolk,E14001578,West Suffolk,false,true,
E05012775,Haverhill East,E07000245,West Suffolk,E14001578,West Suffolk,false,true,
E05012776,Haverhill North,E07000245,West Suffolk,E14001578,West Suffolk,false,true,
E05012777,Haverhill South,E07000245,West Suffolk,E14001578,West Suffolk,false,true,
E05012778,Haverhill South East,E07000245,West Suffolk,E14001578,West Suffolk,false,true,
E05012779,Haverhill West,E07000245,West Suffolk,E14001578,West Suffolk,false,true,
E05012780,Horringer,E07000245,West Suffolk,E14001578,West Suffolk,false,true,
E05012782,Ixworth,E07000245,West Suffolk,E14001146,Bury St Edmunds and Stowmarket,false,true,
E05012783,Kentford & Moulton,E07000245,West Suffolk,E14001578,West Suffolk,false,true,
E05012784,Lakenheath,E07000245,West Suffolk,E14001578,West Suffolk,false,true,
E05012786,Mildenhall Great Heath,E07000245,West Suffolk,E14001578,West Suffolk,false,true,
E05012787,Mildenhall Kingsway & Market,E07000245,West Suffolk,E14001578,West Suffolk,false,true,
E05012788,Mildenhall Queensway,E07000245,West Suffolk,E14001578,West Suffolk,false,true,
E05012789,Minden,E07000245,West Suffolk,E14001146,Bury St Edmunds and Stowmarket,false,true,
E05012791,Newmarket East,E07000245,West Suffolk,E14001578,West Suffolk,false,true,
E05012792,Newmarket North,E07000245,West Suffolk,E14001578,West Suffolk,false,true,
E05012793,Newmarket West,E07000245,West Suffolk,E14001578,West Suffolk,false,true,
E05012794,Pakenham & Troston,E07000245,West Suffolk,E14001146,Bury St Edmunds and Stowmarket,false,true,
E05012795,Risby,E07000245,West Suffolk,E14001578,West Suffolk,false,true,
E05012797,St Olaves,E07000245,West Suffolk,E14001146,Bury St Edmunds and Stowmarket,false,true,
E05012798,Southgate,E07000245,West Suffolk,E14001146,Bury St Edmunds and Stowmarket,false,true,
E05012799,Stanton,E07000245,West Suffolk,E14001146,Bury St Edmunds and Stowmarket,false,true,
E05012800,The Fornhams & Great Barton,E07000245,West Suffolk,E14001146,Bury St Edmunds and Stowmarket,false,true,
E05012801,The Rows,E07000245,West Suffolk,E14001578,West Suffolk,false,true,
E05012802,Tollgate,E07000245,West Suffolk,E14001146,Bury St Edmunds and Stowmarket,false,true,
E05012803,Westgate,E07000245,West Suffolk,E14001146,Bury St Edmunds and Stowmarket,false,true,
E05012804,Whepstead & Wickhambrook,E07000245,West Suffolk,E14001578,West Suffolk,false,true,
E05012805,Withersfield,E07000245,West Suffolk,E14001578,West Suffolk,false,true,
E05012841,Adel & Wharfedale,E08000035,Leeds,E14001322,Leeds North West,false,true,
E05012842,Alwoodley,E08000035,Leeds,E14001321,Leeds North East,false,true,
E05012851,Ditchingham & Earsham,E07000149,South Norfolk,E14001569,Waveney Valley,false,true,
E05012852,Harleston,E07000149,South Norfolk,E14001569,Waveney Valley,false,true,
E05012854,Sonning Common,E07000179,South Oxfordshire,E14001280,Henley and Thame,false,true,
E05012855,Alkham & Capel-le-Ferne,E07000108,Dover,E14001202,Dover and Deal,false,true,
E05012856,"Aylesham, Eythorne & Shepherdswell",E07000108,Dover,E14001202,Dover and Deal,false,true,
E05012857,Buckland,E07000108,Dover,E14001202,Dover and Deal,false,true,
E05012858,Dover Downs & River,E07000108,Dover,E14001202,Dover and Deal,false,true,
E05012859,Eastry Rural,E07000108,Dover,E14001202,Dover and Deal,false,true,
E05012860,"Guston, Kingsdown & St Margaret's-at-Cliffe",E07000108,Dover,E14001202,Dover and Deal,false,true,
E05012861,Little Stour & Ashstone,E07000108,Dover,E14001282,Herne Bay and Sandwich,false,true,
E05012862,Maxton & Elms Vale,E07000108,Dover,E14001202,Dover and Deal,false,true,
E05012863,Middle Deal,E07000108,Dover,E14001202,Dover and Deal,false,true,
E05012864,Mill Hill,E07000108,Dover,E14001202,Dover and Deal,false,true,
E05012865,North Deal,E07000108,Dover,E14001202,Dover and Deal,false,true,
E05012866,St Radigunds,E07000108,Dover,E14001202,Dover and Deal,false,true,
E05012867,Sandwich,E07000108,Dover,E14001282,Herne Bay and Sandwich,false,true,
E05012868,Tower Hamlets,E07000108,Dover,E14001202,Dover and Deal,false,true,
E05012869,Town & Castle,E07000108,Dover,E14001202,Dover and Deal,false,true,
E05012870,Walmer,E07000108,Dover,E14001202,Dover and Deal,false,true,
E05012871,Whitfield,E07000108,Dover,E14001202,Dover and Deal,false,true,
E05012872,Banstead Village,E07000211,Reigate and Banstead,E14001442,Reigate,false,true,
E05012873,"Chipstead, Kingswood & Woodmansterne",E07000211,Reigate and Banstead,E14001442,Reigate,false,true,
E05012874,Earlswood & Whitebushes,E07000211,Reigate and Banstead,E14001442,Reigate,false,true,
E05012875,"Hooley, Merstham & Netherne",E07000211,Reigate and Banstead,E14001215,East Surrey,false,true,
E05012876,Horley Central & South,E07000211,Reigate and Banstead,E14001201,Dorking and Horley,false,true,
E05012877,Horley East & Salfords,E07000211,Reigate and Banstead,E14001201,Dorking and Horley,false,true,
E05012878,Horley West & Sidlow,E07000211,Reigate and Banstead,E14001201,Dorking and Horley,false,true,
E05012879,"Lower Kingswood, Tadworth & Walton",E07000211,Reigate and Banstead,E14001442,Reigate,false,true,
E05012880,Meadvale & St John's,E07000211,Reigate and Banstead,E14001442,Reigate,false,true,
E05012881,Nork,E07000211,Reigate and Banstead,E14001442,Reigate,false,true,
E05012882,Redhill East,E07000211,Reigate and Banstead,E14001442,Reigate,false,true,
E05012883,Redhill West & Wray Common,E07000211,Reigate and Banstead,E14001442,Reigate,false,true,
E05012884,Reigate,E07000211,Reigate and Banstead,E14001442,Reigate,false,true,
E05012885,South Park & Woodhatch,E07000211,Reigate and Banstead,E14001442,Reigate,false,true,
E05012886,Tattenham Corner & Preston,E07000211,Reigate and Banstead,E14001442,Reigate,false,true,
E05012887,Addlestone North,E07000212,Runnymede,E14001456,Runnymede and Weybridge,false,true,
E05012888,Addlestone South,E07000212,Runnymede,E14001456,Runnymede and Weybridge,false,true,
E05012889,Chertsey Riverside,E07000212,Runnymede,E14001456,Runnymede and Weybridge,false,true,
E05012890,Chertsey St Ann's,E07000212,Runnymede,E14001456,Runnymede and Weybridge,false,true,
E05012891,Egham Hythe,E07000212,Runnymede,E14001456,Runnymede and Weybridge,false,true,
E05012892,Egham Town,E07000212,Runnymede,E14001456,Runnymede and Weybridge,false,true,
E05012893,Englefield Green East,E07000212,Runnymede,E14001588,Windsor,false,true,
E05012894,Englefield Green West,E07000212,Runnymede,E14001588,Windsor,false,true,
E05012895,"Longcross, Lyne & Chertsey South",E07000212,Runnymede,E14001456,Runnymede and Weybridge,false,true,
E05012896,New Haw,E07000212,Runnymede,E14001456,Runnymede and Weybridge,false,true,
E05012897,Ottershaw,E07000212,Runnymede,E14001456,Runnymede and Weybridge,false,true,
E05012898,Thorpe,E07000212,Runnymede,E14001456,Runnymede and Weybridge,false,true,
E05012899,Virginia Water,E07000212,Runnymede,E14001588,Windsor,false,true,
E05012900,Woodham & Rowtown,E07000212,Runnymede,E14001456,Runnymede and Weybridge,false,true,
E05012901,Bowthorpe,E07000148,Norwich,E14001409,Norwich South,false,true,
E05012902,Catton Grove,E07000148,Norwich,E14001408,Norwich North,false,true,
E05012903,Crome,E07000148,Norwich,E14001408,Norwich North,false,true,
E05012904,Eaton,E07000148,Norwich,E14001409,Norwich South,false,true,
E05012905,Lakenham,E07000148,Norwich,E14001409,Norwich South,false,true,
E05012906,Mancroft,E07000148,Norwich,E14001409,Norwich South,false,true,
E05012907,Mile Cross,E07000148,Norwich,E14001408,Norwich North,false,true,
E05012908,Nelson,E07000148,Norwich,E14001409,Norwich South,false,true,
E05012909,Sewell,E07000148,Norwich,E14001408,Norwich North,false,true,
E05012910,Thorpe Hamlet,E07000148,Norwich,E14001409,Norwich South,false,true,
E05012911,Town Close,E07000148,Norwich,E14001409,Norwich South,false,true,
E05012912,University,E07000148,Norwich,E14001409,Norwich South,false,true,
E05012913,Wensum,E07000148,Norwich,E14001409,Norwich South,false,true,
E05012914,Bewbush & North Broadfield,E07000226,Crawley,E14001184,Crawley,false,true,
E05012915,Broadfield,E07000226,Crawley,E14001184,Crawley,false,true,
E05012916,Furnace Green,E07000226,Crawley,E14001184,Crawley,false,true,
E05012917,Gossops Green & North East Broadfield,E07000226,Crawley,E14001184,Crawley,false,true,
E05012918,Ifield,E07000226,Crawley,E14001184,Crawley,false,true,
E05012919,Langley Green & Tushmore,E07000226,Crawley,E14001184,Crawley,false,true,
E05012920,Maidenbower,E07000226,Crawley,E14001184,Crawley,false,true,
E05012921,Northgate & West Green,E07000226,Crawley,E14001184,Crawley,false,true,
E05012922,Pound Hill North & Forge Wood,E07000226,Crawley,E14001184,Crawley,false,true,
E05012923,Pound Hill South & Worth,E07000226,Crawley,E14001184,Crawley,false,true,
E05012924,Southgate,E07000226,Crawley,E14001184,Crawley,false,true,
E05012925,Three Bridges,E07000226,Crawley,E14001184,Crawley,false,true,
E05012926,Tilgate,E07000226,Crawley,E14001184,Crawley,false,true,
E05012927,Ampfield & Braishfield,E07000093,Test Valley,E14001449,Romsey and Southampton North,false,true,
E05012928,Andover Harroway,E07000093,Test Valley,E14001403,North West Hampshire,false,true,
E05012929,Andover Millway,E07000093,Test Valley,E14001403,North West Hampshire,false,true,
E05012930,Andover St Mary's,E07000093,Test Valley,E14001403,North West Hampshire,false,true,
E05012931,Andover Winton,E07000093,Test Valley,E14001403,North West Hampshire,false,true,
E05012932,Anna,E07000093,Test Valley,E14001449,Romsey and Southampton North,false,true,
E05012933,Bellinger,E07000093,Test Valley,E14001449,Romsey and Southampton North,false,true,
E05012934,Bourne Valley,E07000093,Test Valley,E14001403,North West Hampshire,false,true,
E05012935,Charlton & the Pentons,E07000093,Test Valley,E14001449,Romsey and Southampton North,false,true,
E05012936,"Chilworth, Nursling & Rownhams",E07000093,Test Valley,E14001449,Romsey and Southampton North,false,true,
E05012937,North Baddesley,E07000093,Test Valley,E14001449,Romsey and Southampton North,false,true,
E05012938,Romsey Cupernham,E07000093,Test Valley,E14001449,Romsey and Southampton North,false,true,
E05012939,Valley Park,E07000093,Test Valley,E14001220,Eastleigh,false,true,
E05012953,Little Stour & Adisham,E07000106,Canterbury,E14001151,Canterbury,false,true,
E05012954,Nailbourne,E07000106,Canterbury,E14001151,Canterbury,false,true,
E05012955,Reculver,E07000106,Canterbury,E14001282,Herne Bay and Sandwich,false,true,
E05012956,Sturry,E07000106,Canterbury,E14001282,Herne Bay and Sandwich,false,true,
E05012957,Credenhill,E06000019,"Herefordshire, County of",E14001395,North Herefordshire,false,true,
E05012958,Queenswood,E06000019,"Herefordshire, County of",E14001395,North Herefordshire,false,true,
E05012959,Stoney Street,E06000019,"Herefordshire, County of",E14001281,Hereford and South Herefordshire,false,true,
E05012960,Sutton Walls,E06000019,"Herefordshire, County of",E14001395,North Herefordshire,false,true,
E05012961,Gosfield & Greenstead Green,E07000067,Braintree,E14001121,Braintree,false,true,
E05012962,Halstead St Andrew's,E07000067,Braintree,E14001121,Braintree,false,true,
E05012963,Halstead Trinity,E07000067,Braintree,E14001121,Braintree,false,true,
E05012964,Hatfield Peverel & Terling,E07000067,Braintree,E14001590,Witham,false,true,
E05012965,Silver End & Cressing,E07000067,Braintree,E14001590,Witham,false,true,
E05012966,Witham Central,E07000067,Braintree,E14001590,Witham,false,true,
E05012967,Witham North,E07000067,Braintree,E14001590,Witham,false,true,
E05012968,Bicester South and Ambrosden,E07000177,Cherwell,E14001090,Bicester and Woodstock,false,true,
E05012969,Fringford and Heyfords,E07000177,Cherwell,E14001090,Bicester and Woodstock,false,true,
E05012970,Abingdon Dunmore,E07000180,Vale of White Horse,E14001420,Oxford West and Abingdon,false,true,
E05012971,Abingdon Peachcroft,E07000180,Vale of White Horse,E14001420,Oxford West and Abingdon,false,true,
E05012973,Faringdon,E07000180,Vale of White Horse,E14001591,Witney,false,true,
E05012974,Grove North,E07000180,Vale of White Horse,E14001197,Didcot and Wantage,false,true,
E05012975,Hendreds,E07000180,Vale of White Horse,E14001197,Didcot and Wantage,false,true,
E05012977,Marcham,E07000180,Vale of White Horse,E14001420,Oxford West and Abingdon,false,true,
E05012978,Wantage & Grove Brook,E07000180,Vale of White Horse,E14001197,Didcot and Wantage,false,true,
E05012979,Wantage Charlton,E07000180,Vale of White Horse,E14001197,Didcot and Wantage,false,true,
E05012980,Watchfield & Shrivenham,E07000180,Vale of White Horse,E14001591,Witney,false,true,
E05012990,Barton,E07000106,Canterbury,E14001151,Canterbury,false,true,
E05012991,Chartham & Stone Street,E07000106,Canterbury,E14001151,Canterbury,false,true,
E05012992,Kingston Bagpuize,E07000180,Vale of White Horse,E14001591,Witney,false,true,
E05012993,Anston & Woodsetts,E08000018,Rotherham,E14001451,Rother Valley,false,true,
E05012994,Aston & Todwick,E08000018,Rotherham,E14001451,Rother Valley,false,true,
E05012995,Aughton & Swallownest,E08000018,Rotherham,E14001451,Rother Valley,false,true,
E05012996,Boston Castle,E08000018,Rotherham,E14001452,Rotherham,false,true,
E05012997,Bramley & Ravenfield,E08000018,Rotherham,E14001436,Rawmarsh and Conisbrough,false,true,
E05012998,Brinsworth,E08000018,Rotherham,E14001452,Rotherham,false,true,
E05012999,Dalton & Thrybergh,E08000018,Rotherham,E14001452,Rotherham,false,true,
E05013000,Dinnington,E08000018,Rotherham,E14001451,Rother Valley,false,true,
E05013001,Greasbrough,E08000018,Rotherham,E14001452,Rotherham,false,true,
E05013002,Hellaby & Maltby West,E08000018,Rotherham,E14001451,Rother Valley,false,true,
E05013003,Hoober,E08000018,Rotherham,E14001436,Rawmarsh and Conisbrough,false,true,
E05013004,Keppel,E08000018,Rotherham,E14001452,Rotherham,false,true,
E05013005,Kilnhurst & Swinton East,E08000018,Rotherham,E14001436,Rawmarsh and Conisbrough,false,true,
E05013006,Maltby East,E08000018,Rotherham,E14001451,Rother Valley,false,true,
E05013007,Rawmarsh East,E08000018,Rotherham,E14001436,Rawmarsh and Conisbrough,false,true,
E05013008,Rawmarsh West,E08000018,Rotherham,E14001436,Rawmarsh and Conisbrough,false,true,
E05013009,Rother Vale,E08000018,Rotherham,E14001452,Rotherham,false,true,
E05013010,Rotherham East,E08000018,Rotherham,E14001452,Rotherham,false,true,
E05013011,Rotherham West,E08000018,Rotherham,E14001452,Rotherham,false,true,
E05013012,Sitwell,E08000018,Rotherham,E14001451,Rother Valley,false,true,
E05013013,Swinton Rockingham,E08000018,Rotherham,E14001436,Rawmarsh and Conisbrough,false,true,
E05013014,Thurcroft & Wickersley South,E08000018,Rotherham,E14001451,Rother Valley,false,true,
E05013015,Wales,E08000018,Rotherham,E14001451,Rother Valley,false,true,
E05013016,Wath,E08000018,Rotherham,E14001436,Rawmarsh and Conisbrough,false,true,
E05013017,Wickersley North,E08000018,Rotherham,E14001452,Rotherham,false,true,
E05013018,Barton & Winton,E08000006,Salford,E14001598,Worsley and Eccles,false,true,
E05013019,Blackfriars & Trinity,E08000006,Salford,E14001459,Salford,false,true,
E05013020,Boothstown & Ellenbrook,E08000006,Salford,E14001598,Worsley and Eccles,false,true,
E05013021,Broughton,E08000006,Salford,E14001459,Salford,false,true,
E05013022,Cadishead & Lower Irlam,E08000006,Salford,E14001598,Worsley and Eccles,false,true,
E05013023,Claremont,E08000006,Salford,E14001459,Salford,false,true,
E05013024,Eccles,E08000006,Salford,E14001598,Worsley and Eccles,false,true,
E05013025,Higher Irlam & Peel Green,E08000006,Salford,E14001598,Worsley and Eccles,false,true,
E05013026,Kersal & Broughton Park,E08000006,Salford,E14001145,Bury South,false,true,
E05013027,Little Hulton,E08000006,Salford,E14001111,Bolton South and Walkden,false,true,
E05013028,Ordsall,E08000006,Salford,E14001459,Salford,false,true,
E05013029,Pendlebury & Clifton,E08000006,Salford,E14001459,Salford,false,true,
E05013030,Pendleton & Charlestown,E08000006,Salford,E14001459,Salford,false,true,
E05013031,Quays,E08000006,Salford,E14001459,Salford,false,true,
E05013032,Swinton & Wardley,E08000006,Salford,E14001598,Worsley and Eccles,false,true,
E05013033,Swinton Park,E08000006,Salford,E14001459,Salford,false,true,
E05013034,Walkden North,E08000006,Salford,E14001111,Bolton South and Walkden,false,true,
E05013035,Walkden South,E08000006,Salford,E14001111,Bolton South and Walkden,false,true,
E05013036,Weaste & Seedley,E08000006,Salford,E14001459,Salford,false,true,
E05013037,Worsley & Westwood Park,E08000006,Salford,E14001598,Worsley and Eccles,false,true,
E05013038,Burn Valley,E06000001,Hartlepool,E14001272,Hartlepool,false,true,
E05013039,De Bruce,E06000001,Hartlepool,E14001272,Hartlepool,false,true,
E05013040,Fens & Greatham,E06000001,Hartlepool,E14001272,Hartlepool,false,true,
E05013041,Foggy Furze,E06000001,Hartlepool,E14001272,Hartlepool,false,true,
E05013042,Hart,E06000001,Hartlepool,E14001272,Hartlepool,false,true,
E05013043,Headland & Harbour,E06000001,Hartlepool,E14001272,Hartlepool,false,true,
E05013044,Manor House,E06000001,Hartlepool,E14001272,Hartlepool,false,true,
E05013045,Rossmere,E06000001,Hartlepool,E14001272,Hartlepool,false,true,
E05013046,Rural West,E06000001,Hartlepool,E14001272,Hartlepool,false,true,
E05013047,Seaton,E06000001,Hartlepool,E14001272,Hartlepool,false,true,
E05013048,Throston,E06000001,Hartlepool,E14001272,Hartlepool,false,true,
E05013049,Victoria,E06000001,Hartlepool,E14001272,Hartlepool,false,true,
E05013050,Abbey,E07000008,Cambridge,E14001149,Cambridge,false,true,
E05013051,Arbury,E07000008,Cambridge,E14001149,Cambridge,false,true,
E05013052,Castle,E07000008,Cambridge,E14001149,Cambridge,false,true,
E05013053,Cherry Hinton,E07000008,Cambridge,E14001481,South Cambridgeshire,false,true,
E05013054,Coleridge,E07000008,Cambridge,E14001149,Cambridge,false,true,
E05013055,East Chesterton,E07000008,Cambridge,E14001149,Cambridge,false,true,
E05013056,King's Hedges,E07000008,Cambridge,E14001149,Cambridge,false,true,
E05013057,Market,E07000008,Cambridge,E14001149,Cambridge,false,true,
E05013058,Newnham,E07000008,Cambridge,E14001149,Cambridge,false,true,
E05013059,Petersfield,E07000008,Cambridge,E14001149,Cambridge,false,true,
E05013060,Queen Edith's,E07000008,Cambridge,E14001481,South Cambridgeshire,false,true,
E05013061,Romsey,E07000008,Cambridge,E14001149,Cambridge,false,true,
E05013062,Trumpington,E07000008,Cambridge,E14001149,Cambridge,false,true,
E05013063,West Chesterton,E07000008,Cambridge,E14001149,Cambridge,false,true,
E05013064,Adlington & Anderton,E07000118,Chorley,E14001170,Chorley,false,true,
E05013065,Buckshaw & Whittle,E07000118,Chorley,E14001170,Chorley,false,true,
E05013066,Chorley East,E07000118,Chorley,E14001170,Chorley,false,true,
E05013067,Chorley North East,E07000118,Chorley,E14001170,Chorley,false,true,
E05013068,Chorley North West,E07000118,Chorley,E14001170,Chorley,false,true,
E05013069,Chorley North & Astley,E07000118,Chorley,E14001170,Chorley,false,true,
E05013070,Chorley South East & Heath Charnock,E07000118,Chorley,E14001170,Chorley,false,true,
E05013071,Chorley South West,E07000118,Chorley,E14001170,Chorley,false,true,
E05013072,"Clayton East, Brindle & Hoghton",E07000118,Chorley,E14001170,Chorley,false,true,
E05013073,Clayton West & Cuerden,E07000118,Chorley,E14001170,Chorley,false,true,
E05013074,Coppull,E07000118,Chorley,E14001170,Chorley,false,true,
E05013075,"Croston, Mawdesley & Euxton South",E07000118,Chorley,E14001491,South Ribble,false,true,
E05013076,"Eccleston, Heskin & Charnock Richard",E07000118,Chorley,E14001491,South Ribble,false,true,
E05013077,Euxton,E07000118,Chorley,E14001170,Chorley,false,true,
E05013078,Basing & Upton Grey,E07000084,Basingstoke and Deane,E14001392,North East Hampshire,false,true,
E05013079,Bramley,E07000084,Basingstoke and Deane,E14001392,North East Hampshire,false,true,
E05013080,Brighton Hill,E07000084,Basingstoke and Deane,E14001078,Basingstoke,false,true,
E05013081,Brookvale & Kings Furlong,E07000084,Basingstoke and Deane,E14001078,Basingstoke,false,true,
E05013082,Chineham,E07000084,Basingstoke and Deane,E14001078,Basingstoke,false,true,
E05013083,Eastrop & Grove,E07000084,Basingstoke and Deane,E14001078,Basingstoke,false,true,
E05013084,Evingar,E07000084,Basingstoke and Deane,E14001403,North West Hampshire,false,true,
E05013085,Hatch Warren & Beggarwood,E07000084,Basingstoke and Deane,E14001078,Basingstoke,false,true,
E05013086,Kempshott & Buckskin,E07000084,Basingstoke and Deane,E14001078,Basingstoke,false,true,
E05013087,Norden,E07000084,Basingstoke and Deane,E14001078,Basingstoke,false,true,
E05013088,Oakley & The Candovers,E07000084,Basingstoke and Deane,E14001214,East Hampshire,true,true,75.6976
E05013088,Oakley & The Candovers,E07000084,Basingstoke and Deane,E14001078,Basingstoke,true,false,41.8515
E05013089,Popley,E07000084,Basingstoke and Deane,E14001078,Basingstoke,false,true,
E05013090,Sherborne St John & Rooksdown,E07000084,Basingstoke and Deane,E14001403,North West Hampshire,false,true,
E05013091,South Ham,E07000084,Basingstoke and Deane,E14001078,Basingstoke,false,true,
E05013092,Tadley & Pamber,E07000084,Basingstoke and Deane,E14001403,North West Hampshire,false,true,
E05013093,"Tadley North, Kingsclere & Baughurst",E07000084,Basingstoke and Deane,E14001403,North West Hampshire,false,true,
E05013094,"Whitchurch, Overton & Laverstoke",E07000084,Basingstoke and Deane,E14001403,North West Hampshire,false,true,
E05013095,Winklebury & Manydown,E07000084,Basingstoke and Deane,E14001078,Basingstoke,false,true,
E05013096,Barton & Sandhills,E07000178,Oxford,E14001419,Oxford East,false,true,
E05013097,Blackbird Leys,E07000178,Oxford,E14001419,Oxford East,false,true,
E05013098,Carfax & Jericho,E07000178,Oxford,E14001420,Oxford West and Abingdon,false,true,
E05013099,Churchill,E07000178,Oxford,E14001419,Oxford East,false,true,
E05013100,Cowley,E07000178,Oxford,E14001419,Oxford East,false,true,
E05013101,Cutteslowe & Sunnymead,E07000178,Oxford,E14001420,Oxford West and Abingdon,false,true,
E05013102,Donnington,E07000178,Oxford,E14001419,Oxford East,false,true,
E05013103,Headington,E07000178,Oxford,E14001419,Oxford East,false,true,
E05013104,Headington Hill & Northway,E07000178,Oxford,E14001419,Oxford East,false,true,
E05013105,Hinksey Park,E07000178,Oxford,E14001419,Oxford East,false,true,
E05013106,Holywell,E07000178,Oxford,E14001420,Oxford West and Abingdon,false,true,
E05013107,Littlemore,E07000178,Oxford,E14001419,Oxford East,false,true,
E05013108,Lye Valley,E07000178,Oxford,E14001419,Oxford East,false,true,
E05013109,Marston,E07000178,Oxford,E14001419,Oxford East,false,true,
E05013110,Northfield Brook,E07000178,Oxford,E14001419,Oxford East,false,true,
E05013111,Osney & St Thomas,E07000178,Oxford,E14001420,Oxford West and Abingdon,false,true,
E05013112,Quarry & Risinghurst,E07000178,Oxford,E14001419,Oxford East,false,true,
E05013113,Rose Hill & Iffley,E07000178,Oxford,E14001419,Oxford East,false,true,
E05013114,St Clement's,E07000178,Oxford,E14001419,Oxford East,false,true,
E05013115,St Mary's,E07000178,Oxford,E14001419,Oxford East,false,true,
E05013116,Summertown,E07000178,Oxford,E14001420,Oxford West and Abingdon,false,true,
E05013117,Temple Cowley,E07000178,Oxford,E14001419,Oxford East,false,true,
E05013118,Walton Manor,E07000178,Oxford,E14001420,Oxford West and Abingdon,false,true,
E05013119,Wolvercote,E07000178,Oxford,E14001420,Oxford West and Abingdon,false,true,
E05013169,Appleton,E06000006,Halton,E14001584,Widnes and Halewood,false,true,
E05013170,Bankfield,E06000006,Halton,E14001584,Widnes and Halewood,false,true,
E05013171,Beechwood & Heath,E06000006,Halton,E14001455,Runcorn and Helsby,false,true,
E05013172,Birchfield,E06000006,Halton,E14001584,Widnes and Halewood,false,true,
E05013173,Bridgewater,E06000006,Halton,E14001455,Runcorn and Helsby,false,true,
E05013174,Central & West Bank,E06000006,Halton,E14001584,Widnes and Halewood,false,true,
E05013175,"Daresbury, Moore & Sandymoor",E06000006,Halton,E14001455,Runcorn and Helsby,false,true,
E05013176,"Ditton, Hale Village & Halebank",E06000006,Halton,E14001584,Widnes and Halewood,false,true,
E05013177,Farnworth,E06000006,Halton,E14001584,Widnes and Halewood,false,true,
E05013178,Grange,E06000006,Halton,E14001455,Runcorn and Helsby,false,true,
E05013179,Halton Castle,E06000006,Halton,E14001455,Runcorn and Helsby,false,true,
E05013180,Halton Lea,E06000006,Halton,E14001455,Runcorn and Helsby,false,true,
E05013181,Halton View,E06000006,Halton,E14001584,Widnes and Halewood,false,true,
E05013182,Highfield,E06000006,Halton,E14001584,Widnes and Halewood,false,true,
E05013183,Hough Green,E06000006,Halton,E14001584,Widnes and Halewood,false,true,
E05013184,Mersey & Weston,E06000006,Halton,E14001455,Runcorn and Helsby,false,true,
E05013185,Norton North,E06000006,Halton,E14001455,Runcorn and Helsby,false,true,
E05013186,Norton South & Preston Brook,E06000006,Halton,E14001455,Runcorn and Helsby,false,true,
E05013187,Amberley and Woodchester,E07000082,Stroud,E14001529,Stroud,false,true,
E05013188,Bisley,E07000082,Stroud,E14001386,North Cotswolds,false,true,
E05013189,Chalford,E07000082,Stroud,E14001529,Stroud,false,true,
E05013191,Kingswood,E07000082,Stroud,E14001482,South Cotswolds,false,true,
E05013192,Minchinhampton,E07000082,Stroud,E14001386,North Cotswolds,false,true,
E05013193,Nailsworth,E07000082,Stroud,E14001529,Stroud,false,true,
E05013194,Rodborough,E07000082,Stroud,E14001529,Stroud,false,true,
E05013197,Stroud Trinity,E07000082,Stroud,E14001529,Stroud,false,true,
E05013198,Thrupp,E07000082,Stroud,E14001529,Stroud,false,true,
E05013199,Wotton-under-Edge,E07000082,Stroud,E14001529,Stroud,false,true,
E05013201,Barrowford & Pendleside,E07000122,Pendle,E14001422,Pendle and Clitheroe,false,true,
E05013202,Boulsworth & Foulridge,E07000122,Pendle,E14001422,Pendle and Clitheroe,false,true,
E05013203,Bradley,E07000122,Pendle,E14001422,Pendle and Clitheroe,false,true,
E05013204,Brierfield East & Clover Hill,E07000122,Pendle,E14001142,Burnley,false,true,
E05013205,Brierfield West & Reedley,E07000122,Pendle,E14001142,Burnley,false,true,
E05013207,Fence & Higham,E07000122,Pendle,E14001422,Pendle and Clitheroe,false,true,
E05013208,Marsden & Southfield,E07000122,Pendle,E14001422,Pendle and Clitheroe,false,true,
E05013209,Vivary Bridge,E07000122,Pendle,E14001422,Pendle and Clitheroe,false,true,
E05013210,Waterside & Horsfield,E07000122,Pendle,E14001422,Pendle and Clitheroe,false,true,
E05013211,Whitefield & Walverden,E07000122,Pendle,E14001422,Pendle and Clitheroe,false,true,
E05013212,Cainscross,E07000082,Stroud,E14001529,Stroud,false,true,
E05013273,Bodmin St Mary's & St Leonard,E06000052,Cornwall,E14001385,North Cornwall,false,true,
E05013274,Bodmin St Petroc's,E06000052,Cornwall,E14001385,North Cornwall,false,true,
E05013275,Bude,E06000052,Cornwall,E14001385,North Cornwall,false,true,
E05013276,Callington & St Dominic,E06000052,Cornwall,E14001486,South East Cornwall,false,true,
E05013277,Calstock,E06000052,Cornwall,E14001486,South East Cornwall,false,true,
E05013278,Camborne Roskear & Tuckingmill,E06000052,Cornwall,E14001148,Camborne and Redruth,false,true,
E05013279,Camborne Trelowarren,E06000052,Cornwall,E14001148,Camborne and Redruth,false,true,
E05013280,Camborne West & Treswithian,E06000052,Cornwall,E14001148,Camborne and Redruth,false,true,
E05013281,Camelford & Boscastle,E06000052,Cornwall,E14001385,North Cornwall,false,true,
E05013282,"Constantine, Mabe & Mawnan",E06000052,Cornwall,E14001148,Camborne and Redruth,false,true,
E05013284,Falmouth Arwenack,E06000052,Cornwall,E14001554,Truro and Falmouth,false,true,
E05013286,Falmouth Penwerris,E06000052,Cornwall,E14001554,Truro and Falmouth,false,true,
E05013288,Feock & Kea,E06000052,Cornwall,E14001554,Truro and Falmouth,false,true,
E05013289,"Four Lanes, Beacon & Troon",E06000052,Cornwall,E14001148,Camborne and Redruth,false,true,
E05013290,"Fowey, Tywardreath & Par",E06000052,Cornwall,E14001508,St Austell and Newquay,false,true,
E05013291,"Gloweth, Malabar & Shortlanesend",E06000052,Cornwall,E14001554,Truro and Falmouth,false,true,
E05013292,Gwinear-Gwithian & Hayle East,E06000052,Cornwall,E14001148,Camborne and Redruth,false,true,
E05013293,Hayle West,E06000052,Cornwall,E14001148,Camborne and Redruth,false,true,
E05013295,Helston South & Meneage,E06000052,Cornwall,E14001511,St Ives,false,true,
E05013297,Land's End,E06000052,Cornwall,E14001511,St Ives,false,true,
E05013298,"Lanivet, Blisland & Bodmin St Lawrence",E06000052,Cornwall,E14001385,North Cornwall,false,true,
E05013301,Launceston South,E06000052,Cornwall,E14001385,North Cornwall,false,true,
E05013303,Liskeard South & Dobwalls,E06000052,Cornwall,E14001486,South East Cornwall,false,true,
E05013305,Looe East & Deviock,E06000052,Cornwall,E14001486,South East Cornwall,false,true,
E05013306,"Looe West, Pelynt, Lansallos & Lanteglos",E06000052,Cornwall,E14001486,South East Cornwall,false,true,
E05013307,Lostwithiel & Lanreath,E06000052,Cornwall,E14001486,South East Cornwall,false,true,
E05013308,"Ludgvan, Madron, Gulval & Heamoor",E06000052,Cornwall,E14001511,St Ives,false,true,
E05013309,Lynher,E06000052,Cornwall,E14001486,South East Cornwall,false,true,
E05013311,"Mousehole, Newlyn & St Buryan",E06000052,Cornwall,E14001511,St Ives,false,true,
E05013312,Mullion & St Keverne,E06000052,Cornwall,E14001511,St Ives,false,true,
E05013313,"Mylor, Perranarworthal & Ponsanooth",E06000052,Cornwall,E14001554,Truro and Falmouth,false,true,
E05013314,Newquay Central & Pentire,E06000052,Cornwall,E14001508,St Austell and Newquay,false,true,
E05013315,Newquay Porth & Tretherras,E06000052,Cornwall,E14001508,St Austell and Newquay,false,true,
E05013317,Padstow,E06000052,Cornwall,E14001385,North Cornwall,false,true,
E05013319,Penwithick & Boscoppa,E06000052,Cornwall,E14001508,St Austell and Newquay,false,true,
E05013320,Penzance East,E06000052,Cornwall,E14001511,St Ives,false,true,
E05013321,Penzance Promenade,E06000052,Cornwall,E14001511,St Ives,false,true,
E05013323,Pool & Tehidy,E06000052,Cornwall,E14001148,Camborne and Redruth,false,true,
E05013324,"Porthleven, Breage & Germoe",E06000052,Cornwall,E14001511,St Ives,false,true,
E05013325,Poundstock,E06000052,Cornwall,E14001385,North Cornwall,false,true,
E05013327,Rame Peninsula & St Germans,E06000052,Cornwall,E14001486,South East Cornwall,false,true,
E05013329,Redruth North,E06000052,Cornwall,E14001148,Camborne and Redruth,false,true,
E05013330,Redruth South,E06000052,Cornwall,E14001148,Camborne and Redruth,false,true,
E05013331,Roche & Bugle,E06000052,Cornwall,E14001508,St Austell and Newquay,false,true,
E05013336,St Blazey,E06000052,Cornwall,E14001508,St Austell and Newquay,false,true,
E05013338,"St Columb Major, St Mawgan & St Wenn",E06000052,Cornwall,E14001385,North Cornwall,false,true,
E05013341,"St Goran, Tregony & the Roseland",E06000052,Cornwall,E14001554,Truro and Falmouth,false,true,
E05013346,St Stephen-in-Brannel,E06000052,Cornwall,E14001508,St Austell and Newquay,false,true,
E05013347,St Teath & Tintagel,E06000052,Cornwall,E14001385,North Cornwall,false,true,
E05013348,Saltash Essa,E06000052,Cornwall,E14001486,South East Cornwall,false,true,
E05013349,Saltash Tamar,E06000052,Cornwall,E14001486,South East Cornwall,false,true,
E05013350,Saltash Trematon & Landrake,E06000052,Cornwall,E14001486,South East Cornwall,false,true,
E05013351,"Stratton, Kilkhampton & Morwenstow",E06000052,Cornwall,E14001385,North Cornwall,false,true,
E05013353,Torpoint,E06000052,Cornwall,E14001486,South East Cornwall,false,true,
E05013354,Truro Boscawen & Redannick,E06000052,Cornwall,E14001554,Truro and Falmouth,false,true,
E05013355,Truro Moresk & Trehaverne,E06000052,Cornwall,E14001554,Truro and Falmouth,false,true,
E05013356,Truro Tregolls,E06000052,Cornwall,E14001554,Truro and Falmouth,false,true,
E05013357,Wadebridge East & St Minver,E06000052,Cornwall,E14001385,North Cornwall,false,true,
E05013358,Wadebridge West & St Mabyn,E06000052,Cornwall,E14001385,North Cornwall,false,true,
E05013359,Bembridge,E06000046,Isle of Wight,E14001303,Isle of Wight East,false,true,
E05013360,Binstead & Fishbourne,E06000046,Isle of Wight,E14001303,Isle of Wight East,false,true,
E05013361,Brading & St Helens,E06000046,Isle of Wight,E14001303,Isle of Wight East,false,true,
E05013362,"Brighstone, Calbourne & Shalfleet",E06000046,Isle of Wight,E14001304,Isle of Wight West,false,true,
E05013363,Carisbrooke & Gunville,E06000046,Isle of Wight,E14001304,Isle of Wight West,false,true,
E05013364,Central Rural,E06000046,Isle of Wight,E14001304,Isle of Wight West,false,true,
E05013365,"Chale, Niton & Shorwell",E06000046,Isle of Wight,E14001304,Isle of Wight West,false,true,
E05013366,Cowes Medina,E06000046,Isle of Wight,E14001304,Isle of Wight West,false,true,
E05013367,Cowes North,E06000046,Isle of Wight,E14001304,Isle of Wight West,false,true,
E05013368,Cowes South & Northwood,E06000046,Isle of Wight,E14001304,Isle of Wight West,false,true,
E05013369,Cowes West & Gurnard,E06000046,Isle of Wight,E14001304,Isle of Wight West,false,true,
E05013370,East Cowes,E06000046,Isle of Wight,E14001304,Isle of Wight West,false,true,
E05013371,Fairlee & Whippingham,E06000046,Isle of Wight,E14001304,Isle of Wight West,false,true,
E05013372,Freshwater North & Yarmouth,E06000046,Isle of Wight,E14001304,Isle of Wight West,false,true,
E05013373,Freshwater South,E06000046,Isle of Wight,E14001304,Isle of Wight West,false,true,
E05013374,Haylands & Swanmore,E06000046,Isle of Wight,E14001303,Isle of Wight East,false,true,
E05013375,Lake North,E06000046,Isle of Wight,E14001303,Isle of Wight East,false,true,
E05013376,Lake South,E06000046,Isle of Wight,E14001303,Isle of Wight East,false,true,
E05013377,Mountjoy & Shide,E06000046,Isle of Wight,E14001304,Isle of Wight West,false,true,
E05013378,Nettlestone & Seaview,E06000046,Isle of Wight,E14001303,Isle of Wight East,false,true,
E05013379,"Newchurch, Havenstreet & Ashey",E06000046,Isle of Wight,E14001303,Isle of Wight East,false,true,
E05013380,Newport Central,E06000046,Isle of Wight,E14001304,Isle of Wight West,false,true,
E05013381,Newport West,E06000046,Isle of Wight,E14001304,Isle of Wight West,false,true,
E05013382,Osborne,E06000046,Isle of Wight,E14001304,Isle of Wight West,false,true,
E05013383,Pan & Barton,E06000046,Isle of Wight,E14001304,Isle of Wight West,false,true,
E05013384,Parkhurst & Hunnyhill,E06000046,Isle of Wight,E14001304,Isle of Wight West,false,true,
E05013385,Ryde Appley & Elmfield,E06000046,Isle of Wight,E14001303,Isle of Wight East,false,true,
E05013386,Ryde Monktonmead,E06000046,Isle of Wight,E14001303,Isle of Wight East,false,true,
E05013387,Ryde North West,E06000046,Isle of Wight,E14001303,Isle of Wight East,false,true,
E05013388,Ryde South East,E06000046,Isle of Wight,E14001303,Isle of Wight East,false,true,
E05013389,Ryde West,E06000046,Isle of Wight,E14001303,Isle of Wight East,false,true,
E05013390,Sandown North,E06000046,Isle of Wight,E14001303,Isle of Wight East,false,true,
E05013391,Sandown South,E06000046,Isle of Wight,E14001303,Isle of Wight East,false,true,
E05013392,Shanklin Central,E06000046,Isle of Wight,E14001303,Isle of Wight East,false,true,
E05013393,Shanklin South,E06000046,Isle of Wight,E14001303,Isle of Wight East,false,true,
E05013394,Totland & Colwell,E06000046,Isle of Wight,E14001304,Isle of Wight West,false,true,
E05013395,Ventnor & St Lawrence,E06000046,Isle of Wight,E14001303,Isle of Wight East,false,true,
E05013396,Wootton Bridge,E06000046,Isle of Wight,E14001303,Isle of Wight East,false,true,
E05013397,"Wroxall, Lowtherville & Bonchurch",E06000046,Isle of Wight,E14001303,Isle of Wight East,false,true,
E05013398,Aldbourne & Ramsbury,E06000054,Wiltshire,E14001217,East Wiltshire,false,true,
E05013399,Alderbury & Whiteparish,E06000054,Wiltshire,E14001460,Salisbury,false,true,
E05013400,Amesbury East & Bulford,E06000054,Wiltshire,E14001217,East Wiltshire,false,true,
E05013401,Amesbury South,E06000054,Wiltshire,E14001217,East Wiltshire,false,true,
E05013402,Amesbury West,E06000054,Wiltshire,E14001217,East Wiltshire,false,true,
E05013403,Avon Valley,E06000054,Wiltshire,E14001217,East Wiltshire,false,true,
E05013405,Box & Colerne,E06000054,Wiltshire,E14001356,Melksham and Devizes,false,true,
E05013410,By Brook,E06000054,Wiltshire,E14001482,South Cotswolds,false,true,
E05013416,Chippenham Cepen Park & Derriads,E06000054,Wiltshire,E14001168,Chippenham,false,true,
E05013417,Chippenham Cepen Park & Hunters Moon,E06000054,Wiltshire,E14001168,Chippenham,false,true,
E05013418,Chippenham Hardenhuish,E06000054,Wiltshire,E14001168,Chippenham,false,true,
E05013420,Chippenham Lowden & Rowden,E06000054,Wiltshire,E14001168,Chippenham,false,true,
E05013421,Chippenham Monkton,E06000054,Wiltshire,E14001168,Chippenham,false,true,
E05013423,Chippenham Sheldon,E06000054,Wiltshire,E14001168,Chippenham,false,true,
E05013424,Corsham Ladbrook,E06000054,Wiltshire,E14001168,Chippenham,false,true,
E05013425,Corsham Pickwick,E06000054,Wiltshire,E14001168,Chippenham,false,true,
E05013426,Corsham Without,E06000054,Wiltshire,E14001168,Chippenham,false,true,
E05013427,Cricklade & Latton,E06000054,Wiltshire,E14001482,South Cotswolds,false,true,
E05013428,Devizes East,E06000054,Wiltshire,E14001356,Melksham and Devizes,false,true,
E05013429,Devizes North,E06000054,Wiltshire,E14001356,Melksham and Devizes,false,true,
E05013430,Devizes Rural West,E06000054,Wiltshire,E14001356,Melksham and Devizes,false,true,
E05013431,Devizes South,E06000054,Wiltshire,E14001356,Melksham and Devizes,false,true,
E05013432,Downton & Ebble Valley,E06000054,Wiltshire,E14001460,Salisbury,false,true,
E05013433,Durrington,E06000054,Wiltshire,E14001217,East Wiltshire,false,true,
E05013435,Fovant & Chalke Valley,E06000054,Wiltshire,E14001460,Salisbury,false,true,
E05013436,Hilperton,E06000054,Wiltshire,E14001498,South West Wiltshire,false,true,
E05013437,Holt,E06000054,Wiltshire,E14001356,Melksham and Devizes,false,true,
E05013439,Laverstock,E06000054,Wiltshire,E14001460,Salisbury,false,true,
E05013440,Ludgershall North & Rural,E06000054,Wiltshire,E14001217,East Wiltshire,false,true,
E05013441,Lyneham,E06000054,Wiltshire,E14001168,Chippenham,false,true,
E05013442,Malmesbury,E06000054,Wiltshire,E14001482,South Cotswolds,false,true,
E05013443,Marlborough East,E06000054,Wiltshire,E14001217,East Wiltshire,false,true,
E05013444,Marlborough West,E06000054,Wiltshire,E14001217,East Wiltshire,false,true,
E05013448,Melksham Without North & Shurnhold,E06000054,Wiltshire,E14001356,Melksham and Devizes,false,true,
E05013449,Melksham Without West & Rural,E06000054,Wiltshire,E14001356,Melksham and Devizes,false,true,
E05013450,Mere,E06000054,Wiltshire,E14001498,South West Wiltshire,false,true,
E05013451,Minety,E06000054,Wiltshire,E14001482,South Cotswolds,false,true,
E05013452,Nadder Valley,E06000054,Wiltshire,E14001460,Salisbury,false,true,
E05013453,Old Sarum & Lower Bourne Valley,E06000054,Wiltshire,E14001460,Salisbury,false,true,
E05013455,Pewsey Vale East,E06000054,Wiltshire,E14001217,East Wiltshire,false,true,
E05013457,Purton,E06000054,Wiltshire,E14001482,South Cotswolds,false,true,
E05013458,Redlynch & Landford,E06000054,Wiltshire,E14001460,Salisbury,false,true,
E05013459,Royal Wootton Bassett East,E06000054,Wiltshire,E14001168,Chippenham,false,true,
E05013460,Royal Wootton Bassett North,E06000054,Wiltshire,E14001168,Chippenham,false,true,
E05013462,Salisbury Bemerton Heath,E06000054,Wiltshire,E14001460,Salisbury,false,true,
E05013463,Salisbury Fisherton & Bemerton Village,E06000054,Wiltshire,E14001460,Salisbury,false,true,
E05013464,Salisbury Harnham East,E06000054,Wiltshire,E14001460,Salisbury,false,true,
E05013465,Salisbury Harnham West,E06000054,Wiltshire,E14001460,Salisbury,false,true,
E05013467,Salisbury St Edmund's,E06000054,Wiltshire,E14001460,Salisbury,false,true,
E05013469,Salisbury St Paul's,E06000054,Wiltshire,E14001460,Salisbury,false,true,
E05013470,Sherston,E06000054,Wiltshire,E14001482,South Cotswolds,false,true,
E05013472,The Lavingtons,E06000054,Wiltshire,E14001356,Melksham and Devizes,false,true,
E05013473,Tidworth East & Ludgershall South,E06000054,Wiltshire,E14001217,East Wiltshire,false,true,
E05013474,Tidworth North & West,E06000054,Wiltshire,E14001217,East Wiltshire,false,true,
E05013475,Till Valley,E06000054,Wiltshire,E14001217,East Wiltshire,false,true,
E05013476,Tisbury,E06000054,Wiltshire,E14001460,Salisbury,false,true,
E05013477,Trowbridge Adcroft,E06000054,Wiltshire,E14001498,South West Wiltshire,false,true,
E05013478,Trowbridge Central,E06000054,Wiltshire,E14001498,South West Wiltshire,false,true,
E05013482,Trowbridge Park,E06000054,Wiltshire,E14001498,South West Wiltshire,false,true,
E05013483,Trowbridge Paxcroft,E06000054,Wiltshire,E14001498,South West Wiltshire,false,true,
E05013484,Urchfont & Bishops Cannings,E06000054,Wiltshire,E14001356,Melksham and Devizes,false,true,
E05013485,Warminster Broadway,E06000054,Wiltshire,E14001498,South West Wiltshire,false,true,
E05013486,Warminster East,E06000054,Wiltshire,E14001498,South West Wiltshire,false,true,
E05013487,Warminster North & Rural,E06000054,Wiltshire,E14001498,South West Wiltshire,false,true,
E05013488,Warminster West,E06000054,Wiltshire,E14001498,South West Wiltshire,false,true,
E05013491,Westbury West,E06000054,Wiltshire,E14001498,South West Wiltshire,false,true,
E05013492,Wilton,E06000054,Wiltshire,E14001460,Salisbury,false,true,
E05013493,Winsley & Westwood,E06000054,Wiltshire,E14001356,Melksham and Devizes,false,true,
E05013494,Winterslow & Upper Bourne Valley,E06000054,Wiltshire,E14001460,Salisbury,false,true,
E05013495,Wylye Valley,E06000054,Wiltshire,E14001498,South West Wiltshire,false,true,
E05013496,Alperton,E09000005,Brent,E14001123,Brent West,false,true,
E05013497,Barnhill,E09000005,Brent,E14001123,Brent West,false,true,
E05013498,Brondesbury Park,E09000005,Brent,E14001122,Brent East,false,true,
E05013499,Cricklewood & Mapesbury,E09000005,Brent,E14001122,Brent East,false,true,
E05013500,Dollis Hill,E09000005,Brent,E14001122,Brent East,false,true,
E05013501,Harlesden & Kensal Green,E09000005,Brent,E14001435,Queen's Park and Maida Vale,false,true,
E05013502,Kenton,E09000005,Brent,E14001123,Brent West,false,true,
E05013503,Kilburn,E09000005,Brent,E14001435,Queen's Park and Maida Vale,false,true,
E05013504,Kingsbury,E09000005,Brent,E14001122,Brent East,false,true,
E05013505,Northwick Park,E09000005,Brent,E14001123,Brent West,false,true,
E05013506,Preston,E09000005,Brent,E14001123,Brent West,false,true,
E05013507,Queens Park,E09000005,Brent,E14001435,Queen's Park and Maida Vale,false,true,
E05013508,Queensbury,E09000005,Brent,E14001270,Harrow East,false,true,
E05013509,Roundwood,E09000005,Brent,E14001122,Brent East,false,true,
E05013510,Stonebridge,E09000005,Brent,E14001122,Brent East,false,true,
E05013511,Sudbury,E09000005,Brent,E14001123,Brent West,false,true,
E05013512,Tokyngton,E09000005,Brent,E14001123,Brent West,false,true,
E05013513,Welsh Harp,E09000005,Brent,E14001122,Brent East,false,true,
E05013514,Wembley Central,E09000005,Brent,E14001123,Brent West,false,true,
E05013515,Wembley Hill,E09000005,Brent,E14001123,Brent West,false,true,
E05013516,Wembley Park,E09000005,Brent,E14001123,Brent West,false,true,
E05013517,Willesden Green,E09000005,Brent,E14001122,Brent East,false,true,
E05013518,Central Greenford,E09000009,Ealing,E14001208,Ealing North,false,true,
E05013519,Dormers Wells,E09000009,Ealing,E14001209,Ealing Southall,false,true,
E05013520,Ealing Broadway,E09000009,Ealing,E14001207,Ealing Central and Acton,false,true,
E05013521,Ealing Common,E09000009,Ealing,E14001207,Ealing Central and Acton,false,true,
E05013522,East Acton,E09000009,Ealing,E14001207,Ealing Central and Acton,false,true,
E05013523,Greenford Broadway,E09000009,Ealing,E14001208,Ealing North,false,true,
E05013524,Hanger Hill,E09000009,Ealing,E14001207,Ealing Central and Acton,false,true,
E05013525,Hanwell Broadway,E09000009,Ealing,E14001209,Ealing Southall,false,true,
E05013526,Lady Margaret,E09000009,Ealing,E14001209,Ealing Southall,false,true,
E05013527,North Acton,E09000009,Ealing,E14001207,Ealing Central and Acton,false,true,
E05013528,North Greenford,E09000009,Ealing,E14001208,Ealing North,false,true,
E05013529,North Hanwell,E09000009,Ealing,E14001208,Ealing North,false,true,
E05013530,Northfield,E09000009,Ealing,E14001209,Ealing Southall,false,true,
E05013531,Northolt Mandeville,E09000009,Ealing,E14001208,Ealing North,false,true,
E05013532,Northolt West End,E09000009,Ealing,E14001208,Ealing North,false,true,
E05013533,Norwood Green,E09000009,Ealing,E14001209,Ealing Southall,false,true,
E05013534,Perivale,E09000009,Ealing,E14001208,Ealing North,false,true,
E05013535,Pitshanger,E09000009,Ealing,E14001208,Ealing North,false,true,
E05013536,South Acton,E09000009,Ealing,E14001207,Ealing Central and Acton,false,true,
E05013537,Southall Broadway,E09000009,Ealing,E14001209,Ealing Southall,false,true,
E05013538,Southall Green,E09000009,Ealing,E14001209,Ealing Southall,false,true,
E05013539,Southall West,E09000009,Ealing,E14001209,Ealing Southall,false,true,
E05013540,Southfield,E09000009,Ealing,E14001207,Ealing Central and Acton,false,true,
E05013541,Walpole,E09000009,Ealing,E14001209,Ealing Southall,false,true,
E05013542,Belmont,E09000015,Harrow,E14001270,Harrow East,false,true,
E05013543,Canons,E09000015,Harrow,E14001270,Harrow East,false,true,
E05013544,Centenary,E09000015,Harrow,E14001270,Harrow East,false,true,
E05013545,Edgware,E09000015,Harrow,E14001270,Harrow East,false,true,
E05013546,Greenhill,E09000015,Harrow,E14001271,Harrow West,false,true,
E05013547,Harrow on the Hill,E09000015,Harrow,E14001271,Harrow West,false,true,
E05013548,Harrow Weald,E09000015,Harrow,E14001270,Harrow East,false,true,
E05013549,Hatch End,E09000015,Harrow,E14001454,"Ruislip, Northwood and Pinner",false,true,
E05013550,Headstone,E09000015,Harrow,E14001271,Harrow West,false,true,
E05013551,Kenton East,E09000015,Harrow,E14001270,Harrow East,false,true,
E05013552,Kenton West,E09000015,Harrow,E14001270,Harrow East,false,true,
E05013553,Marlborough,E09000015,Harrow,E14001271,Harrow West,false,true,
E05013554,North Harrow,E09000015,Harrow,E14001271,Harrow West,false,true,
E05013555,Pinner,E09000015,Harrow,E14001454,"Ruislip, Northwood and Pinner",false,true,
E05013556,Pinner South,E09000015,Harrow,E14001454,"Ruislip, Northwood and Pinner",false,true,
E05013557,Rayners Lane,E09000015,Harrow,E14001271,Harrow West,false,true,
E05013558,Roxbourne,E09000015,Harrow,E14001271,Harrow West,false,true,
E05013559,Roxeth,E09000015,Harrow,E14001271,Harrow West,false,true,
E05013560,Stanmore,E09000015,Harrow,E14001270,Harrow East,false,true,
E05013561,Wealdstone North,E09000015,Harrow,E14001271,Harrow West,false,true,
E05013562,Wealdstone South,E09000015,Harrow,E14001271,Harrow West,false,true,
E05013563,West Harrow,E09000015,Harrow,E14001271,Harrow West,false,true,
E05013564,Belmore,E09000017,Hillingdon,E14001276,Hayes and Harlington,false,true,
E05013565,Charville,E09000017,Hillingdon,E14001276,Hayes and Harlington,false,true,
E05013566,Colham & Cowley,E09000017,Hillingdon,E14001558,Uxbridge and South Ruislip,false,true,
E05013567,Eastcote,E09000017,Hillingdon,E14001454,"Ruislip, Northwood and Pinner",false,true,
E05013568,Harefield Village,E09000017,Hillingdon,E14001454,"Ruislip, Northwood and Pinner",false,true,
E05013569,Hayes Town,E09000017,Hillingdon,E14001276,Hayes and Harlington,false,true,
E05013570,Heathrow Villages,E09000017,Hillingdon,E14001276,Hayes and Harlington,false,true,
E05013571,Hillingdon East,E09000017,Hillingdon,E14001558,Uxbridge and South Ruislip,false,true,
E05013572,Hillingdon West,E09000017,Hillingdon,E14001558,Uxbridge and South Ruislip,false,true,
E05013573,Ickenham & South Harefield,E09000017,Hillingdon,E14001558,Uxbridge and South Ruislip,false,true,
E05013574,Northwood,E09000017,Hillingdon,E14001454,"Ruislip, Northwood and Pinner",false,true,
E05013575,Northwood Hills,E09000017,Hillingdon,E14001454,"Ruislip, Northwood and Pinner",false,true,
E05013576,Pinkwell,E09000017,Hillingdon,E14001276,Hayes and Harlington,false,true,
E05013577,Ruislip,E09000017,Hillingdon,E14001454,"Ruislip, Northwood and Pinner",false,true,
E05013578,Ruislip Manor,E09000017,Hillingdon,E14001558,Uxbridge and South Ruislip,false,true,
E05013579,South Ruislip,E09000017,Hillingdon,E14001558,Uxbridge and South Ruislip,false,true,
E05013580,Uxbridge,E09000017,Hillingdon,E14001558,Uxbridge and South Ruislip,false,true,
E05013581,West Drayton,E09000017,Hillingdon,E14001276,Hayes and Harlington,false,true,
E05013582,Wood End,E09000017,Hillingdon,E14001276,Hayes and Harlington,false,true,
E05013583,Yeading,E09000017,Hillingdon,E14001276,Hayes and Harlington,false,true,
E05013584,Yiewsley,E09000017,Hillingdon,E14001558,Uxbridge and South Ruislip,false,true,
E05013585,Alexandra Park,E09000014,Haringey,E14001293,Hornsey and Friern Barnet,false,true,
E05013586,Bounds Green,E09000014,Haringey,E14001503,Southgate and Wood Green,false,true,
E05013587,Bruce Castle,E09000014,Haringey,E14001553,Tottenham,false,true,
E05013588,Crouch End,E09000014,Haringey,E14001293,Hornsey and Friern Barnet,false,true,
E05013589,Fortis Green,E09000014,Haringey,E14001293,Hornsey and Friern Barnet,false,true,
E05013590,Harringay,E09000014,Haringey,E14001293,Hornsey and Friern Barnet,false,true,
E05013591,Hermitage & Gardens,E09000014,Haringey,E14001553,Tottenham,false,true,
E05013592,Highgate,E09000014,Haringey,E14001265,Hampstead and Highgate,false,true,
E05013593,Hornsey,E09000014,Haringey,E14001293,Hornsey and Friern Barnet,false,true,
E05013594,Muswell Hill,E09000014,Haringey,E14001293,Hornsey and Friern Barnet,false,true,
E05013595,Noel Park,E09000014,Haringey,E14001503,Southgate and Wood Green,false,true,
E05013596,Northumberland Park,E09000014,Haringey,E14001553,Tottenham,false,true,
E05013597,St Ann's,E09000014,Haringey,E14001553,Tottenham,false,true,
E05013598,Seven Sisters,E09000014,Haringey,E14001553,Tottenham,false,true,
E05013599,South Tottenham,E09000014,Haringey,E14001553,Tottenham,false,true,
E05013600,Stroud Green,E09000014,Haringey,E14001293,Hornsey and Friern Barnet,false,true,
E05013601,Tottenham Central,E09000014,Haringey,E14001553,Tottenham,false,true,
E05013602,Tottenham Hale,E09000014,Haringey,E14001553,Tottenham,false,true,
E05013603,West Green,E09000014,Haringey,E14001553,Tottenham,false,true,
E05013604,White Hart Lane,E09000014,Haringey,E14001503,Southgate and Wood Green,false,true,
E05013605,Woodside,E09000014,Haringey,E14001503,Southgate and Wood Green,false,true,
E05013606,Bedfont,E09000018,Hounslow,E14001236,Feltham and Heston,false,true,
E05013607,Brentford East,E09000018,Hounslow,E14001124,Brentford and Isleworth,false,true,
E05013608,Brentford West,E09000018,Hounslow,E14001124,Brentford and Isleworth,false,true,
E05013609,Chiswick Gunnersbury,E09000018,Hounslow,E14001264,Hammersmith and Chiswick,false,true,
E05013610,Chiswick Homefields,E09000018,Hounslow,E14001264,Hammersmith and Chiswick,false,true,
E05013611,Chiswick Riverside,E09000018,Hounslow,E14001264,Hammersmith and Chiswick,false,true,
E05013612,Cranford,E09000018,Hounslow,E14001236,Feltham and Heston,false,true,
E05013613,Feltham North,E09000018,Hounslow,E14001236,Feltham and Heston,false,true,
E05013614,Feltham West,E09000018,Hounslow,E14001236,Feltham and Heston,false,true,
E05013615,Hanworth Park,E09000018,Hounslow,E14001236,Feltham and Heston,false,true,
E05013616,Hanworth Village,E09000018,Hounslow,E14001236,Feltham and Heston,false,true,
E05013617,Heston Central,E09000018,Hounslow,E14001236,Feltham and Heston,false,true,
E05013618,Heston East,E09000018,Hounslow,E14001124,Brentford and Isleworth,false,true,
E05013619,Heston West,E09000018,Hounslow,E14001236,Feltham and Heston,false,true,
E05013620,Hounslow Central,E09000018,Hounslow,E14001124,Brentford and Isleworth,false,true,
E05013621,Hounslow East,E09000018,Hounslow,E14001124,Brentford and Isleworth,false,true,
E05013622,Hounslow Heath,E09000018,Hounslow,E14001124,Brentford and Isleworth,false,true,
E05013623,Hounslow South,E09000018,Hounslow,E14001124,Brentford and Isleworth,false,true,
E05013624,Hounslow West,E09000018,Hounslow,E14001236,Feltham and Heston,false,true,
E05013625,Isleworth,E09000018,Hounslow,E14001124,Brentford and Isleworth,false,true,
E05013626,Osterley & Spring Grove,E09000018,Hounslow,E14001124,Brentford and Isleworth,false,true,
E05013627,Syon & Brentford Lock,E09000018,Hounslow,E14001124,Brentford and Isleworth,false,true,
E05013628,Barnet Vale,E09000003,Barnet,E14001169,Chipping Barnet,false,true,
E05013629,Brunswick Park,E09000003,Barnet,E14001169,Chipping Barnet,false,true,
E05013630,Burnt Oak,E09000003,Barnet,E14001279,Hendon,false,true,
E05013631,Childs Hill,E09000003,Barnet,E14001238,Finchley and Golders Green,false,true,
E05013632,Colindale North,E09000003,Barnet,E14001279,Hendon,false,true,
E05013633,Colindale South,E09000003,Barnet,E14001279,Hendon,false,true,
E05013634,Cricklewood,E09000003,Barnet,E14001238,Finchley and Golders Green,false,true,
E05013635,East Barnet,E09000003,Barnet,E14001169,Chipping Barnet,false,true,
E05013636,East Finchley,E09000003,Barnet,E14001238,Finchley and Golders Green,false,true,
E05013637,Edgware,E09000003,Barnet,E14001279,Hendon,false,true,
E05013638,Edgwarebury,E09000003,Barnet,E14001169,Chipping Barnet,false,true,
E05013639,Finchley Church End,E09000003,Barnet,E14001238,Finchley and Golders Green,false,true,
E05013640,Friern Barnet,E09000003,Barnet,E14001293,Hornsey and Friern Barnet,false,true,
E05013641,Garden Suburb,E09000003,Barnet,E14001238,Finchley and Golders Green,false,true,
E05013642,Golders Green,E09000003,Barnet,E14001238,Finchley and Golders Green,false,true,
E05013643,Hendon,E09000003,Barnet,E14001279,Hendon,false,true,
E05013644,High Barnet,E09000003,Barnet,E14001169,Chipping Barnet,false,true,
E05013645,Mill Hill,E09000003,Barnet,E14001279,Hendon,false,true,
E05013646,Totteridge & Woodside,E09000003,Barnet,E14001169,Chipping Barnet,false,true,
E05013647,Underhill,E09000003,Barnet,E14001169,Chipping Barnet,false,true,
E05013648,West Finchley,E09000003,Barnet,E14001238,Finchley and Golders Green,false,true,
E05013649,West Hendon,E09000003,Barnet,E14001279,Hendon,false,true,
E05013650,Whetstone,E09000003,Barnet,E14001169,Chipping Barnet,false,true,
E05013651,Woodhouse,E09000003,Barnet,E14001238,Finchley and Golders Green,false,true,
E05013652,Belsize,E09000007,Camden,E14001265,Hampstead and Highgate,false,true,
E05013653,Bloomsbury,E09000007,Camden,E14001290,Holborn and St Pancras,false,true,
E05013654,Camden Square,E09000007,Camden,E14001290,Holborn and St Pancras,false,true,
E05013655,Camden Town,E09000007,Camden,E14001290,Holborn and St Pancras,false,true,
E05013656,Fortune Green,E09000007,Camden,E14001265,Hampstead and Highgate,false,true,
E05013657,Frognal,E09000007,Camden,E14001265,Hampstead and Highgate,false,true,
E05013658,Gospel Oak,E09000007,Camden,E14001265,Hampstead and Highgate,false,true,
E05013659,Hampstead Town,E09000007,Camden,E14001265,Hampstead and Highgate,false,true,
E05013660,Haverstock,E09000007,Camden,E14001290,Holborn and St Pancras,false,true,
E05013661,Highgate,E09000007,Camden,E14001265,Hampstead and Highgate,false,true,
E05013662,Holborn & Covent Garden,E09000007,Camden,E14001290,Holborn and St Pancras,false,true,
E05013663,Kentish Town North,E09000007,Camden,E14001290,Holborn and St Pancras,false,true,
E05013664,Kentish Town South,E09000007,Camden,E14001290,Holborn and St Pancras,false,true,
E05013665,Kilburn,E09000007,Camden,E14001265,Hampstead and Highgate,false,true,
E05013666,King's Cross,E09000007,Camden,E14001290,Holborn and St Pancras,false,true,
E05013667,Primrose Hill,E09000007,Camden,E14001265,Hampstead and Highgate,true,true,0.8191
E05013667,Primrose Hill,E09000007,Camden,E14001290,Holborn and St Pancras,true,false,0.5127
E05013668,Regent's Park,E09000007,Camden,E14001290,Holborn and St Pancras,false,true,
E05013669,St Pancras & Somers Town,E09000007,Camden,E14001290,Holborn and St Pancras,false,true,
E05013670,South Hampstead,E09000007,Camden,E14001265,Hampstead and Highgate,false,true,
E05013671,West Hampstead,E09000007,Camden,E14001265,Hampstead and Highgate,false,true,
E05013672,Arnos Grove,E09000010,Enfield,E14001503,Southgate and Wood Green,false,true,
E05013673,Bowes,E09000010,Enfield,E14001503,Southgate and Wood Green,false,true,
E05013674,Brimsdown,E09000010,Enfield,E14001225,Enfield North,false,true,
E05013675,Bullsmoor,E09000010,Enfield,E14001225,Enfield North,false,true,
E05013676,Bush Hill Park,E09000010,Enfield,E14001221,Edmonton and Winchmore Hill,false,true,
E05013677,Carterhatch,E09000010,Enfield,E14001225,Enfield North,false,true,
E05013678,Cockfosters,E09000010,Enfield,E14001503,Southgate and Wood Green,false,true,
E05013679,Edmonton Green,E09000010,Enfield,E14001221,Edmonton and Winchmore Hill,false,true,
E05013680,Enfield Lock,E09000010,Enfield,E14001225,Enfield North,false,true,
E05013681,Grange Park,E09000010,Enfield,E14001221,Edmonton and Winchmore Hill,false,true,
E05013682,Haselbury,E09000010,Enfield,E14001221,Edmonton and Winchmore Hill,false,true,
E05013683,Highfield,E09000010,Enfield,E14001221,Edmonton and Winchmore Hill,false,true,
E05013684,Jubilee,E09000010,Enfield,E14001221,Edmonton and Winchmore Hill,false,true,
E05013685,Lower Edmonton,E09000010,Enfield,E14001221,Edmonton and Winchmore Hill,false,true,
E05013686,New Southgate,E09000010,Enfield,E14001503,Southgate and Wood Green,false,true,
E05013687,Oakwood,E09000010,Enfield,E14001503,Southgate and Wood Green,false,true,
E05013688,Palmers Green,E09000010,Enfield,E14001503,Southgate and Wood Green,false,true,
E05013689,Ponders End,E09000010,Enfield,E14001225,Enfield North,false,true,
E05013690,Ridgeway,E09000010,Enfield,E14001225,Enfield North,false,true,
E05013691,Southbury,E09000010,Enfield,E14001225,Enfield North,false,true,
E05013692,Southgate,E09000010,Enfield,E14001503,Southgate and Wood Green,false,true,
E05013693,Town,E09000010,Enfield,E14001225,Enfield North,false,true,
E05013694,Upper Edmonton,E09000010,Enfield,E14001221,Edmonton and Winchmore Hill,false,true,
E05013695,Whitewebbs,E09000010,Enfield,E14001225,Enfield North,false,true,
E05013696,Winchmore Hill,E09000010,Enfield,E14001221,Edmonton and Winchmore Hill,false,true,
E05013697,Arsenal,E09000019,Islington,E14001305,Islington North,false,true,
E05013698,Barnsbury,E09000019,Islington,E14001306,Islington South and Finsbury,false,true,
E05013699,Bunhill,E09000019,Islington,E14001306,Islington South and Finsbury,false,true,
E05013700,Caledonian,E09000019,Islington,E14001306,Islington South and Finsbury,false,true,
E05013701,Canonbury,E09000019,Islington,E14001306,Islington South and Finsbury,false,true,
E05013702,Clerkenwell,E09000019,Islington,E14001306,Islington South and Finsbury,false,true,
E05013703,Finsbury Park,E09000019,Islington,E14001305,Islington North,false,true,
E05013704,Highbury,E09000019,Islington,E14001305,Islington North,false,true,
E05013705,Hillrise,E09000019,Islington,E14001305,Islington North,false,true,
E05013706,Holloway,E09000019,Islington,E14001306,Islington South and Finsbury,false,true,
E05013707,Junction,E09000019,Islington,E14001305,Islington North,false,true,
E05013708,Laycock,E09000019,Islington,E14001306,Islington South and Finsbury,false,true,
E05013709,Mildmay,E09000019,Islington,E14001305,Islington North,false,true,
E05013710,St Mary's & St James',E09000019,Islington,E14001306,Islington South and Finsbury,false,true,
E05013711,St Peter's & Canalside,E09000019,Islington,E14001306,Islington South and Finsbury,false,true,
E05013712,Tollington,E09000019,Islington,E14001305,Islington North,false,true,
E05013713,Tufnell Park,E09000019,Islington,E14001305,Islington North,false,true,
E05013714,Bellingham,E09000023,Lewisham,E14001331,Lewisham East,false,true,
E05013715,Blackheath,E09000023,Lewisham,E14001332,Lewisham North,false,true,
E05013716,Brockley,E09000023,Lewisham,E14001332,Lewisham North,false,true,
E05013717,Catford South,E09000023,Lewisham,E14001331,Lewisham East,false,true,
E05013718,Crofton Park,E09000023,Lewisham,E14001333,Lewisham West and East Dulwich,false,true,
E05013719,Deptford,E09000023,Lewisham,E14001332,Lewisham North,false,true,
E05013720,Downham,E09000023,Lewisham,E14001331,Lewisham East,false,true,
E05013721,Evelyn,E09000023,Lewisham,E14001332,Lewisham North,false,true,
E05013722,Forest Hill,E09000023,Lewisham,E14001333,Lewisham West and East Dulwich,false,true,
E05013723,Grove Park,E09000023,Lewisham,E14001331,Lewisham East,false,true,
E05013724,Hither Green,E09000023,Lewisham,E14001331,Lewisham East,false,true,
E05013725,Ladywell,E09000023,Lewisham,E14001332,Lewisham North,false,true,
E05013726,Lee Green,E09000023,Lewisham,E14001331,Lewisham East,false,true,
E05013727,Lewisham Central,E09000023,Lewisham,E14001332,Lewisham North,false,true,
E05013728,New Cross Gate,E09000023,Lewisham,E14001332,Lewisham North,false,true,
E05013729,Perry Vale,E09000023,Lewisham,E14001333,Lewisham West and East Dulwich,false,true,
E05013730,Rushey Green,E09000023,Lewisham,E14001331,Lewisham East,false,true,
E05013731,Sydenham,E09000023,Lewisham,E14001333,Lewisham West and East Dulwich,false,true,
E05013732,Telegraph Hill,E09000023,Lewisham,E14001332,Lewisham North,false,true,
E05013733,Addison,E09000013,Hammersmith and Fulham,E14001264,Hammersmith and Chiswick,false,true,
E05013734,Avonmore,E09000013,Hammersmith and Fulham,E14001264,Hammersmith and Chiswick,false,true,
E05013735,Brook Green,E09000013,Hammersmith and Fulham,E14001264,Hammersmith and Chiswick,false,true,
E05013736,College Park & Old Oak,E09000013,Hammersmith and Fulham,E14001207,Ealing Central and Acton,false,true,
E05013737,Coningham,E09000013,Hammersmith and Fulham,E14001264,Hammersmith and Chiswick,false,true,
E05013738,Fulham Reach,E09000013,Hammersmith and Fulham,E14001160,Chelsea and Fulham,false,true,
E05013739,Fulham Town,E09000013,Hammersmith and Fulham,E14001160,Chelsea and Fulham,false,true,
E05013740,Grove,E09000013,Hammersmith and Fulham,E14001264,Hammersmith and Chiswick,false,true,
E05013741,Hammersmith Broadway,E09000013,Hammersmith and Fulham,E14001264,Hammersmith and Chiswick,false,true,
E05013742,Lillie,E09000013,Hammersmith and Fulham,E14001160,Chelsea and Fulham,false,true,
E05013743,Munster,E09000013,Hammersmith and Fulham,E14001160,Chelsea and Fulham,false,true,
E05013744,Palace & Hurlingham,E09000013,Hammersmith and Fulham,E14001160,Chelsea and Fulham,false,true,
E05013745,Parsons Green & Sandford,E09000013,Hammersmith and Fulham,E14001160,Chelsea and Fulham,false,true,
E05013746,Ravenscourt,E09000013,Hammersmith and Fulham,E14001264,Hammersmith and Chiswick,false,true,
E05013747,Sands End,E09000013,Hammersmith and Fulham,E14001160,Chelsea and Fulham,false,true,
E05013748,Shepherd's Bush Green,E09000013,Hammersmith and Fulham,E14001264,Hammersmith and Chiswick,false,true,
E05013749,Walham Green,E09000013,Hammersmith and Fulham,E14001160,Chelsea and Fulham,false,true,
E05013750,Wendell Park,E09000013,Hammersmith and Fulham,E14001264,Hammersmith and Chiswick,false,true,
E05013751,West Kensington,E09000013,Hammersmith and Fulham,E14001160,Chelsea and Fulham,false,true,
E05013752,White City,E09000013,Hammersmith and Fulham,E14001264,Hammersmith and Chiswick,false,true,
E05013753,Wormholt,E09000013,Hammersmith and Fulham,E14001207,Ealing Central and Acton,false,true,
E05013754,Beddington,E09000029,Sutton,E14001153,Carshalton and Wallington,false,true,
E05013755,Belmont,E09000029,Sutton,E14001534,Sutton and Cheam,false,true,
E05013756,Carshalton Central,E09000029,Sutton,E14001153,Carshalton and Wallington,false,true,
E05013757,Carshalton South & Clockhouse,E09000029,Sutton,E14001153,Carshalton and Wallington,false,true,
E05013758,Cheam,E09000029,Sutton,E14001534,Sutton and Cheam,false,true,
E05013759,Hackbridge,E09000029,Sutton,E14001153,Carshalton and Wallington,false,true,
E05013760,North Cheam,E09000029,Sutton,E14001534,Sutton and Cheam,false,true,
E05013761,St Helier East,E09000029,Sutton,E14001153,Carshalton and Wallington,false,true,
E05013762,St Helier West,E09000029,Sutton,E14001153,Carshalton and Wallington,false,true,
E05013763,South Beddington & Roundshaw,E09000029,Sutton,E14001153,Carshalton and Wallington,false,true,
E05013764,Stonecot,E09000029,Sutton,E14001534,Sutton and Cheam,false,true,
E05013765,Sutton Central,E09000029,Sutton,E14001534,Sutton and Cheam,false,true,
E05013766,Sutton North,E09000029,Sutton,E14001534,Sutton and Cheam,false,true,
E05013767,Sutton South,E09000029,Sutton,E14001534,Sutton and Cheam,false,true,
E05013768,Sutton West & East Cheam,E09000029,Sutton,E14001534,Sutton and Cheam,false,true,
E05013769,The Wrythe,E09000029,Sutton,E14001153,Carshalton and Wallington,false,true,
E05013770,Wallington North,E09000029,Sutton,E14001153,Carshalton and Wallington,false,true,
E05013771,Wallington South,E09000029,Sutton,E14001153,Carshalton and Wallington,false,true,
E05013772,Worcester Park North,E09000029,Sutton,E14001534,Sutton and Cheam,false,true,
E05013773,Worcester Park South,E09000029,Sutton,E14001534,Sutton and Cheam,false,true,
E05013774,Barnes,E09000027,Richmond upon Thames,E14001445,Richmond Park,false,true,
E05013775,East Sheen,E09000027,Richmond upon Thames,E14001445,Richmond Park,false,true,
E05013776,Fulwell & Hampton Hill,E09000027,Richmond upon Thames,E14001556,Twickenham,false,true,
E05013777,"Ham, Petersham & Richmond Riverside",E09000027,Richmond upon Thames,E14001445,Richmond Park,false,true,
E05013778,Hampton,E09000027,Richmond upon Thames,E14001556,Twickenham,false,true,
E05013779,Hampton North,E09000027,Richmond upon Thames,E14001556,Twickenham,false,true,
E05013780,Hampton Wick & South Teddington,E09000027,Richmond upon Thames,E14001556,Twickenham,false,true,
E05013781,Heathfield,E09000027,Richmond upon Thames,E14001556,Twickenham,false,true,
E05013782,Kew,E09000027,Richmond upon Thames,E14001445,Richmond Park,false,true,
E05013783,Mortlake & Barnes Common,E09000027,Richmond upon Thames,E14001445,Richmond Park,false,true,
E05013784,North Richmond,E09000027,Richmond upon Thames,E14001445,Richmond Park,false,true,
E05013785,St Margarets & North Twickenham,E09000027,Richmond upon Thames,E14001556,Twickenham,false,true,
E05013786,South Richmond,E09000027,Richmond upon Thames,E14001445,Richmond Park,false,true,
E05013787,South Twickenham,E09000027,Richmond upon Thames,E14001556,Twickenham,false,true,
E05013788,Teddington,E09000027,Richmond upon Thames,E14001556,Twickenham,false,true,
E05013789,Twickenham Riverside,E09000027,Richmond upon Thames,E14001556,Twickenham,false,true,
E05013790,West Twickenham,E09000027,Richmond upon Thames,E14001556,Twickenham,false,true,
E05013791,Whitton,E09000027,Richmond upon Thames,E14001124,Brentford and Isleworth,false,true,
E05013792,Abbey Road,E09000033,Westminster,E14001172,Cities of London and Westminster,false,true,
E05013793,Bayswater,E09000033,Westminster,E14001310,Kensington and Bayswater,false,true,
E05013794,Church Street,E09000033,Westminster,E14001435,Queen's Park and Maida Vale,false,true,
E05013795,Harrow Road,E09000033,Westminster,E14001435,Queen's Park and Maida Vale,false,true,
E05013796,Hyde Park,E09000033,Westminster,E14001172,Cities of London and Westminster,false,true,
E05013797,Knightsbridge & Belgravia,E09000033,Westminster,E14001172,Cities of London and Westminster,false,true,
E05013798,Lancaster Gate,E09000033,Westminster,E14001310,Kensington and Bayswater,false,true,
E05013799,Little Venice,E09000033,Westminster,E14001435,Queen's Park and Maida Vale,false,true,
E05013800,Maida Vale,E09000033,Westminster,E14001435,Queen's Park and Maida Vale,false,true,
E05013801,Marylebone,E09000033,Westminster,E14001172,Cities of London and Westminster,false,true,
E05013802,Pimlico North,E09000033,Westminster,E14001172,Cities of London and Westminster,false,true,
E05013803,Pimlico South,E09000033,Westminster,E14001172,Cities of London and Westminster,false,true,
E05013804,Queen's Park,E09000033,Westminster,E14001435,Queen's Park and Maida Vale,false,true,
E05013805,Regent's Park,E09000033,Westminster,E14001172,Cities of London and Westminster,false,true,
E05013806,St James's,E09000033,Westminster,E14001172,Cities of London and Westminster,false,true,
E05013807,Vincent Square,E09000033,Westminster,E14001172,Cities of London and Westminster,false,true,
E05013808,West End,E09000033,Westminster,E14001172,Cities of London and Westminster,false,true,
E05013809,Westbourne,E09000033,Westminster,E14001435,Queen's Park and Maida Vale,false,true,
E05013810,Abbey,E09000024,Merton,E14001586,Wimbledon,false,true,
E05013811,Cannon Hill,E09000024,Merton,E14001371,Mitcham and Morden,false,true,
E05013812,Colliers Wood,E09000024,Merton,E14001371,Mitcham and Morden,false,true,
E05013813,Cricket Green,E09000024,Merton,E14001371,Mitcham and Morden,false,true,
E05013814,Figge's Marsh,E09000024,Merton,E14001371,Mitcham and Morden,false,true,
E05013815,Graveney,E09000024,Merton,E14001371,Mitcham and Morden,false,true,
E05013816,Hillside,E09000024,Merton,E14001586,Wimbledon,false,true,
E05013817,Lavender Fields,E09000024,Merton,E14001371,Mitcham and Morden,false,true,
E05013818,Longthornton,E09000024,Merton,E14001371,Mitcham and Morden,false,true,
E05013819,Lower Morden,E09000024,Merton,E14001371,Mitcham and Morden,false,true,
E05013820,Merton Park,E09000024,Merton,E14001586,Wimbledon,false,true,
E05013821,Pollards Hill,E09000024,Merton,E14001371,Mitcham and Morden,false,true,
E05013822,Ravensbury,E09000024,Merton,E14001371,Mitcham and Morden,false,true,
E05013823,Raynes Park,E09000024,Merton,E14001586,Wimbledon,false,true,
E05013824,St Helier,E09000024,Merton,E14001371,Mitcham and Morden,false,true,
E05013825,Village,E09000024,Merton,E14001586,Wimbledon,false,true,
E05013826,Wandle,E09000024,Merton,E14001586,Wimbledon,false,true,
E05013827,West Barnes,E09000024,Merton,E14001586,Wimbledon,false,true,
E05013828,Wimbledon Park,E09000024,Merton,E14001586,Wimbledon,false,true,
E05013829,Wimbledon Town & Dundonald,E09000024,Merton,E14001586,Wimbledon,false,true,
E05013830,Garforth & Swillington,E08000035,Leeds,E14001320,Leeds East,false,true,
E05013831,Temple Newsam,E08000035,Leeds,E14001320,Leeds East,true,true,8.5468
E05013831,Temple Newsam,E08000035,Leeds,E14001323,Leeds South,true,false,3.758
E05013832,Bowerhill,E06000054,Wiltshire,E14001356,Melksham and Devizes,false,true,
E05013833,Melksham East,E06000054,Wiltshire,E14001356,Melksham and Devizes,false,true,
E05013834,Pewsey,E06000054,Wiltshire,E14001217,East Wiltshire,false,true,
E05013835,Pewsey Vale West,E06000054,Wiltshire,E14001217,East Wiltshire,false,true,
E05013836,St Austell Poltair & Mount Charles,E06000052,Cornwall,E14001508,St Austell and Newquay,false,true,
E05013837,Altarnun & Stoke Climsland,E06000052,Cornwall,E14001385,North Cornwall,false,true,
E05013838,"Crowan, Sithney & Wendron",E06000052,Cornwall,E14001511,St Ives,false,true,
E05013839,Falmouth Boslowick,E06000052,Cornwall,E14001554,Truro and Falmouth,false,true,
E05013840,Falmouth Trescobeas & Budock,E06000052,Cornwall,E14001554,Truro and Falmouth,false,true,
E05013841,Helston North,E06000052,Cornwall,E14001511,St Ives,false,true,
E05013842,Illogan & Portreath,E06000052,Cornwall,E14001148,Camborne and Redruth,false,true,
E05013843,"Lanner, Stithians & Gwennap",E06000052,Cornwall,E14001148,Camborne and Redruth,false,true,
E05013844,Launceston North & North Petherwin,E06000052,Cornwall,E14001385,North Cornwall,false,true,
E05013845,"Long Rock, Marazion & St Erth",E06000052,Cornwall,E14001511,St Ives,false,true,
E05013846,Mevagissey & St Austell Bay,E06000052,Cornwall,E14001508,St Austell and Newquay,false,true,
E05013847,Newquay Trenance,E06000052,Cornwall,E14001508,St Austell and Newquay,false,true,
E05013848,Penryn,E06000052,Cornwall,E14001554,Truro and Falmouth,false,true,
E05013849,Perranporth,E06000052,Cornwall,E14001148,Camborne and Redruth,true,true,37.3089
E05013849,Perranporth,E06000052,Cornwall,E14001554,Truro and Falmouth,true,false,0.5786
E05013850,Probus & St Erme,E06000052,Cornwall,E14001554,Truro and Falmouth,false,true,
E05013851,"Redruth Central, Carharrack & St Day",E06000052,Cornwall,E14001148,Camborne and Redruth,false,true,
E05013852,St Agnes,E06000052,Cornwall,E14001148,Camborne and Redruth,false,true,
E05013853,St Austell Bethel & Holmbush,E06000052,Cornwall,E14001508,St Austell and Newquay,false,true,
E05013854,St Austell Central & Gover,E06000052,Cornwall,E14001508,St Austell and Newquay,false,true,
E05013855,St Columb Minor & Colan,E06000052,Cornwall,E14001508,St Austell and Newquay,false,true,
E05013856,St Dennis & St Enoder,E06000052,Cornwall,E14001508,St Austell and Newquay,false,true,
E05013857,"St Ives East, Lelant & Carbis Bay",E06000052,Cornwall,E14001511,St Ives,false,true,
E05013858,St Ives West & Towednack,E06000052,Cornwall,E14001511,St Ives,false,true,
E05013859,St Mewan & Grampound,E06000052,Cornwall,E14001508,St Austell and Newquay,true,true,55.0421
E05013859,St Mewan & Grampound,E06000052,Cornwall,E14001554,Truro and Falmouth,true,false,0.0611
E05013860,"St Newlyn East, Cubert & Goonhavern",E06000052,Cornwall,E14001554,Truro and Falmouth,true,true,90.5798
E05013860,"St Newlyn East, Cubert & Goonhavern",E06000052,Cornwall,E14001508,St Austell and Newquay,true,false,0.1391
E05013861,Threemilestone & Chacewater,E06000052,Cornwall,E14001554,Truro and Falmouth,false,true,
E05013864,Abbey,E06000038,Reading,E14001438,Reading Central,false,true,
E05013865,Battle,E06000038,Reading,E14001438,Reading Central,true,true,2.2383
E05013865,Battle,E06000038,Reading,E14001439,Reading West and Mid Berkshire,true,false,0.1157
E05013866,Caversham,E06000038,Reading,E14001438,Reading Central,false,true,
E05013867,Caversham Heights,E06000038,Reading,E14001438,Reading Central,false,true,
E05013868,Church,E06000038,Reading,E14001210,Earley and Woodley,false,true,
E05013869,Coley,E06000038,Reading,E14001438,Reading Central,false,true,
E05013870,Emmer Green,E06000038,Reading,E14001438,Reading Central,false,true,
E05013871,Katesgrove,E06000038,Reading,E14001438,Reading Central,false,true,
E05013872,Kentwood,E06000038,Reading,E14001439,Reading West and Mid Berkshire,false,true,
E05013873,Norcot,E06000038,Reading,E14001439,Reading West and Mid Berkshire,true,true,1.5941
E05013873,Norcot,E06000038,Reading,E14001438,Reading Central,true,false,0.193
E05013874,Park,E06000038,Reading,E14001438,Reading Central,false,true,
E05013875,Redlands,E06000038,Reading,E14001438,Reading Central,true,true,1.5229
E05013875,Redlands,E06000038,Reading,E14001210,Earley and Woodley,true,false,0.413
E05013876,Southcote,E06000038,Reading,E14001438,Reading Central,true,true,3.3194
E05013876,Southcote,E06000038,Reading,E14001439,Reading West and Mid Berkshire,true,false,0.0036
E05013877,Thames,E06000038,Reading,E14001438,Reading Central,false,true,
E05013878,Tilehurst,E06000038,Reading,E14001439,Reading West and Mid Berkshire,false,true,
E05013879,Whitley,E06000038,Reading,E14001210,Earley and Woodley,false,true,
E05013880,Longstanton,E07000012,South Cambridgeshire,E14001512,St Neots and Mid Cambridgeshire,false,true,
E05013881,Over & Willingham,E07000012,South Cambridgeshire,E14001512,St Neots and Mid Cambridgeshire,false,true,
E05013882,Cann Hall,E09000031,Waltham Forest,E14001334,Leyton and Wanstead,false,true,
E05013883,Cathall,E09000031,Waltham Forest,E14001334,Leyton and Wanstead,false,true,
E05013884,Chapel End,E09000031,Waltham Forest,E14001563,Walthamstow,false,true,
E05013885,Chingford Green,E09000031,Waltham Forest,E14001167,Chingford and Woodford Green,false,true,
E05013886,Endlebury,E09000031,Waltham Forest,E14001167,Chingford and Woodford Green,false,true,
E05013887,Forest,E09000031,Waltham Forest,E14001334,Leyton and Wanstead,false,true,
E05013888,Grove Green,E09000031,Waltham Forest,E14001334,Leyton and Wanstead,false,true,
E05013889,Hale End & Highams Park South,E09000031,Waltham Forest,E14001167,Chingford and Woodford Green,true,true,1.4971
E05013889,Hale End & Highams Park South,E09000031,Waltham Forest,E14001563,Walthamstow,true,false,0.294
E05013890,Hatch Lane & Highams Park North,E09000031,Waltham Forest,E14001167,Chingford and Woodford Green,false,true,
E05013891,High Street,E09000031,Waltham Forest,E14001563,Walthamstow,false,true,
E05013892,Higham Hill,E09000031,Waltham Forest,E14001563,Walthamstow,false,true,
E05013893,Hoe Street,E09000031,Waltham Forest,E14001563,Walthamstow,true,true,1.0351
E05013893,Hoe Street,E09000031,Waltham Forest,E14001334,Leyton and Wanstead,true,false,0.0343
E05013894,Larkswood,E09000031,Waltham Forest,E14001167,Chingford and Woodford Green,true,true,2.0655
E05013894,Larkswood,E09000031,Waltham Forest,E14001563,Walthamstow,true,false,0.1066
E05013895,Lea Bridge,E09000031,Waltham Forest,E14001563,Walthamstow,false,true,
E05013896,Leyton,E09000031,Waltham Forest,E14001334,Leyton and Wanstead,true,true,1.8464
E05013896,Leyton,E09000031,Waltham Forest,E14001563,Walthamstow,true,false,0.1176
E05013897,Leytonstone,E09000031,Waltham Forest,E14001334,Leyton and Wanstead,false,true,
E05013898,Markhouse,E09000031,Waltham Forest,E14001563,Walthamstow,false,true,
E05013899,St James,E09000031,Waltham Forest,E14001563,Walthamstow,false,true,
E05013900,Upper Walthamstow,E09000031,Waltham Forest,E14001563,Walthamstow,true,true,1.14
E05013900,Upper Walthamstow,E09000031,Waltham Forest,E14001167,Chingford and Woodford Green,true,false,0.5331
E05013901,Valley,E09000031,Waltham Forest,E14001167,Chingford and Woodford Green,false,true,
E05013902,William Morris,E09000031,Waltham Forest,E14001563,Walthamstow,false,true,
E05013903,Wood Street,E09000031,Waltham Forest,E14001563,Walthamstow,false,true,
E05013904,Beckton,E09000025,Newham,E14001576,West Ham and Beckton,false,true,
E05013905,Boleyn,E09000025,Newham,E14001213,East Ham,false,true,
E05013906,Canning Town North,E09000025,Newham,E14001576,West Ham and Beckton,false,true,
E05013907,Canning Town South,E09000025,Newham,E14001576,West Ham and Beckton,false,true,
E05013908,Custom House,E09000025,Newham,E14001576,West Ham and Beckton,false,true,
E05013909,East Ham,E09000025,Newham,E14001213,East Ham,false,true,
E05013910,East Ham South,E09000025,Newham,E14001213,East Ham,false,true,
E05013911,Forest Gate North,E09000025,Newham,E14001525,Stratford and Bow,false,true,
E05013912,Forest Gate South,E09000025,Newham,E14001525,Stratford and Bow,true,true,1.1064
E05013912,Forest Gate South,E09000025,Newham,E14001213,East Ham,true,false,0.1349
E05013913,Green Street East,E09000025,Newham,E14001213,East Ham,false,true,
E05013914,Green Street West,E09000025,Newham,E14001525,Stratford and Bow,true,true,0.8051
E05013914,Green Street West,E09000025,Newham,E14001576,West Ham and Beckton,true,false,0.009
E05013915,Little Ilford,E09000025,Newham,E14001213,East Ham,false,true,
E05013916,Manor Park,E09000025,Newham,E14001213,East Ham,false,true,
E05013917,Maryland,E09000025,Newham,E14001525,Stratford and Bow,false,true,
E05013918,Plaistow North,E09000025,Newham,E14001576,West Ham and Beckton,true,true,0.888
E05013918,Plaistow North,E09000025,Newham,E14001213,East Ham,true,false,0.1025
E05013919,Plaistow South,E09000025,Newham,E14001576,West Ham and Beckton,false,true,
E05013920,Plaistow West & Canning Town East,E09000025,Newham,E14001576,West Ham and Beckton,false,true,
E05013921,Plashet,E09000025,Newham,E14001213,East Ham,false,true,
E05013922,Royal Albert,E09000025,Newham,E14001576,West Ham and Beckton,false,true,
E05013923,Royal Victoria,E09000025,Newham,E14001576,West Ham and Beckton,false,true,
E05013924,Stratford,E09000025,Newham,E14001525,Stratford and Bow,false,true,
E05013925,Stratford Olympic Park,E09000025,Newham,E14001525,Stratford and Bow,false,true,
E05013926,Wall End,E09000025,Newham,E14001213,East Ham,false,true,
E05013927,West Ham,E09000025,Newham,E14001576,West Ham and Beckton,false,true,
E05013928,Alexandra,E09000021,Kingston upon Thames,E14001312,Kingston and Surbiton,false,true,
E05013929,Berrylands,E09000021,Kingston upon Thames,E14001312,Kingston and Surbiton,false,true,
E05013930,Canbury Gardens,E09000021,Kingston upon Thames,E14001445,Richmond Park,false,true,
E05013931,Chessington South & Malden Rushett,E09000021,Kingston upon Thames,E14001312,Kingston and Surbiton,false,true,
E05013932,Coombe Hill,E09000021,Kingston upon Thames,E14001445,Richmond Park,false,true,
E05013933,Coombe Vale,E09000021,Kingston upon Thames,E14001312,Kingston and Surbiton,true,true,1.6471
E05013933,Coombe Vale,E09000021,Kingston upon Thames,E14001445,Richmond Park,true,false,0.0422
E05013934,Green Lane & St James,E09000021,Kingston upon Thames,E14001586,Wimbledon,true,true,0.7709
E05013934,Green Lane & St James,E09000021,Kingston upon Thames,E14001312,Kingston and Surbiton,true,false,0.5491
E05013935,Hook & Chessington North,E09000021,Kingston upon Thames,E14001312,Kingston and Surbiton,false,true,
E05013936,King George's & Sunray,E09000021,Kingston upon Thames,E14001312,Kingston and Surbiton,false,true,
E05013937,Kingston Gate,E09000021,Kingston upon Thames,E14001445,Richmond Park,false,true,
E05013938,Kingston Town,E09000021,Kingston upon Thames,E14001312,Kingston and Surbiton,false,true,
E05013939,Motspur Park & Old Malden East,E09000021,Kingston upon Thames,E14001586,Wimbledon,false,true,
E05013940,New Malden Village,E09000021,Kingston upon Thames,E14001312,Kingston and Surbiton,true,true,1.3174
E05013940,New Malden Village,E09000021,Kingston upon Thames,E14001586,Wimbledon,true,false,0.3574
E05013941,Norbiton,E09000021,Kingston upon Thames,E14001312,Kingston and Surbiton,false,true,
E05013942,Old Malden,E09000021,Kingston upon Thames,E14001586,Wimbledon,true,true,1.2982
E05013942,Old Malden,E09000021,Kingston upon Thames,E14001312,Kingston and Surbiton,true,false,0.4267
E05013943,St Mark's & Seething Wells,E09000021,Kingston upon Thames,E14001312,Kingston and Surbiton,false,true,
E05013944,Surbiton Hill,E09000021,Kingston upon Thames,E14001312,Kingston and Surbiton,false,true,
E05013945,Tolworth,E09000021,Kingston upon Thames,E14001312,Kingston and Surbiton,false,true,
E05013946,Tudor,E09000021,Kingston upon Thames,E14001445,Richmond Park,false,true,
E05013947,Batchwood,E07000240,St Albans,E14001507,St Albans,false,true,
E05013948,Bernards Heath,E07000240,St Albans,E14001507,St Albans,false,true,
E05013949,Clarence,E07000240,St Albans,E14001507,St Albans,false,true,
E05013950,Colney Heath,E07000240,St Albans,E14001507,St Albans,false,true,
E05013951,Cunningham,E07000240,St Albans,E14001507,St Albans,false,true,
E05013952,Harpenden East,E07000240,St Albans,E14001268,Harpenden and Berkhamsted,false,true,
E05013953,Harpenden North & Rural,E07000240,St Albans,E14001268,Harpenden and Berkhamsted,false,true,
E05013954,Harpenden South,E07000240,St Albans,E14001268,Harpenden and Berkhamsted,false,true,
E05013955,Harpenden West,E07000240,St Albans,E14001268,Harpenden and Berkhamsted,false,true,
E05013956,Hill End,E07000240,St Albans,E14001507,St Albans,false,true,
E05013957,London Colney,E07000240,St Albans,E14001507,St Albans,false,true,
E05013960,Park Street,E07000240,St Albans,E14001507,St Albans,false,true,
E05013961,Redbourn,E07000240,St Albans,E14001268,Harpenden and Berkhamsted,false,true,
E05013962,Sandridge & Wheathampstead,E07000240,St Albans,E14001268,Harpenden and Berkhamsted,false,true,
E05013963,Sopwell,E07000240,St Albans,E14001507,St Albans,false,true,
E05013964,St Peters,E07000240,St Albans,E14001507,St Albans,false,true,
E05013965,St Stephen,E07000240,St Albans,E14001507,St Albans,true,true,12.8785
E05013965,St Stephen,E07000240,St Albans,E14001268,Harpenden and Berkhamsted,true,false,0.1911
E05013966,Verulam,E07000240,St Albans,E14001268,Harpenden and Berkhamsted,true,true,14.8379
E05013966,Verulam,E07000240,St Albans,E14001507,St Albans,true,false,3.5509
E05013967,Beam Park,E09000016,Havering,E14001189,Dagenham and Rainham,false,true,
E05013968,Cranham,E09000016,Havering,E14001292,Hornchurch and Upminster,false,true,
E05013969,Elm Park,E09000016,Havering,E14001189,Dagenham and Rainham,false,true,
E05013970,Emerson Park,E09000016,Havering,E14001292,Hornchurch and Upminster,false,true,
E05013971,Gooshays,E09000016,Havering,E14001292,Hornchurch and Upminster,false,true,
E05013972,Hacton,E09000016,Havering,E14001292,Hornchurch and Upminster,true,true,1.7487
E05013972,Hacton,E09000016,Havering,E14001189,Dagenham and Rainham,true,false,0.0525
E05013973,Harold Wood,E09000016,Havering,E14001292,Hornchurch and Upminster,false,true,
E05013974,Havering-atte-Bower,E09000016,Havering,E14001448,Romford,true,true,10.1536
E05013974,Havering-atte-Bower,E09000016,Havering,E14001292,Hornchurch and Upminster,true,false,0.7224
E05013975,Heaton,E09000016,Havering,E14001292,Hornchurch and Upminster,false,true,
E05013976,Hylands & Harrow Lodge,E09000016,Havering,E14001448,Romford,false,true,
E05013977,Marshalls & Rise Park,E09000016,Havering,E14001448,Romford,false,true,
E05013978,Mawneys,E09000016,Havering,E14001448,Romford,false,true,
E05013979,Rainham & Wennington,E09000016,Havering,E14001189,Dagenham and Rainham,false,true,
E05013980,Rush Green & Crowlands,E09000016,Havering,E14001448,Romford,false,true,
E05013981,St Alban's,E09000016,Havering,E14001448,Romford,false,true,
E05013982,St Andrew's,E09000016,Havering,E14001292,Hornchurch and Upminster,false,true,
E05013983,St Edward's,E09000016,Havering,E14001448,Romford,false,true,
E05013984,South Hornchurch,E09000016,Havering,E14001189,Dagenham and Rainham,false,true,
E05013985,Squirrels Heath,E09000016,Havering,E14001448,Romford,false,true,
E05013986,Upminster,E09000016,Havering,E14001292,Hornchurch and Upminster,false,true,
E05013987,Beckenham Town & Copers Cope,E09000006,Bromley,E14001083,Beckenham and Penge,false,true,
E05013988,Bickley & Sundridge,E09000006,Bromley,E14001137,Bromley and Biggin Hill,false,true,
E05013989,Biggin Hill,E09000006,Bromley,E14001137,Bromley and Biggin Hill,false,true,
E05013990,Bromley Common & Holwood,E09000006,Bromley,E14001137,Bromley and Biggin Hill,true,true,6.9048
E05013990,Bromley Common & Holwood,E09000006,Bromley,E14001417,Orpington,true,false,0.0808
E05013991,Bromley Town,E09000006,Bromley,E14001137,Bromley and Biggin Hill,false,true,
E05013992,Chelsfield,E09000006,Bromley,E14001417,Orpington,false,true,
E05013993,Chislehurst,E09000006,Bromley,E14001223,Eltham and Chislehurst,true,true,9.8862
E05013993,Chislehurst,E09000006,Bromley,E14001417,Orpington,true,false,0.1412
E05013994,Clock House,E09000006,Bromley,E14001083,Beckenham and Penge,false,true,
E05013995,Crystal Palace & Anerley,E09000006,Bromley,E14001083,Beckenham and Penge,false,true,
E05013996,Darwin,E09000006,Bromley,E14001417,Orpington,true,true,27.524
E05013996,Darwin,E09000006,Bromley,E14001137,Bromley and Biggin Hill,true,false,6.1247
E05013997,Farnborough & Crofton,E09000006,Bromley,E14001417,Orpington,false,true,
E05013998,Hayes & Coney Hall,E09000006,Bromley,E14001137,Bromley and Biggin Hill,false,true,
E05013999,Kelsey & Eden Park,E09000006,Bromley,E14001083,Beckenham and Penge,false,true,
E05014000,Mottingham,E09000006,Bromley,E14001223,Eltham and Chislehurst,false,true,
E05014001,Orpington,E09000006,Bromley,E14001417,Orpington,false,true,
E05014002,Penge & Cator,E09000006,Bromley,E14001083,Beckenham and Penge,false,true,
E05014003,Petts Wood & Knoll,E09000006,Bromley,E14001417,Orpington,true,true,4.7998
E05014003,Petts Wood & Knoll,E09000006,Bromley,E14001137,Bromley and Biggin Hill,true,false,0.0042
E05014004,Plaistow,E09000006,Bromley,E14001137,Bromley and Biggin Hill,false,true,
E05014005,Shortlands & Park Langley,E09000006,Bromley,E14001083,Beckenham and Penge,true,true,3.6468
E05014005,Shortlands & Park Langley,E09000006,Bromley,E14001137,Bromley and Biggin Hill,true,false,0.9099
E05014006,St Mary Cray,E09000006,Bromley,E14001417,Orpington,false,true,
E05014007,St Paul's Cray,E09000006,Bromley,E14001417,Orpington,false,true,
E05014008,West Wickham,E09000006,Bromley,E14001083,Beckenham and Penge,false,true,
E05014009,Balham,E09000032,Wandsworth,E14001081,Battersea,true,true,1.0095
E05014009,Balham,E09000032,Wandsworth,E14001550,Tooting,true,false,0.4398
E05014010,Battersea Park,E09000032,Wandsworth,E14001081,Battersea,false,true,
E05014011,East Putney,E09000032,Wandsworth,E14001434,Putney,false,true,
E05014012,Falconbrook,E09000032,Wandsworth,E14001081,Battersea,false,true,
E05014013,Furzedown,E09000032,Wandsworth,E14001550,Tooting,false,true,
E05014014,Lavender,E09000032,Wandsworth,E14001081,Battersea,false,true,
E05014015,Nine Elms,E09000032,Wandsworth,E14001081,Battersea,false,true,
E05014016,Northcote,E09000032,Wandsworth,E14001081,Battersea,false,true,
E05014017,Roehampton,E09000032,Wandsworth,E14001434,Putney,false,true,
E05014018,St Mary's,E09000032,Wandsworth,E14001081,Battersea,true,true,1.0428
E05014018,St Mary's,E09000032,Wandsworth,E14001434,Putney,true,false,0.2411
E05014019,Shaftesbury & Queenstown,E09000032,Wandsworth,E14001081,Battersea,false,true,
E05014020,South Balham,E09000032,Wandsworth,E14001550,Tooting,false,true,
E05014021,Southfields,E09000032,Wandsworth,E14001434,Putney,false,true,
E05014022,Thamesfield,E09000032,Wandsworth,E14001434,Putney,false,true,
E05014023,Tooting Bec,E09000032,Wandsworth,E14001550,Tooting,false,true,
E05014024,Tooting Broadway,E09000032,Wandsworth,E14001550,Tooting,false,true,
E05014025,Trinity,E09000032,Wandsworth,E14001550,Tooting,false,true,
E05014026,Wandle,E09000032,Wandsworth,E14001550,Tooting,false,true,
E05014027,Wandsworth Common,E09000032,Wandsworth,E14001550,Tooting,false,true,
E05014028,Wandsworth Town,E09000032,Wandsworth,E14001434,Putney,true,true,0.942
E05014028,Wandsworth Town,E09000032,Wandsworth,E14001081,Battersea,true,false,0.317
E05014028,Wandsworth Town,E09000032,Wandsworth,E14001550,Tooting,true,false,0.3164
E05014029,West Hill,E09000032,Wandsworth,E14001434,Putney,false,true,
E05014030,West Putney,E09000032,Wandsworth,E14001434,Putney,false,true,
E05014031,Cambourne,E07000012,South Cambridgeshire,E14001512,St Neots and Mid Cambridgeshire,false,true,
E05014032,Caxton & Papworth,E07000012,South Cambridgeshire,E14001512,St Neots and Mid Cambridgeshire,false,true,
E05014033,Balderstone & Kirkholt,E08000005,Rochdale,E14001446,Rochdale,false,true,
E05014034,Bamford,E08000005,Rochdale,E14001286,Heywood and Middleton North,true,true,6.1626
E05014034,Bamford,E08000005,Rochdale,E14001446,Rochdale,true,false,0.0188
E05014035,Castleton,E08000005,Rochdale,E14001286,Heywood and Middleton North,false,true,
E05014036,Central Rochdale,E08000005,Rochdale,E14001446,Rochdale,true,true,2.7246
E05014036,Central Rochdale,E08000005,Rochdale,E14001286,Heywood and Middleton North,true,false,0.0159
E05014037,East Middleton,E08000005,Rochdale,E14001103,Blackley and Middleton South,true,true,2.443
E05014037,East Middleton,E08000005,Rochdale,E14001286,Heywood and Middleton North,true,false,0.1333
E05014038,Healey,E08000005,Rochdale,E14001446,Rochdale,false,true,
E05014039,Hopwood Hall,E08000005,Rochdale,E14001286,Heywood and Middleton North,false,true,
E05014040,Kingsway,E08000005,Rochdale,E14001446,Rochdale,false,true,
E05014041,Littleborough Lakeside,E08000005,Rochdale,E14001446,Rochdale,false,true,
E05014042,Milkstone & Deeplish,E08000005,Rochdale,E14001446,Rochdale,true,true,1.5835
E05014042,Milkstone & Deeplish,E08000005,Rochdale,E14001286,Heywood and Middleton North,true,false,0.1381
E05014043,Milnrow & Newhey,E08000005,Rochdale,E14001446,Rochdale,false,true,
E05014044,Norden,E08000005,Rochdale,E14001286,Heywood and Middleton North,false,true,
E05014045,North Heywood,E08000005,Rochdale,E14001286,Heywood and Middleton North,false,true,
E05014046,North Middleton,E08000005,Rochdale,E14001286,Heywood and Middleton North,true,true,4.7738
E05014046,North Middleton,E08000005,Rochdale,E14001103,Blackley and Middleton South,true,false,0.2253
E05014047,Smallbridge & Firgrove,E08000005,Rochdale,E14001446,Rochdale,false,true,
E05014048,South Middleton,E08000005,Rochdale,E14001103,Blackley and Middleton South,true,true,3.9916
E05014048,South Middleton,E08000005,Rochdale,E14001286,Heywood and Middleton North,true,false,1.0337
E05014049,Spotland & Falinge,E08000005,Rochdale,E14001286,Heywood and Middleton North,true,true,2.6957
E05014049,Spotland & Falinge,E08000005,Rochdale,E14001446,Rochdale,true,false,0.2064
E05014050,"Wardle, Shore & West Littleborough",E08000005,Rochdale,E14001446,Rochdale,false,true,
E05014051,West Heywood,E08000005,Rochdale,E14001286,Heywood and Middleton North,false,true,
E05014052,West Middleton,E08000005,Rochdale,E14001286,Heywood and Middleton North,false,true,
E05014053,Abbey,E09000002,Barking and Dagenham,E14001073,Barking,false,true,
E05014054,Alibon,E09000002,Barking and Dagenham,E14001073,Barking,true,true,0.7569
E05014054,Alibon,E09000002,Barking and Dagenham,E14001189,Dagenham and Rainham,true,false,0.6767
E05014055,Barking Riverside,E09000002,Barking and Dagenham,E14001073,Barking,false,true,
E05014056,Beam,E09000002,Barking and Dagenham,E14001189,Dagenham and Rainham,false,true,
E05014057,Becontree,E09000002,Barking and Dagenham,E14001073,Barking,false,true,
E05014058,Chadwell Heath,E09000002,Barking and Dagenham,E14001301,Ilford South,true,true,3.3846
E05014058,Chadwell Heath,E09000002,Barking and Dagenham,E14001189,Dagenham and Rainham,true,false,0.1472
E05014059,Eastbrook & Rush Green,E09000002,Barking and Dagenham,E14001189,Dagenham and Rainham,false,true,
E05014060,Eastbury,E09000002,Barking and Dagenham,E14001073,Barking,false,true,
E05014061,Gascoigne,E09000002,Barking and Dagenham,E14001073,Barking,false,true,
E05014062,Goresbrook,E09000002,Barking and Dagenham,E14001073,Barking,true,true,1.3359
E05014062,Goresbrook,E09000002,Barking and Dagenham,E14001189,Dagenham and Rainham,true,false,0.2719
E05014063,Heath,E09000002,Barking and Dagenham,E14001189,Dagenham and Rainham,false,true,
E05014064,Longbridge,E09000002,Barking and Dagenham,E14001073,Barking,false,true,
E05014065,Mayesbrook,E09000002,Barking and Dagenham,E14001073,Barking,false,true,
E05014066,Northbury,E09000002,Barking and Dagenham,E14001073,Barking,false,true,
E05014067,Parsloes,E09000002,Barking and Dagenham,E14001073,Barking,true,true,1.9043
E05014067,Parsloes,E09000002,Barking and Dagenham,E14001189,Dagenham and Rainham,true,false,0.2499
E05014068,Thames View,E09000002,Barking and Dagenham,E14001073,Barking,false,true,
E05014069,Valence,E09000002,Barking and Dagenham,E14001189,Dagenham and Rainham,true,true,1.0824
E05014069,Valence,E09000002,Barking and Dagenham,E14001073,Barking,true,false,0.4246
E05014070,Village,E09000002,Barking and Dagenham,E14001189,Dagenham and Rainham,false,true,
E05014071,Whalebone,E09000002,Barking and Dagenham,E14001189,Dagenham and Rainham,false,true,
E05014072,Abbey Wood,E09000011,Greenwich,E14001229,Erith and Thamesmead,false,true,
E05014073,Blackheath Westcombe,E09000011,Greenwich,E14001257,Greenwich and Woolwich,true,true,2.1369
E05014073,Blackheath Westcombe,E09000011,Greenwich,E14001223,Eltham and Chislehurst,true,false,0.5449
E05014074,Charlton Hornfair,E09000011,Greenwich,E14001257,Greenwich and Woolwich,true,true,0.7735
E05014074,Charlton Hornfair,E09000011,Greenwich,E14001223,Eltham and Chislehurst,true,false,0.5639
E05014075,Charlton Village & Riverside,E09000011,Greenwich,E14001257,Greenwich and Woolwich,false,true,
E05014076,East Greenwich,E09000011,Greenwich,E14001257,Greenwich and Woolwich,false,true,
E05014077,Eltham Page,E09000011,Greenwich,E14001223,Eltham and Chislehurst,false,true,
E05014078,Eltham Park & Progress,E09000011,Greenwich,E14001223,Eltham and Chislehurst,true,true,1.83
E05014078,Eltham Park & Progress,E09000011,Greenwich,E14001229,Erith and Thamesmead,true,false,0.7235
E05014079,Eltham Town & Avery Hill,E09000011,Greenwich,E14001223,Eltham and Chislehurst,false,true,
E05014080,Greenwich Creekside,E09000011,Greenwich,E14001257,Greenwich and Woolwich,false,true,
E05014081,Greenwich Park,E09000011,Greenwich,E14001257,Greenwich and Woolwich,false,true,
E05014082,Greenwich Peninsula,E09000011,Greenwich,E14001257,Greenwich and Woolwich,false,true,
E05014083,Kidbrooke Park,E09000011,Greenwich,E14001223,Eltham and Chislehurst,false,true,
E05014084,Kidbrooke Village & Sutcliffe,E09000011,Greenwich,E14001223,Eltham and Chislehurst,false,true,
E05014085,Middle Park & Horn Park,E09000011,Greenwich,E14001223,Eltham and Chislehurst,false,true,
E05014086,"Mottingham, Coldharbour & New Eltham",E09000011,Greenwich,E14001223,Eltham and Chislehurst,false,true,
E05014087,Plumstead & Glyndon,E09000011,Greenwich,E14001229,Erith and Thamesmead,false,true,
E05014088,Plumstead Common,E09000011,Greenwich,E14001229,Erith and Thamesmead,true,true,2.3141
E05014088,Plumstead Common,E09000011,Greenwich,E14001257,Greenwich and Woolwich,true,false,0.1391
E05014089,Shooters Hill,E09000011,Greenwich,E14001229,Erith and Thamesmead,true,true,2.0662
E05014089,Shooters Hill,E09000011,Greenwich,E14001257,Greenwich and Woolwich,true,false,0.4433
E05014090,Thamesmead Moorings,E09000011,Greenwich,E14001229,Erith and Thamesmead,false,true,
E05014091,West Thamesmead,E09000011,Greenwich,E14001229,Erith and Thamesmead,false,true,
E05014092,Woolwich Arsenal,E09000011,Greenwich,E14001257,Greenwich and Woolwich,true,true,1.0285
E05014092,Woolwich Arsenal,E09000011,Greenwich,E14001229,Erith and Thamesmead,true,false,0.1697
E05014093,Woolwich Common,E09000011,Greenwich,E14001257,Greenwich and Woolwich,true,true,1.8977
E05014093,Woolwich Common,E09000011,Greenwich,E14001229,Erith and Thamesmead,true,false,0.1683
E05014094,Woolwich Dockyard,E09000011,Greenwich,E14001257,Greenwich and Woolwich,false,true,
E05014095,Brixton Acre Lane,E09000022,Lambeth,E14001175,Clapham and Brixton Hill,false,true,
E05014096,Brixton North,E09000022,Lambeth,E14001205,Dulwich and West Norwood,true,true,0.4962
E05014096,Brixton North,E09000022,Lambeth,E14001175,Clapham and Brixton Hill,true,false,0.4198
E05014097,Brixton Rush Common,E09000022,Lambeth,E14001175,Clapham and Brixton Hill,true,true,0.9293
E05014097,Brixton Rush Common,E09000022,Lambeth,E14001205,Dulwich and West Norwood,true,false,0.043
E05014098,Brixton Windrush,E09000022,Lambeth,E14001205,Dulwich and West Norwood,false,true,
E05014099,Clapham Common & Abbeville,E09000022,Lambeth,E14001175,Clapham and Brixton Hill,false,true,
E05014100,Clapham East,E09000022,Lambeth,E14001175,Clapham and Brixton Hill,false,true,
E05014101,Clapham Park,E09000022,Lambeth,E14001175,Clapham and Brixton Hill,true,true,0.9057
E05014101,Clapham Park,E09000022,Lambeth,E14001527,Streatham and Croydon North,true,false,0.0376
E05014102,Clapham Town,E09000022,Lambeth,E14001175,Clapham and Brixton Hill,false,true,
E05014103,Gipsy Hill,E09000022,Lambeth,E14001205,Dulwich and West Norwood,false,true,
E05014104,Herne Hill & Loughborough Junction,E09000022,Lambeth,E14001205,Dulwich and West Norwood,false,true,
E05014105,Kennington,E09000022,Lambeth,E14001559,Vauxhall and Camberwell Green,false,true,
E05014106,Knight's Hill,E09000022,Lambeth,E14001205,Dulwich and West Norwood,false,true,
E05014107,Myatt's Fields,E09000022,Lambeth,E14001559,Vauxhall and Camberwell Green,false,true,
E05014108,Oval,E09000022,Lambeth,E14001559,Vauxhall and Camberwell Green,false,true,
E05014109,St Martin's,E09000022,Lambeth,E14001205,Dulwich and West Norwood,true,true,0.3503
E05014109,St Martin's,E09000022,Lambeth,E14001175,Clapham and Brixton Hill,true,false,0.3226
E05014109,St Martin's,E09000022,Lambeth,E14001527,Streatham and Croydon North,true,false,0.1999
E05014110,Stockwell East,E09000022,Lambeth,E14001559,Vauxhall and Camberwell Green,true,true,0.4611
E05014110,Stockwell East,E09000022,Lambeth,E14001175,Clapham and Brixton Hill,true,false,0.158
E05014111,Stockwell West & Larkhall,E09000022,Lambeth,E14001559,Vauxhall and Camberwell Green,true,true,0.5868
E05014111,Stockwell West & Larkhall,E09000022,Lambeth,E14001175,Clapham and Brixton Hill,true,false,0.3886
E05014112,Streatham Common & Vale,E09000022,Lambeth,E14001527,Streatham and Croydon North,false,true,
E05014113,Streatham Hill East,E09000022,Lambeth,E14001527,Streatham and Croydon North,false,true,
E05014114,Streatham Hill West & Thornton,E09000022,Lambeth,E14001175,Clapham and Brixton Hill,true,true,0.473
E05014114,Streatham Hill West & Thornton,E09000022,Lambeth,E14001527,Streatham and Croydon North,true,false,0.4425
E05014115,Streatham St Leonard's,E09000022,Lambeth,E14001527,Streatham and Croydon North,false,true,
E05014116,Streatham Wells,E09000022,Lambeth,E14001527,Streatham and Croydon North,false,true,
E05014117,Vauxhall,E09000022,Lambeth,E14001559,Vauxhall and Camberwell Green,false,true,
E05014118,Waterloo & South Bank,E09000022,Lambeth,E14001559,Vauxhall and Camberwell Green,false,true,
E05014119,West Dulwich,E09000022,Lambeth,E14001205,Dulwich and West Norwood,true,true,1.4808
E05014119,West Dulwich,E09000022,Lambeth,E14001175,Clapham and Brixton Hill,true,false,0.0024
E05014120,Billinge & Seneley Green,E08000013,St. Helens,E14001509,St Helens North,false,true,
E05014121,Blackbrook,E08000013,St. Helens,E14001509,St Helens North,false,true,
E05014122,Bold & Lea Green,E08000013,St. Helens,E14001510,St Helens South and Whiston,false,true,
E05014123,Eccleston,E08000013,St. Helens,E14001510,St Helens South and Whiston,false,true,
E05014124,Haydock,E08000013,St. Helens,E14001509,St Helens North,false,true,
E05014125,Moss Bank,E08000013,St. Helens,E14001509,St Helens North,false,true,
E05014126,Newton-le-Willows East,E08000013,St. Helens,E14001509,St Helens North,false,true,
E05014127,Newton-le-Willows West,E08000013,St. Helens,E14001509,St Helens North,false,true,
E05014128,Parr,E08000013,St. Helens,E14001509,St Helens North,false,true,
E05014129,Peasley Cross & Fingerpost,E08000013,St. Helens,E14001510,St Helens South and Whiston,false,true,
E05014130,Rainford,E08000013,St. Helens,E14001509,St Helens North,false,true,
E05014131,Rainhill,E08000013,St. Helens,E14001510,St Helens South and Whiston,false,true,
E05014132,St Helens Town Centre,E08000013,St. Helens,E14001510,St Helens South and Whiston,false,true,
E05014133,Sutton North West,E08000013,St. Helens,E14001510,St Helens South and Whiston,false,true,
E05014134,Sutton South East,E08000013,St. Helens,E14001510,St Helens South and Whiston,true,true,2.6497
E05014134,Sutton South East,E08000013,St. Helens,E14001509,St Helens North,true,false,0.2464
E05014135,Thatto Heath,E08000013,St. Helens,E14001510,St Helens South and Whiston,false,true,
E05014136,West Park,E08000013,St. Helens,E14001510,St Helens South and Whiston,false,true,
E05014137,Windle,E08000013,St. Helens,E14001509,St Helens North,false,true,
E05014138,Alverstoke,E07000088,Gosport,E14001252,Gosport,false,true,
E05014139,Anglesey,E07000088,Gosport,E14001252,Gosport,false,true,
E05014140,Bridgemary,E07000088,Gosport,E14001252,Gosport,false,true,
E05014141,Brockhurst & Privett,E07000088,Gosport,E14001252,Gosport,false,true,
E05014142,Elson,E07000088,Gosport,E14001252,Gosport,false,true,
E05014143,Forton,E07000088,Gosport,E14001252,Gosport,false,true,
E05014144,Grange & Alver Valley,E07000088,Gosport,E14001252,Gosport,false,true,
E05014145,Harbourside & Town,E07000088,Gosport,E14001252,Gosport,false,true,
E05014146,Hardway,E07000088,Gosport,E14001252,Gosport,false,true,
E05014147,Lee East,E07000088,Gosport,E14001252,Gosport,false,true,
E05014148,Lee West,E07000088,Gosport,E14001252,Gosport,false,true,
E05014149,Leesland & Newtown,E07000088,Gosport,E14001252,Gosport,false,true,
E05014150,Peel Common,E07000088,Gosport,E14001252,Gosport,false,true,
E05014151,Rowner & Holbrook,E07000088,Gosport,E14001252,Gosport,false,true,
E05014152,Besses,E08000002,Bury,E14001145,Bury South,false,true,
E05014153,Bury East,E08000002,Bury,E14001144,Bury North,false,true,
E05014154,Bury West,E08000002,Bury,E14001144,Bury North,true,true,3.3865
E05014154,Bury West,E08000002,Bury,E14001145,Bury South,true,false,0.1528
E05014155,Elton,E08000002,Bury,E14001144,Bury North,false,true,
E05014156,Holyrood,E08000002,Bury,E14001145,Bury South,false,true,
E05014157,Moorside,E08000002,Bury,E14001144,Bury North,false,true,
E05014158,North Manor,E08000002,Bury,E14001144,Bury North,false,true,
E05014159,Pilkington Park,E08000002,Bury,E14001145,Bury South,false,true,
E05014160,Radcliffe East,E08000002,Bury,E14001145,Bury South,false,true,
E05014161,Radcliffe North & Ainsworth,E08000002,Bury,E14001144,Bury North,true,true,7.0105
E05014161,Radcliffe North & Ainsworth,E08000002,Bury,E14001145,Bury South,true,false,0.7689
E05014162,Radcliffe West,E08000002,Bury,E14001145,Bury South,false,true,
E05014163,Ramsbottom,E08000002,Bury,E14001144,Bury North,false,true,
E05014164,Redvales,E08000002,Bury,E14001144,Bury North,false,true,
E05014165,Sedgley,E08000002,Bury,E14001145,Bury South,false,true,
E05014166,St. Mary's,E08000002,Bury,E14001145,Bury South,false,true,
E05014167,Tottington,E08000002,Bury,E14001144,Bury North,false,true,
E05014168,Unsworth,E08000002,Bury,E14001145,Bury South,true,true,8.7572
E05014168,Unsworth,E08000002,Bury,E14001144,Bury North,true,false,0.836
E05014169,Duxford,E07000012,South Cambridgeshire,E14001481,South Cambridgeshire,false,true,
E05014170,Sawston,E07000012,South Cambridgeshire,E14001481,South Cambridgeshire,false,true,
E05014171,Aspatria,E06000063,Cumberland,E14001424,Penrith and Solway,false,true,
E05014172,Belah,E06000063,Cumberland,E14001152,Carlisle,false,true,
E05014173,Belle Vue,E06000063,Cumberland,E14001152,Carlisle,false,true,
E05014174,Botcherby,E06000063,Cumberland,E14001152,Carlisle,false,true,
E05014175,Bothel and Wharrels,E06000063,Cumberland,E14001424,Penrith and Solway,false,true,
E05014176,Brampton,E06000063,Cumberland,E14001152,Carlisle,false,true,
E05014177,Bransty,E06000063,Cumberland,E14001583,Whitehaven and Workington,false,true,
E05014178,Castle,E06000063,Cumberland,E14001152,Carlisle,false,true,
E05014179,Cleator Moor East and Frizington,E06000063,Cumberland,E14001583,Whitehaven and Workington,false,true,
E05014180,Cleator Moor West,E06000063,Cumberland,E14001583,Whitehaven and Workington,false,true,
E05014181,Cockermouth North,E06000063,Cumberland,E14001424,Penrith and Solway,false,true,
E05014182,Cockermouth South,E06000063,Cumberland,E14001583,Whitehaven and Workington,true,true,45.3052
E05014182,Cockermouth South,E06000063,Cumberland,E14001424,Penrith and Solway,true,false,10.048
E05014183,Corby and Hayton,E06000063,Cumberland,E14001152,Carlisle,false,true,
E05014184,Currock,E06000063,Cumberland,E14001152,Carlisle,false,true,
E05014185,Dalston and Burgh,E06000063,Cumberland,E14001424,Penrith and Solway,true,true,109.9266
E05014185,Dalston and Burgh,E06000063,Cumberland,E14001152,Carlisle,true,false,10.7566
E05014186,Dearham and Broughton,E06000063,Cumberland,E14001424,Penrith and Solway,false,true,
E05014187,Denton Holme,E06000063,Cumberland,E14001152,Carlisle,false,true,
E05014188,Egremont,E06000063,Cumberland,E14001583,Whitehaven and Workington,false,true,
E05014189,Egremont North and St Bees,E06000063,Cumberland,E14001583,Whitehaven and Workington,false,true,
E05014190,Gosforth,E06000063,Cumberland,E14001583,Whitehaven and Workington,false,true,
E05014191,Harraby North,E06000063,Cumberland,E14001152,Carlisle,false,true,
E05014192,Harraby South,E06000063,Cumberland,E14001152,Carlisle,false,true,
E05014193,Harrington,E06000063,Cumberland,E14001583,Whitehaven and Workington,false,true,
E05014194,Hillcrest and Hensingham,E06000063,Cumberland,E14001583,Whitehaven and Workington,false,true,
E05014195,Houghton and Irthington,E06000063,Cumberland,E14001152,Carlisle,false,true,
E05014196,Howgate,E06000063,Cumberland,E14001583,Whitehaven and Workington,false,true,
E05014197,Kells and Sandwith,E06000063,Cumberland,E14001583,Whitehaven and Workington,false,true,
E05014198,Keswick,E06000063,Cumberland,E14001424,Penrith and Solway,false,true,
E05014199,Longtown,E06000063,Cumberland,E14001152,Carlisle,false,true,
E05014200,Maryport North,E06000063,Cumberland,E14001424,Penrith and Solway,false,true,
E05014201,Maryport South,E06000063,Cumberland,E14001424,Penrith and Solway,true,true,11.0739
E05014201,Maryport South,E06000063,Cumberland,E14001583,Whitehaven and Workington,true,false,7.1264
E05014202,Millom,E06000063,Cumberland,E14001076,Barrow and Furness,false,true,
E05014203,Millom Without,E06000063,Cumberland,E14001076,Barrow and Furness,true,true,317.8358
E05014203,Millom Without,E06000063,Cumberland,E14001583,Whitehaven and Workington,true,false,39.2748
E05014204,Mirehouse,E06000063,Cumberland,E14001583,Whitehaven and Workington,false,true,
E05014205,Morton,E06000063,Cumberland,E14001152,Carlisle,false,true,
E05014206,Moss Bay and Moorclose,E06000063,Cumberland,E14001583,Whitehaven and Workington,false,true,
E05014207,St John's and Great Clifton,E06000063,Cumberland,E14001583,Whitehaven and Workington,false,true,
E05014208,St Michael's,E06000063,Cumberland,E14001583,Whitehaven and Workington,false,true,
E05014209,Seaton,E06000063,Cumberland,E14001583,Whitehaven and Workington,false,true,
E05014210,Solway Coast,E06000063,Cumberland,E14001424,Penrith and Solway,false,true,
E05014211,Stanwix Urban,E06000063,Cumberland,E14001152,Carlisle,false,true,
E05014212,Thursby,E06000063,Cumberland,E14001424,Penrith and Solway,false,true,
E05014213,Upperby,E06000063,Cumberland,E14001152,Carlisle,false,true,
E05014214,Wetheral,E06000063,Cumberland,E14001152,Carlisle,true,true,35.78
E05014214,Wetheral,E06000063,Cumberland,E14001424,Penrith and Solway,true,false,30.9468
E05014215,Wigton,E06000063,Cumberland,E14001424,Penrith and Solway,false,true,
E05014216,Yewdale,E06000063,Cumberland,E14001152,Carlisle,false,true,
E05014217,Alston and Fellside,E06000064,Westmorland and Furness,E14001424,Penrith and Solway,false,true,
E05014218,Appleby and Brough,E06000064,Westmorland and Furness,E14001580,Westmorland and Lonsdale,false,true,
E05014219,Bowness and Lyth,E06000064,Westmorland and Furness,E14001580,Westmorland and Lonsdale,false,true,
E05014220,Burton and Holme,E06000064,Westmorland and Furness,E14001372,Morecambe and Lunesdale,false,true,
E05014221,Coniston and Hawkshead,E06000064,Westmorland and Furness,E14001580,Westmorland and Lonsdale,true,true,207.3559
E05014221,Coniston and Hawkshead,E06000064,Westmorland and Furness,E14001076,Barrow and Furness,true,false,9.1872
E05014222,Dalton North,E06000064,Westmorland and Furness,E14001076,Barrow and Furness,false,true,
E05014223,Dalton South,E06000064,Westmorland and Furness,E14001076,Barrow and Furness,false,true,
E05014224,Eamont and Shap,E06000064,Westmorland and Furness,E14001580,Westmorland and Lonsdale,false,true,
E05014225,Eden and Lyvennet Vale,E06000064,Westmorland and Furness,E14001580,Westmorland and Lonsdale,false,true,
E05014226,Grange and Cartmel,E06000064,Westmorland and Furness,E14001580,Westmorland and Lonsdale,false,true,
E05014227,Greystoke and Ullswater,E06000064,Westmorland and Furness,E14001580,Westmorland and Lonsdale,false,true,
E05014228,Hawcoat and Newbarns,E06000064,Westmorland and Furness,E14001076,Barrow and Furness,false,true,
E05014229,Hesket and Lazonby,E06000064,Westmorland and Furness,E14001424,Penrith and Solway,false,true,
E05014230,High Furness,E06000064,Westmorland and Furness,E14001076,Barrow and Furness,false,true,
E05014231,Kendal Castle,E06000064,Westmorland and Furness,E14001580,Westmorland and Lonsdale,false,true,
E05014232,Kendal Highgate,E06000064,Westmorland and Furness,E14001580,Westmorland and Lonsdale,false,true,
E05014233,Kendal Nether,E06000064,Westmorland and Furness,E14001580,Westmorland and Lonsdale,false,true,
E05014234,Kendal South,E06000064,Westmorland and Furness,E14001372,Morecambe and Lunesdale,true,true,11.8382
E05014234,Kendal South,E06000064,Westmorland and Furness,E14001580,Westmorland and Lonsdale,true,false,5.9672
E05014235,Kendal Strickland and Fell,E06000064,Westmorland and Furness,E14001580,Westmorland and Lonsdale,false,true,
E05014236,Kent Estuary,E06000064,Westmorland and Furness,E14001372,Morecambe and Lunesdale,false,true,
E05014237,Kirkby Stephen and Tebay,E06000064,Westmorland and Furness,E14001580,Westmorland and Lonsdale,false,true,
E05014238,Levens and Crooklands,E06000064,Westmorland and Furness,E14001580,Westmorland and Lonsdale,true,true,33.3042
E05014238,Levens and Crooklands,E06000064,Westmorland and Furness,E14001372,Morecambe and Lunesdale,true,false,23.4392
E05014239,Low Furness,E06000064,Westmorland and Furness,E14001076,Barrow and Furness,false,true,
E05014240,Old Barrow and Hindpool,E06000064,Westmorland and Furness,E14001076,Barrow and Furness,false,true,
E05014241,Ormsgill and Parkside,E06000064,Westmorland and Furness,E14001076,Barrow and Furness,false,true,
E05014242,Penrith North,E06000064,Westmorland and Furness,E14001424,Penrith and Solway,false,true,
E05014243,Penrith South,E06000064,Westmorland and Furness,E14001424,Penrith and Solway,false,true,
E05014244,Risedale and Roosecote,E06000064,Westmorland and Furness,E14001076,Barrow and Furness,false,true,
E05014245,Sedbergh and Kirkby Lonsdale,E06000064,Westmorland and Furness,E14001372,Morecambe and Lunesdale,true,true,290.2142
E05014245,Sedbergh and Kirkby Lonsdale,E06000064,Westmorland and Furness,E14001580,Westmorland and Lonsdale,true,false,119.7607
E05014246,Ulverston,E06000064,Westmorland and Furness,E14001076,Barrow and Furness,false,true,
E05014247,Upper Kent,E06000064,Westmorland and Furness,E14001580,Westmorland and Lonsdale,false,true,
E05014248,Walney Island,E06000064,Westmorland and Furness,E14001076,Barrow and Furness,false,true,
E05014249,Windermere and Ambleside,E06000064,Westmorland and Furness,E14001580,Westmorland and Lonsdale,false,true,
E05014250,Aire Valley,E06000065,North Yorkshire,E14001475,Skipton and Ripon,false,true,
E05014251,Aiskew & Leeming,E06000065,North Yorkshire,E14001544,Thirsk and Malton,false,true,
E05014252,Amotherby & Ampleforth,E06000065,North Yorkshire,E14001544,Thirsk and Malton,false,true,
E05014253,Appleton Roebuck & Church Fenton,E06000065,North Yorkshire,E14001582,Wetherby and Easingwold,false,true,
E05014254,Barlby & Riccall,E06000065,North Yorkshire,E14001464,Selby,false,true,
E05014255,Bedale,E06000065,North Yorkshire,E14001544,Thirsk and Malton,false,true,
E05014256,Bentham & Ingleton,E06000065,North Yorkshire,E14001475,Skipton and Ripon,false,true,
E05014257,Bilton Grange & New Park,E06000065,North Yorkshire,E14001269,Harrogate and Knaresborough,false,true,
E05014258,Bilton & Nidd Gorge,E06000065,North Yorkshire,E14001269,Harrogate and Knaresborough,false,true,
E05014259,Boroughbridge & Claro,E06000065,North Yorkshire,E14001269,Harrogate and Knaresborough,true,true,68.0502
E05014259,Boroughbridge & Claro,E06000065,North Yorkshire,E14001582,Wetherby and Easingwold,true,false,15.1624
E05014260,Brayton & Barlow,E06000065,North Yorkshire,E14001464,Selby,false,true,
E05014261,Camblesforth & Carlton,E06000065,North Yorkshire,E14001464,Selby,false,true,
E05014262,Castle,E06000065,North Yorkshire,E14001461,Scarborough and Whitby,false,true,
E05014263,Catterick Village & Brompton-on-Swale,E06000065,North Yorkshire,E14001444,Richmond and Northallerton,false,true,
E05014264,Cawood & Escrick,E06000065,North Yorkshire,E14001464,Selby,false,true,
E05014265,Cayton,E06000065,North Yorkshire,E14001461,Scarborough and Whitby,false,true,
E05014266,Cliffe & North Duffield,E06000065,North Yorkshire,E14001464,Selby,false,true,
E05014267,Coppice Valley & Duchy,E06000065,North Yorkshire,E14001269,Harrogate and Knaresborough,false,true,
E05014268,Danby & Mulgrave,E06000065,North Yorkshire,E14001461,Scarborough and Whitby,false,true,
E05014269,Derwent Valley & Moor,E06000065,North Yorkshire,E14001461,Scarborough and Whitby,false,true,
E05014270,Easingwold,E06000065,North Yorkshire,E14001582,Wetherby and Easingwold,false,true,
E05014271,Eastfield,E06000065,North Yorkshire,E14001461,Scarborough and Whitby,false,true,
E05014272,Esk Valley & Coast,E06000065,North Yorkshire,E14001461,Scarborough and Whitby,false,true,
E05014273,Fairfax & Starbeck,E06000065,North Yorkshire,E14001269,Harrogate and Knaresborough,false,true,
E05014274,Falsgrave & Stepney,E06000065,North Yorkshire,E14001461,Scarborough and Whitby,false,true,
E05014275,Filey,E06000065,North Yorkshire,E14001544,Thirsk and Malton,false,true,
E05014276,Great Ayton,E06000065,North Yorkshire,E14001444,Richmond and Northallerton,false,true,
E05014277,"Glusburn, Cross Hills & Sutton-in-Craven",E06000065,North Yorkshire,E14001475,Skipton and Ripon,false,true,
E05014278,Harlow & St. Georges,E06000065,North Yorkshire,E14001269,Harrogate and Knaresborough,false,true,
E05014279,High Harrogate & Kingsley,E06000065,North Yorkshire,E14001269,Harrogate and Knaresborough,false,true,
E05014280,Hipswell & Colburn,E06000065,North Yorkshire,E14001444,Richmond and Northallerton,false,true,
E05014281,Helmsley & Sinnington,E06000065,North Yorkshire,E14001544,Thirsk and Malton,false,true,
E05014282,Hillside & Raskelf,E06000065,North Yorkshire,E14001544,Thirsk and Malton,true,true,133.8891
E05014282,Hillside & Raskelf,E06000065,North Yorkshire,E14001582,Wetherby and Easingwold,true,false,119.1212
E05014283,Huby & Tollerton,E06000065,North Yorkshire,E14001582,Wetherby and Easingwold,false,true,
E05014284,Hunmanby & Sherburn,E06000065,North Yorkshire,E14001544,Thirsk and Malton,false,true,
E05014285,Hutton Rudby & Osmotherley,E06000065,North Yorkshire,E14001444,Richmond and Northallerton,false,true,
E05014286,"Killinghall, Hampsthwaite & Saltergate",E06000065,North Yorkshire,E14001269,Harrogate and Knaresborough,false,true,
E05014287,Kirkbymoorside & Dales,E06000065,North Yorkshire,E14001544,Thirsk and Malton,false,true,
E05014288,Knaresborough East,E06000065,North Yorkshire,E14001269,Harrogate and Knaresborough,false,true,
E05014289,Knaresborough West,E06000065,North Yorkshire,E14001269,Harrogate and Knaresborough,false,true,
E05014290,Leyburn & Middleham,E06000065,North Yorkshire,E14001444,Richmond and Northallerton,false,true,
E05014291,Malton,E06000065,North Yorkshire,E14001544,Thirsk and Malton,false,true,
E05014292,Masham & Fountains,E06000065,North Yorkshire,E14001475,Skipton and Ripon,false,true,
E05014293,Monk Fryston & South Milford,E06000065,North Yorkshire,E14001464,Selby,false,true,
E05014294,Mid Craven,E06000065,North Yorkshire,E14001475,Skipton and Ripon,false,true,
E05014295,Morton-on-Swale & Appleton Wiske,E06000065,North Yorkshire,E14001444,Richmond and Northallerton,false,true,
E05014296,Newby,E06000065,North Yorkshire,E14001461,Scarborough and Whitby,false,true,
E05014297,North Richmondshire,E06000065,North Yorkshire,E14001444,Richmond and Northallerton,false,true,
E05014298,Northallerton North & Brompton,E06000065,North Yorkshire,E14001444,Richmond and Northallerton,false,true,
E05014299,Northallerton South,E06000065,North Yorkshire,E14001444,Richmond and Northallerton,false,true,
E05014300,Norton,E06000065,North Yorkshire,E14001544,Thirsk and Malton,false,true,
E05014301,Northstead,E06000065,North Yorkshire,E14001461,Scarborough and Whitby,false,true,
E05014302,Oatlands & Pannal,E06000065,North Yorkshire,E14001269,Harrogate and Knaresborough,false,true,
E05014303,Osgoldcross,E06000065,North Yorkshire,E14001464,Selby,false,true,
E05014304,Ouseburn,E06000065,North Yorkshire,E14001582,Wetherby and Easingwold,false,true,
E05014305,Pateley Bridge & Nidderdale,E06000065,North Yorkshire,E14001475,Skipton and Ripon,false,true,
E05014306,Pickering,E06000065,North Yorkshire,E14001544,Thirsk and Malton,false,true,
E05014307,Richmond,E06000065,North Yorkshire,E14001444,Richmond and Northallerton,false,true,
E05014308,Ripon Minster & Moorside,E06000065,North Yorkshire,E14001475,Skipton and Ripon,false,true,
E05014309,Ripon Ure Bank & Spa,E06000065,North Yorkshire,E14001475,Skipton and Ripon,false,true,
E05014310,Romanby,E06000065,North Yorkshire,E14001444,Richmond and Northallerton,false,true,
E05014311,Scalby & the Coast,E06000065,North Yorkshire,E14001461,Scarborough and Whitby,false,true,
E05014312,Scotton & Lower Wensleydale,E06000065,North Yorkshire,E14001444,Richmond and Northallerton,false,true,
E05014313,Seamer,E06000065,North Yorkshire,E14001461,Scarborough and Whitby,false,true,
E05014314,Selby East,E06000065,North Yorkshire,E14001464,Selby,false,true,
E05014315,Selby West,E06000065,North Yorkshire,E14001464,Selby,false,true,
E05014316,Settle & Penyghent,E06000065,North Yorkshire,E14001475,Skipton and Ripon,false,true,
E05014317,Sherburn in Elmet,E06000065,North Yorkshire,E14001464,Selby,false,true,
E05014318,Sheriff Hutton & Derwent,E06000065,North Yorkshire,E14001544,Thirsk and Malton,false,true,
E05014319,Skipton East & South,E06000065,North Yorkshire,E14001475,Skipton and Ripon,false,true,
E05014320,Skipton North & Embsay-with-Eastby,E06000065,North Yorkshire,E14001475,Skipton and Ripon,false,true,
E05014321,Skipton West & West Craven,E06000065,North Yorkshire,E14001475,Skipton and Ripon,false,true,
E05014322,Sowerby & Topcliffe,E06000065,North Yorkshire,E14001544,Thirsk and Malton,false,true,
E05014323,Spofforth with Lower Wharfedale & Tockwith,E06000065,North Yorkshire,E14001582,Wetherby and Easingwold,false,true,
E05014324,"Stray, Woodlands & Hookstone",E06000065,North Yorkshire,E14001269,Harrogate and Knaresborough,false,true,
E05014325,Stokesley,E06000065,North Yorkshire,E14001444,Richmond and Northallerton,false,true,
E05014326,Tadcaster,E06000065,North Yorkshire,E14001582,Wetherby and Easingwold,false,true,
E05014327,Thirsk,E06000065,North Yorkshire,E14001544,Thirsk and Malton,false,true,
E05014328,Thornton Dale & Wolds,E06000065,North Yorkshire,E14001544,Thirsk and Malton,false,true,
E05014329,Thorpe Willoughby & Hambleton,E06000065,North Yorkshire,E14001464,Selby,false,true,
E05014330,Upper Dales,E06000065,North Yorkshire,E14001444,Richmond and Northallerton,false,true,
E05014331,Valley Gardens & Central Harrogate,E06000065,North Yorkshire,E14001269,Harrogate and Knaresborough,false,true,
E05014332,Washburn & Birstwith,E06000065,North Yorkshire,E14001475,Skipton and Ripon,false,true,
E05014333,Wathvale & Bishop Monkton,E06000065,North Yorkshire,E14001475,Skipton and Ripon,true,true,87.2295
E05014333,Wathvale & Bishop Monkton,E06000065,North Yorkshire,E14001582,Wetherby and Easingwold,true,false,71.2897
E05014334,Weaponness & Ramshill,E06000065,North Yorkshire,E14001461,Scarborough and Whitby,false,true,
E05014335,Wharfedale,E06000065,North Yorkshire,E14001475,Skipton and Ripon,false,true,
E05014336,Whitby Streonshalh,E06000065,North Yorkshire,E14001461,Scarborough and Whitby,false,true,
E05014337,Whitby West,E06000065,North Yorkshire,E14001461,Scarborough and Whitby,false,true,
E05014338,Woodlands,E06000065,North Yorkshire,E14001461,Scarborough and Whitby,false,true,
E05014339,Bishop's Hull & Taunton West,E06000066,Somerset,E14001540,Taunton and Wellington,false,true,
E05014340,Blackdown & Neroche,E06000066,Somerset,E14001540,Taunton and Wellington,false,true,
E05014341,Blackmoor Vale,E06000066,Somerset,E14001247,Glastonbury and Somerton,false,true,
E05014342,Brent,E06000066,Somerset,E14001572,Wells and Mendip Hills,true,true,75.5015
E05014342,Brent,E06000066,Somerset,E14001126,Bridgwater,true,false,32.559
E05014343,Bridgwater East & Bawdrip,E06000066,Somerset,E14001126,Bridgwater,false,true,
E05014344,Bridgwater North & Central,E06000066,Somerset,E14001126,Bridgwater,false,true,
E05014345,Bridgwater South,E06000066,Somerset,E14001126,Bridgwater,false,true,
E05014346,Bridgwater West,E06000066,Somerset,E14001126,Bridgwater,false,true,
E05014347,Brympton,E06000066,Somerset,E14001603,Yeovil,true,true,6.3227
E05014347,Brympton,E06000066,Somerset,E14001247,Glastonbury and Somerton,true,false,5.9993
E05014348,Burnham on Sea North,E06000066,Somerset,E14001126,Bridgwater,false,true,
E05014349,Cannington,E06000066,Somerset,E14001126,Bridgwater,false,true,
E05014350,Castle Cary,E06000066,Somerset,E14001247,Glastonbury and Somerton,false,true,
E05014351,Chard North,E06000066,Somerset,E14001603,Yeovil,false,true,
E05014352,Chard South,E06000066,Somerset,E14001603,Yeovil,false,true,
E05014353,Cheddar,E06000066,Somerset,E14001572,Wells and Mendip Hills,false,true,
E05014354,Coker,E06000066,Somerset,E14001603,Yeovil,true,true,73.6753
E05014354,Coker,E06000066,Somerset,E14001247,Glastonbury and Somerton,true,false,8.7018
E05014355,Comeytrowe & Trull,E06000066,Somerset,E14001540,Taunton and Wellington,false,true,
E05014356,Crewkerne,E06000066,Somerset,E14001603,Yeovil,false,true,
E05014357,Curry Rivel & Langport,E06000066,Somerset,E14001247,Glastonbury and Somerton,false,true,
E05014358,Dulverton & Exmoor,E06000066,Somerset,E14001548,Tiverton and Minehead,false,true,
E05014359,Dunster,E06000066,Somerset,E14001548,Tiverton and Minehead,false,true,
E05014360,Frome East,E06000066,Somerset,E14001241,Frome and East Somerset,false,true,
E05014361,Frome North,E06000066,Somerset,E14001241,Frome and East Somerset,false,true,
E05014362,Frome West,E06000066,Somerset,E14001241,Frome and East Somerset,false,true,
E05014363,Glastonbury,E06000066,Somerset,E14001247,Glastonbury and Somerton,false,true,
E05014364,Highbridge & Burnham South,E06000066,Somerset,E14001126,Bridgwater,false,true,
E05014365,Huntspill,E06000066,Somerset,E14001126,Bridgwater,true,true,41.7553
E05014365,Huntspill,E06000066,Somerset,E14001572,Wells and Mendip Hills,true,false,20.4243
E05014366,Ilminster,E06000066,Somerset,E14001603,Yeovil,false,true,
E05014367,King Alfred,E06000066,Somerset,E14001572,Wells and Mendip Hills,true,true,125.3187
E05014367,King Alfred,E06000066,Somerset,E14001126,Bridgwater,true,false,13.9654
E05014368,Lydeard,E06000066,Somerset,E14001548,Tiverton and Minehead,true,true,56.2978
E05014368,Lydeard,E06000066,Somerset,E14001540,Taunton and Wellington,true,false,6.6971
E05014369,Martock,E06000066,Somerset,E14001247,Glastonbury and Somerton,false,true,
E05014370,Mendip Central and East,E06000066,Somerset,E14001241,Frome and East Somerset,false,true,
E05014371,Mendip Hills,E06000066,Somerset,E14001572,Wells and Mendip Hills,true,true,110.6886
E05014371,Mendip Hills,E06000066,Somerset,E14001241,Frome and East Somerset,true,false,42.6565
E05014372,Mendip South,E06000066,Somerset,E14001241,Frome and East Somerset,true,true,96.7941
E05014372,Mendip South,E06000066,Somerset,E14001247,Glastonbury and Somerton,true,false,38.7843
E05014372,Mendip South,E06000066,Somerset,E14001572,Wells and Mendip Hills,true,false,19.7569
E05014373,Mendip West,E06000066,Somerset,E14001572,Wells and Mendip Hills,false,true,
E05014374,Minehead,E06000066,Somerset,E14001548,Tiverton and Minehead,false,true,
E05014375,Monkton & North Curry,E06000066,Somerset,E14001540,Taunton and Wellington,false,true,
E05014376,North Petherton,E06000066,Somerset,E14001126,Bridgwater,false,true,
E05014377,Rowbarton & Staplegrove,E06000066,Somerset,E14001540,Taunton and Wellington,false,true,
E05014378,Shepton Mallet,E06000066,Somerset,E14001572,Wells and Mendip Hills,false,true,
E05014379,Somerton,E06000066,Somerset,E14001247,Glastonbury and Somerton,false,true,
E05014380,South Petherton & Islemoor,E06000066,Somerset,E14001603,Yeovil,true,true,46.9918
E05014380,South Petherton & Islemoor,E06000066,Somerset,E14001247,Glastonbury and Somerton,true,false,33.0143
E05014381,Street,E06000066,Somerset,E14001247,Glastonbury and Somerton,false,true,
E05014382,Taunton East,E06000066,Somerset,E14001540,Taunton and Wellington,false,true,
E05014383,Taunton North,E06000066,Somerset,E14001540,Taunton and Wellington,false,true,
E05014384,Taunton South,E06000066,Somerset,E14001540,Taunton and Wellington,false,true,
E05014385,Upper Tone,E06000066,Somerset,E14001548,Tiverton and Minehead,true,true,118.426
E05014385,Upper Tone,E06000066,Somerset,E14001540,Taunton and Wellington,true,false,27.6271
E05014386,Watchet & Stogursey,E06000066,Somerset,E14001548,Tiverton and Minehead,false,true,
E05014387,Wellington,E06000066,Somerset,E14001540,Taunton and Wellington,false,true,
E05014388,Wells,E06000066,Somerset,E14001572,Wells and Mendip Hills,false,true,
E05014389,Wincanton & Bruton,E06000066,Somerset,E14001247,Glastonbury and Somerton,false,true,
E05014390,Yeovil Central,E06000066,Somerset,E14001603,Yeovil,false,true,
E05014391,Yeovil East,E06000066,Somerset,E14001603,Yeovil,false,true,
E05014392,Yeovil South,E06000066,Somerset,E14001603,Yeovil,false,true,
E05014393,Yeovil West,E06000066,Somerset,E14001603,Yeovil,false,true,
E05014394,Ampthill,E06000056,Central Bedfordshire,E14001359,Mid Bedfordshire,false,true,
E05014395,Arlesey & Fairfield,E06000056,Central Bedfordshire,E14001289,Hitchin,false,true,
E05014396,Aspley & Woburn,E06000056,Central Bedfordshire,E14001359,Mid Bedfordshire,false,true,
E05014397,Barton-le-Clay & Silsoe,E06000056,Central Bedfordshire,E14001359,Mid Bedfordshire,false,true,
E05014398,Biggleswade East,E06000056,Central Bedfordshire,E14001384,North Bedfordshire,false,true,
E05014399,Biggleswade West,E06000056,Central Bedfordshire,E14001384,North Bedfordshire,false,true,
E05014400,Caddington,E06000056,Central Bedfordshire,E14001346,Luton South and South Bedfordshire,false,true,
E05014401,"Clifton, Henlow & Langford",E06000056,Central Bedfordshire,E14001289,Hitchin,false,true,
E05014402,Cranfield & Marston Moretaine,E06000056,Central Bedfordshire,E14001359,Mid Bedfordshire,false,true,
E05014403,Dunstable Central,E06000056,Central Bedfordshire,E14001206,Dunstable and Leighton Buzzard,false,true,
E05014404,Dunstable East,E06000056,Central Bedfordshire,E14001206,Dunstable and Leighton Buzzard,false,true,
E05014405,Dunstable North,E06000056,Central Bedfordshire,E14001206,Dunstable and Leighton Buzzard,false,true,
E05014406,Dunstable South,E06000056,Central Bedfordshire,E14001206,Dunstable and Leighton Buzzard,false,true,
E05014407,Dunstable West,E06000056,Central Bedfordshire,E14001206,Dunstable and Leighton Buzzard,false,true,
E05014408,Eaton Bray,E06000056,Central Bedfordshire,E14001346,Luton South and South Bedfordshire,false,true,
E05014409,Flitwick,E06000056,Central Bedfordshire,E14001359,Mid Bedfordshire,false,true,
E05014410,Heath & Reach,E06000056,Central Bedfordshire,E14001206,Dunstable and Leighton Buzzard,false,true,
E05014411,Houghton Conquest & Haynes,E06000056,Central Bedfordshire,E14001359,Mid Bedfordshire,false,true,
E05014412,Houghton Regis East,E06000056,Central Bedfordshire,E14001206,Dunstable and Leighton Buzzard,false,true,
E05014413,Houghton Regis West,E06000056,Central Bedfordshire,E14001206,Dunstable and Leighton Buzzard,false,true,
E05014414,Leighton-Linslade North,E06000056,Central Bedfordshire,E14001206,Dunstable and Leighton Buzzard,false,true,
E05014415,Leighton-Linslade South,E06000056,Central Bedfordshire,E14001206,Dunstable and Leighton Buzzard,false,true,
E05014416,Leighton-Linslade West,E06000056,Central Bedfordshire,E14001206,Dunstable and Leighton Buzzard,false,true,
E05014417,Meppershall & Shillington,E06000056,Central Bedfordshire,E14001359,Mid Bedfordshire,true,true,26.3887
E05014417,Meppershall & Shillington,E06000056,Central Bedfordshire,E14001289,Hitchin,true,false,7.1578
E05014418,Northill,E06000056,Central Bedfordshire,E14001384,North Bedfordshire,false,true,
E05014419,Potton,E06000056,Central Bedfordshire,E14001384,North Bedfordshire,false,true,
E05014420,Sandy,E06000056,Central Bedfordshire,E14001384,North Bedfordshire,false,true,
E05014421,Shefford,E06000056,Central Bedfordshire,E14001289,Hitchin,false,true,
E05014422,Stotfold,E06000056,Central Bedfordshire,E14001289,Hitchin,false,true,
E05014423,Toddington,E06000056,Central Bedfordshire,E14001359,Mid Bedfordshire,false,true,
E05014424,"Westoning, Flitton & Greenfield",E06000056,Central Bedfordshire,E14001359,Mid Bedfordshire,false,true,
E05014425,"Ashby de la Launde, Digby & Scopwick",E07000139,North Kesteven,E14001476,Sleaford and North Hykeham,false,true,
E05014426,Bassingham Rural,E07000139,North Kesteven,E14001476,Sleaford and North Hykeham,false,true,
E05014427,Billinghay Rural,E07000139,North Kesteven,E14001476,Sleaford and North Hykeham,false,true,
E05014428,Bracebridge Heath,E07000139,North Kesteven,E14001336,Lincoln,false,true,
E05014429,Branston,E07000139,North Kesteven,E14001476,Sleaford and North Hykeham,false,true,
E05014430,"Cranwell, Leasingham & Wilsford",E07000139,North Kesteven,E14001476,Sleaford and North Hykeham,true,true,57.7894
E05014430,"Cranwell, Leasingham & Wilsford",E07000139,North Kesteven,E14001253,Grantham and Bourne,true,false,18.4695
E05014431,Heckington Rural,E07000139,North Kesteven,E14001253,Grantham and Bourne,false,true,
E05014432,Heighington & Washingborough,E07000139,North Kesteven,E14001476,Sleaford and North Hykeham,false,true,
E05014433,Helpringham & Osbournby,E07000139,North Kesteven,E14001253,Grantham and Bourne,false,true,
E05014434,Hykeham Central,E07000139,North Kesteven,E14001476,Sleaford and North Hykeham,false,true,
E05014435,Hykeham Fosse,E07000139,North Kesteven,E14001476,Sleaford and North Hykeham,false,true,
E05014436,Hykeham Memorial,E07000139,North Kesteven,E14001476,Sleaford and North Hykeham,false,true,
E05014437,Kirkby la Thorpe & South Kyme,E07000139,North Kesteven,E14001476,Sleaford and North Hykeham,false,true,
E05014438,Metheringham Rural,E07000139,North Kesteven,E14001476,Sleaford and North Hykeham,false,true,
E05014439,Navenby & Brant Broughton,E07000139,North Kesteven,E14001476,Sleaford and North Hykeham,false,true,
E05014440,Ruskington,E07000139,North Kesteven,E14001476,Sleaford and North Hykeham,false,true,
E05014441,Skellingthorpe & Eagle,E07000139,North Kesteven,E14001476,Sleaford and North Hykeham,true,true,39.5159
E05014441,Skellingthorpe & Eagle,E07000139,North Kesteven,E14001336,Lincoln,true,false,13.2725
E05014442,Sleaford Castle,E07000139,North Kesteven,E14001476,Sleaford and North Hykeham,false,true,
E05014443,Sleaford Holdingham,E07000139,North Kesteven,E14001476,Sleaford and North Hykeham,false,true,
E05014444,Sleaford Navigation,E07000139,North Kesteven,E14001476,Sleaford and North Hykeham,false,true,
E05014445,Sleaford Quarrington & Mareham,E07000139,North Kesteven,E14001476,Sleaford and North Hykeham,false,true,
E05014446,Sleaford Westholme,E07000139,North Kesteven,E14001476,Sleaford and North Hykeham,false,true,
E05014447,Waddington Rural,E07000139,North Kesteven,E14001476,Sleaford and North Hykeham,true,true,24.9499
E05014447,Waddington Rural,E07000139,North Kesteven,E14001336,Lincoln,true,false,10.0719
E05014448,Witham St Hughs & Swinderby,E07000139,North Kesteven,E14001476,Sleaford and North Hykeham,false,true,
E05014449,All Saints,E06000035,Medway,E14001447,Rochester and Strood,false,true,
E05014450,Chatham Central & Brompton,E06000035,Medway,E14001447,Rochester and Strood,true,true,2.8737
E05014450,Chatham Central & Brompton,E06000035,Medway,E14001157,Chatham and Aylesford,true,false,1.306
E05014450,Chatham Central & Brompton,E06000035,Medway,E14001246,Gillingham and Rainham,true,false,0.0138
E05014451,"Cuxton, Halling & Riverside",E06000035,Medway,E14001447,Rochester and Strood,false,true,
E05014452,Fort Horsted,E06000035,Medway,E14001157,Chatham and Aylesford,false,true,
E05014453,Fort Pitt,E06000035,Medway,E14001157,Chatham and Aylesford,true,true,1.9427
E05014453,Fort Pitt,E06000035,Medway,E14001447,Rochester and Strood,true,false,0.3709
E05014454,Gillingham North,E06000035,Medway,E14001246,Gillingham and Rainham,true,true,3.1867
E05014454,Gillingham North,E06000035,Medway,E14001447,Rochester and Strood,true,false,0.157
E05014455,Gillingham South,E06000035,Medway,E14001246,Gillingham and Rainham,false,true,
E05014456,Hempstead & Wigmore,E06000035,Medway,E14001246,Gillingham and Rainham,true,true,4.4196
E05014456,Hempstead & Wigmore,E06000035,Medway,E14001157,Chatham and Aylesford,true,false,0.0879
E05014457,Hoo St Werburgh & High Halstow,E06000035,Medway,E14001447,Rochester and Strood,false,true,
E05014458,Lordswood & Walderslade,E06000035,Medway,E14001157,Chatham and Aylesford,false,true,
E05014459,Luton,E06000035,Medway,E14001157,Chatham and Aylesford,false,true,
E05014460,Princes Park,E06000035,Medway,E14001157,Chatham and Aylesford,false,true,
E05014461,Rainham North,E06000035,Medway,E14001246,Gillingham and Rainham,false,true,
E05014462,Rainham South East,E06000035,Medway,E14001246,Gillingham and Rainham,false,true,
E05014463,Rainham South West,E06000035,Medway,E14001246,Gillingham and Rainham,false,true,
E05014464,Rochester East & Warren Wood,E06000035,Medway,E14001447,Rochester and Strood,true,true,1.4341
E05014464,Rochester East & Warren Wood,E06000035,Medway,E14001157,Chatham and Aylesford,true,false,0.5181
E05014465,Rochester West & Borstal,E06000035,Medway,E14001447,Rochester and Strood,false,true,
E05014466,St Mary's Island,E06000035,Medway,E14001447,Rochester and Strood,false,true,
E05014467,Strood North & Frindsbury,E06000035,Medway,E14001447,Rochester and Strood,false,true,
E05014468,Strood Rural,E06000035,Medway,E14001447,Rochester and Strood,false,true,
E05014469,Strood West,E06000035,Medway,E14001447,Rochester and Strood,false,true,
E05014470,Twydall,E06000035,Medway,E14001246,Gillingham and Rainham,false,true,
E05014471,Watling,E06000035,Medway,E14001246,Gillingham and Rainham,false,true,
E05014472,Wayfield & Weeds Wood,E06000035,Medway,E14001157,Chatham and Aylesford,false,true,
E05014473,Anglesey,E07000193,East Staffordshire,E14001335,Lichfield,false,true,
E05014474,Bagots & Needwood,E07000193,East Staffordshire,E14001143,Burton and Uttoxeter,false,true,
E05014475,Blythe,E07000193,East Staffordshire,E14001143,Burton and Uttoxeter,true,true,48.3531
E05014475,Blythe,E07000193,East Staffordshire,E14001335,Lichfield,true,false,11.8701
E05014476,Branston,E07000193,East Staffordshire,E14001143,Burton and Uttoxeter,false,true,
E05014477,Brizlincote,E07000193,East Staffordshire,E14001143,Burton and Uttoxeter,false,true,
E05014478,Burton & Eton,E07000193,East Staffordshire,E14001143,Burton and Uttoxeter,false,true,
E05014479,Crown,E07000193,East Staffordshire,E14001143,Burton and Uttoxeter,true,true,40.7667
E05014479,Crown,E07000193,East Staffordshire,E14001335,Lichfield,true,false,13.032
E05014480,Dove,E07000193,East Staffordshire,E14001143,Burton and Uttoxeter,false,true,
E05014481,Heath,E07000193,East Staffordshire,E14001143,Burton and Uttoxeter,false,true,
E05014482,Horninglow & Outwoods,E07000193,East Staffordshire,E14001143,Burton and Uttoxeter,false,true,
E05014483,Shobnall,E07000193,East Staffordshire,E14001143,Burton and Uttoxeter,false,true,
E05014484,Stapenhill,E07000193,East Staffordshire,E14001143,Burton and Uttoxeter,false,true,
E05014485,Stramshall & Weaver,E07000193,East Staffordshire,E14001143,Burton and Uttoxeter,false,true,
E05014486,Stretton,E07000193,East Staffordshire,E14001143,Burton and Uttoxeter,false,true,
E05014487,Town,E07000193,East Staffordshire,E14001143,Burton and Uttoxeter,false,true,
E05014488,Winshill,E07000193,East Staffordshire,E14001143,Burton and Uttoxeter,false,true,
E05014489,Great Dunmow North,E07000077,Uttlesford,E14001402,North West Essex,false,true,
E05014490,Thaxted & the Eastons,E07000077,Uttlesford,E14001402,North West Essex,false,true,
E05014491,Biddenham,E06000055,Bedford,E14001384,North Bedfordshire,false,true,
E05014492,Brickhill,E06000055,Bedford,E14001084,Bedford,true,true,1.8703
E05014492,Brickhill,E06000055,Bedford,E14001384,North Bedfordshire,true,false,1.7697
E05014493,Bromham,E06000055,Bedford,E14001384,North Bedfordshire,false,true,
E05014494,Castle & Newnham,E06000055,Bedford,E14001084,Bedford,false,true,
E05014495,Cauldwell,E06000055,Bedford,E14001084,Bedford,true,true,2.3627
E05014495,Cauldwell,E06000055,Bedford,E14001359,Mid Bedfordshire,true,false,0.1415
E05014496,Clapham & Oakley,E06000055,Bedford,E14001384,North Bedfordshire,false,true,
E05014497,De Parys,E06000055,Bedford,E14001084,Bedford,false,true,
E05014498,Goldington,E06000055,Bedford,E14001084,Bedford,false,true,
E05014499,Great Barford,E06000055,Bedford,E14001384,North Bedfordshire,false,true,
E05014500,Great Denham,E06000055,Bedford,E14001384,North Bedfordshire,false,true,
E05014501,Greyfriars,E06000055,Bedford,E14001084,Bedford,false,true,
E05014502,Harpur,E06000055,Bedford,E14001084,Bedford,true,true,1.8021
E05014502,Harpur,E06000055,Bedford,E14001384,North Bedfordshire,true,false,0.5714
E05014503,Harrold,E06000055,Bedford,E14001384,North Bedfordshire,false,true,
E05014504,Kempston Central & East,E06000055,Bedford,E14001084,Bedford,false,true,
E05014505,Kempston North,E06000055,Bedford,E14001084,Bedford,false,true,
E05014506,Kempston South,E06000055,Bedford,E14001084,Bedford,false,true,
E05014507,Kempston West,E06000055,Bedford,E14001084,Bedford,true,true,1.0018
E05014507,Kempston West,E06000055,Bedford,E14001384,North Bedfordshire,true,false,0.3511
E05014508,Kingsbrook,E06000055,Bedford,E14001084,Bedford,false,true,
E05014509,Putnoe,E06000055,Bedford,E14001084,Bedford,false,true,
E05014510,Queens Park,E06000055,Bedford,E14001084,Bedford,false,true,
E05014511,Renhold & Ravensden,E06000055,Bedford,E14001384,North Bedfordshire,true,true,17.8355
E05014511,Renhold & Ravensden,E06000055,Bedford,E14001084,Bedford,true,false,0.3747
E05014512,Riseley,E06000055,Bedford,E14001384,North Bedfordshire,false,true,
E05014513,Riverfield,E06000055,Bedford,E14001084,Bedford,false,true,
E05014514,Sharnbrook,E06000055,Bedford,E14001384,North Bedfordshire,false,true,
E05014515,Shortstown,E06000055,Bedford,E14001384,North Bedfordshire,false,true,
E05014516,Wixams & Wilstead,E06000055,Bedford,E14001359,Mid Bedfordshire,false,true,
E05014517,Wootton & Kempston Rural,E06000055,Bedford,E14001384,North Bedfordshire,false,true,
E05014518,Wyboston,E06000055,Bedford,E14001384,North Bedfordshire,false,true,
E05014519,Ashton Hurst,E08000008,Tameside,E14001070,Ashton-under-Lyne,true,true,4.8559
E05014519,Ashton Hurst,E08000008,Tameside,E14001515,Stalybridge and Hyde,true,false,0.0024
E05014520,Ashton St Michael's,E08000008,Tameside,E14001070,Ashton-under-Lyne,false,true,
E05014521,Ashton Waterloo,E08000008,Tameside,E14001070,Ashton-under-Lyne,false,true,
E05014522,Audenshaw,E08000008,Tameside,E14001070,Ashton-under-Lyne,true,true,4.5906
E05014522,Audenshaw,E08000008,Tameside,E14001251,Gorton and Denton,true,false,0.2259
E05014523,Denton North East,E08000008,Tameside,E14001251,Gorton and Denton,true,true,2.6076
E05014523,Denton North East,E08000008,Tameside,E14001070,Ashton-under-Lyne,true,false,0.2089
E05014524,Denton South,E08000008,Tameside,E14001251,Gorton and Denton,false,true,
E05014525,Denton West,E08000008,Tameside,E14001251,Gorton and Denton,false,true,
E05014526,Droylsden East,E08000008,Tameside,E14001070,Ashton-under-Lyne,false,true,
E05014527,Droylsden West,E08000008,Tameside,E14001070,Ashton-under-Lyne,false,true,
E05014528,Dukinfield,E08000008,Tameside,E14001070,Ashton-under-Lyne,true,true,3.728
E05014528,Dukinfield,E08000008,Tameside,E14001515,Stalybridge and Hyde,true,false,0.0087
E05014529,Dukinfield Stalybridge,E08000008,Tameside,E14001515,Stalybridge and Hyde,true,true,3.2167
E05014529,Dukinfield Stalybridge,E08000008,Tameside,E14001070,Ashton-under-Lyne,true,false,0.0269
E05014530,Hyde Godley,E08000008,Tameside,E14001515,Stalybridge and Hyde,false,true,
E05014531,Hyde Newton,E08000008,Tameside,E14001515,Stalybridge and Hyde,false,true,
E05014532,Hyde Werneth,E08000008,Tameside,E14001515,Stalybridge and Hyde,false,true,
E05014533,Longdendale,E08000008,Tameside,E14001515,Stalybridge and Hyde,false,true,
E05014534,Mossley,E08000008,Tameside,E14001515,Stalybridge and Hyde,false,true,
E05014535,St Peter's,E08000008,Tameside,E14001070,Ashton-under-Lyne,false,true,
E05014536,Stalybridge North,E08000008,Tameside,E14001515,Stalybridge and Hyde,false,true,
E05014537,Stalybridge South,E08000008,Tameside,E14001515,Stalybridge and Hyde,false,true,
E05014538,Ansdell & Fairhaven,E07000119,Fylde,E14001242,Fylde,false,true,
E05014539,Ashton,E07000119,Fylde,E14001242,Fylde,false,true,
E05014540,Carnegie,E07000119,Fylde,E14001242,Fylde,false,true,
E05014541,Freckleton Village,E07000119,Fylde,E14001242,Fylde,false,true,
E05014542,Heyhouses,E07000119,Fylde,E14001242,Fylde,false,true,
E05014543,Kilgrimol,E07000119,Fylde,E14001242,Fylde,false,true,
E05014544,Kilnhouse,E07000119,Fylde,E14001242,Fylde,false,true,
E05014545,Kirkham,E07000119,Fylde,E14001242,Fylde,false,true,
E05014546,Lytham East,E07000119,Fylde,E14001242,Fylde,false,true,
E05014547,Lytham West,E07000119,Fylde,E14001242,Fylde,false,true,
E05014548,Medlar-with-Wesham,E07000119,Fylde,E14001242,Fylde,false,true,
E05014549,Park,E07000119,Fylde,E14001242,Fylde,false,true,
E05014550,Rural East Fylde,E07000119,Fylde,E14001242,Fylde,false,true,
E05014551,Rural North Fylde,E07000119,Fylde,E14001242,Fylde,false,true,
E05014552,Staining,E07000119,Fylde,E14001242,Fylde,false,true,
E05014553,Warton,E07000119,Fylde,E14001242,Fylde,false,true,
E05014554,Wrea Green with Westby,E07000119,Fylde,E14001242,Fylde,false,true,
E05014555,Abbey Hulton,E06000021,Stoke-on-Trent,E14001520,Stoke-on-Trent Central,false,true,
E05014556,"Baddeley, Milton & Norton",E06000021,Stoke-on-Trent,E14001521,Stoke-on-Trent North,false,true,
E05014557,Basford & Hartshill,E06000021,Stoke-on-Trent,E14001520,Stoke-on-Trent Central,false,true,
E05014558,"Bentilee, Ubberley & Townsend",E06000021,Stoke-on-Trent,E14001520,Stoke-on-Trent Central,false,true,
E05014559,Birches Head & Northwood,E06000021,Stoke-on-Trent,E14001520,Stoke-on-Trent Central,false,true,
E05014560,Blurton,E06000021,Stoke-on-Trent,E14001522,Stoke-on-Trent South,false,true,
E05014561,Boothen,E06000021,Stoke-on-Trent,E14001520,Stoke-on-Trent Central,false,true,
E05014562,Bradeley & Chell Heath,E06000021,Stoke-on-Trent,E14001521,Stoke-on-Trent North,false,true,
E05014563,Bucknall & Eaton Park,E06000021,Stoke-on-Trent,E14001520,Stoke-on-Trent Central,false,true,
E05014564,Burslem,E06000021,Stoke-on-Trent,E14001521,Stoke-on-Trent North,false,true,
E05014565,Burslem Park,E06000021,Stoke-on-Trent,E14001521,Stoke-on-Trent North,false,true,
E05014566,Dresden & Florence,E06000021,Stoke-on-Trent,E14001522,Stoke-on-Trent South,false,true,
E05014567,Etruria & Hanley,E06000021,Stoke-on-Trent,E14001520,Stoke-on-Trent Central,true,true,3.6587
E05014567,Etruria & Hanley,E06000021,Stoke-on-Trent,E14001521,Stoke-on-Trent North,true,false,0.0766
E05014568,Fenton East,E06000021,Stoke-on-Trent,E14001520,Stoke-on-Trent Central,false,true,
E05014569,Fenton West & Mount Pleasant,E06000021,Stoke-on-Trent,E14001520,Stoke-on-Trent Central,false,true,
E05014570,Ford Green & Smallthorne,E06000021,Stoke-on-Trent,E14001521,Stoke-on-Trent North,false,true,
E05014571,Goldenhill & Sandyford,E06000021,Stoke-on-Trent,E14001521,Stoke-on-Trent North,false,true,
E05014572,Great Chell & Packmoor,E06000021,Stoke-on-Trent,E14001521,Stoke-on-Trent North,false,true,
E05014573,"Hanford, Newstead & Trentham",E06000021,Stoke-on-Trent,E14001522,Stoke-on-Trent South,false,true,
E05014574,"Hanley Park, Joiner's Square & Shelton",E06000021,Stoke-on-Trent,E14001520,Stoke-on-Trent Central,false,true,
E05014575,Hartshill Park & Stoke,E06000021,Stoke-on-Trent,E14001520,Stoke-on-Trent Central,false,true,
E05014576,Hollybush,E06000021,Stoke-on-Trent,E14001522,Stoke-on-Trent South,false,true,
E05014577,Lightwood North & Normacot,E06000021,Stoke-on-Trent,E14001522,Stoke-on-Trent South,false,true,
E05014578,Little Chell & Stanfield,E06000021,Stoke-on-Trent,E14001521,Stoke-on-Trent North,false,true,
E05014579,Longton & Meir Hay South,E06000021,Stoke-on-Trent,E14001522,Stoke-on-Trent South,true,true,2.0445
E05014579,Longton & Meir Hay South,E06000021,Stoke-on-Trent,E14001520,Stoke-on-Trent Central,true,false,0.0467
E05014580,"Meir Hay North, Parkhall & Weston Coyney",E06000021,Stoke-on-Trent,E14001520,Stoke-on-Trent Central,true,true,2.5128
E05014580,"Meir Hay North, Parkhall & Weston Coyney",E06000021,Stoke-on-Trent,E14001522,Stoke-on-Trent South,true,false,1.6891
E05014581,Meir North,E06000021,Stoke-on-Trent,E14001522,Stoke-on-Trent South,false,true,
E05014582,Meir Park,E06000021,Stoke-on-Trent,E14001522,Stoke-on-Trent South,false,true,
E05014583,Meir South,E06000021,Stoke-on-Trent,E14001522,Stoke-on-Trent South,false,true,
E05014584,Moorcroft & Sneyd Green,E06000021,Stoke-on-Trent,E14001521,Stoke-on-Trent North,true,true,2.3242
E05014584,Moorcroft & Sneyd Green,E06000021,Stoke-on-Trent,E14001520,Stoke-on-Trent Central,true,false,1.0767
E05014585,Penkhull & Springfields,E06000021,Stoke-on-Trent,E14001520,Stoke-on-Trent Central,false,true,
E05014586,Sandford Hill,E06000021,Stoke-on-Trent,E14001520,Stoke-on-Trent Central,false,true,
E05014587,Trent Vale & Oak Hill,E06000021,Stoke-on-Trent,E14001520,Stoke-on-Trent Central,false,true,
E05014588,Tunstall,E06000021,Stoke-on-Trent,E14001521,Stoke-on-Trent North,false,true,
E05014589,Ashbourne North,E07000035,Derbyshire Dales,E14001195,Derbyshire Dales,false,true,
E05014590,Ashbourne South,E07000035,Derbyshire Dales,E14001195,Derbyshire Dales,false,true,
E05014591,Bakewell,E07000035,Derbyshire Dales,E14001195,Derbyshire Dales,false,true,
E05014592,Bonsall & Winster,E07000035,Derbyshire Dales,E14001195,Derbyshire Dales,false,true,
E05014593,Bradwell,E07000035,Derbyshire Dales,E14001195,Derbyshire Dales,false,true,
E05014594,Brailsford,E07000035,Derbyshire Dales,E14001195,Derbyshire Dales,false,true,
E05014595,Calver & Longstone,E07000035,Derbyshire Dales,E14001195,Derbyshire Dales,false,true,
E05014596,Chatsworth,E07000035,Derbyshire Dales,E14001195,Derbyshire Dales,false,true,
E05014597,Cromford & Matlock Bath,E07000035,Derbyshire Dales,E14001195,Derbyshire Dales,false,true,
E05014598,Darley Dale,E07000035,Derbyshire Dales,E14001195,Derbyshire Dales,false,true,
E05014599,"Dovedale, Parwich & Brassington",E07000035,Derbyshire Dales,E14001195,Derbyshire Dales,false,true,
E05014600,Doveridge & Sudbury,E07000035,Derbyshire Dales,E14001195,Derbyshire Dales,false,true,
E05014601,Hartington & Taddington,E07000035,Derbyshire Dales,E14001195,Derbyshire Dales,false,true,
E05014602,Hathersage,E07000035,Derbyshire Dales,E14001195,Derbyshire Dales,false,true,
E05014603,Hulland,E07000035,Derbyshire Dales,E14001195,Derbyshire Dales,false,true,
E05014604,Matlock East & Tansley,E07000035,Derbyshire Dales,E14001195,Derbyshire Dales,false,true,
E05014605,Matlock West,E07000035,Derbyshire Dales,E14001195,Derbyshire Dales,false,true,
E05014606,Norbury,E07000035,Derbyshire Dales,E14001195,Derbyshire Dales,false,true,
E05014607,Tideswell,E07000035,Derbyshire Dales,E14001195,Derbyshire Dales,false,true,
E05014608,Wirksworth,E07000035,Derbyshire Dales,E14001195,Derbyshire Dales,false,true,
E05014609,Youlgrave,E07000035,Derbyshire Dales,E14001195,Derbyshire Dales,false,true,
E05014610,Bancroft,E07000174,Mansfield,E14001355,Mansfield,false,true,
E05014611,Berry Hill,E07000174,Mansfield,E14001355,Mansfield,false,true,
E05014612,Brick Kiln,E07000174,Mansfield,E14001355,Mansfield,false,true,
E05014613,Carr Bank,E07000174,Mansfield,E14001355,Mansfield,false,true,
E05014614,Central,E07000174,Mansfield,E14001355,Mansfield,false,true,
E05014615,Eakring,E07000174,Mansfield,E14001355,Mansfield,false,true,
E05014616,Grange Farm,E07000174,Mansfield,E14001355,Mansfield,false,true,
E05014617,Holly Forest Town,E07000174,Mansfield,E14001355,Mansfield,false,true,
E05014618,Hornby,E07000174,Mansfield,E14001355,Mansfield,false,true,
E05014619,Kings Walk,E07000174,Mansfield,E14001355,Mansfield,false,true,
E05014620,Kingsway Forest Town,E07000174,Mansfield,E14001355,Mansfield,false,true,
E05014621,Lindhurst,E07000174,Mansfield,E14001355,Mansfield,true,true,1.4905
E05014621,Lindhurst,E07000174,Mansfield,E14001109,Bolsover,true,false,0.0
E05014622,Ling Forest,E07000174,Mansfield,E14001355,Mansfield,false,true,
E05014623,Manor,E07000174,Mansfield,E14001355,Mansfield,false,true,
E05014624,Market Warsop,E07000174,Mansfield,E14001355,Mansfield,false,true,
E05014625,Maun Valley Forest Town,E07000174,Mansfield,E14001355,Mansfield,false,true,
E05014626,Meden,E07000174,Mansfield,E14001355,Mansfield,false,true,
E05014627,Mill Lane,E07000174,Mansfield,E14001355,Mansfield,false,true,
E05014628,Netherfield,E07000174,Mansfield,E14001355,Mansfield,false,true,
E05014629,Newlands Forest Town,E07000174,Mansfield,E14001355,Mansfield,false,true,
E05014630,Oak Tree,E07000174,Mansfield,E14001355,Mansfield,false,true,
E05014631,Oakham,E07000174,Mansfield,E14001355,Mansfield,false,true,
E05014632,Park Hall,E07000174,Mansfield,E14001355,Mansfield,false,true,
E05014633,Penniment,E07000174,Mansfield,E14001355,Mansfield,false,true,
E05014634,Pleasley,E07000174,Mansfield,E14001355,Mansfield,true,true,0.4003
E05014634,Pleasley,E07000174,Mansfield,E14001109,Bolsover,true,false,0.0
E05014635,Racecourse,E07000174,Mansfield,E14001355,Mansfield,false,true,
E05014636,Rock Hill,E07000174,Mansfield,E14001355,Mansfield,false,true,
E05014637,Rufford,E07000174,Mansfield,E14001355,Mansfield,true,true,0.4482
E05014637,Rufford,E07000174,Mansfield,E14001109,Bolsover,true,false,0.0
E05014638,Sherwood,E07000174,Mansfield,E14001355,Mansfield,true,true,0.9991
E05014638,Sherwood,E07000174,Mansfield,E14001109,Bolsover,true,false,0.0
E05014639,Southwell,E07000174,Mansfield,E14001355,Mansfield,false,true,
E05014640,Thompsons,E07000174,Mansfield,E14001355,Mansfield,false,true,
E05014641,Vale,E07000174,Mansfield,E14001355,Mansfield,true,true,3.7589
E05014641,Vale,E07000174,Mansfield,E14001109,Bolsover,true,false,0.0
E05014642,Wainwright,E07000174,Mansfield,E14001355,Mansfield,false,true,
E05014643,Warsop Carrs,E07000174,Mansfield,E14001355,Mansfield,false,true,
E05014644,West Bank,E07000174,Mansfield,E14001355,Mansfield,false,true,
E05014645,Yeoman Hill,E07000174,Mansfield,E14001355,Mansfield,false,true,
E05014646,Alexandra,E08000004,Oldham,E14001415,Oldham East and Saddleworth,false,true,
E05014647,Chadderton Central,E08000004,Oldham,E14001416,"Oldham West, Chadderton and Royton",false,true,
E05014648,Chadderton North,E08000004,Oldham,E14001416,"Oldham West, Chadderton and Royton",false,true,
E05014649,Chadderton South,E08000004,Oldham,E14001416,"Oldham West, Chadderton and Royton",false,true,
E05014650,Coldhurst,E08000004,Oldham,E14001416,"Oldham West, Chadderton and Royton",true,true,2.697
E05014650,Coldhurst,E08000004,Oldham,E14001415,Oldham East and Saddleworth,true,false,0.3064
E05014651,Crompton,E08000004,Oldham,E14001415,Oldham East and Saddleworth,true,true,4.7905
E05014651,Crompton,E08000004,Oldham,E14001416,"Oldham West, Chadderton and Royton",true,false,0.0684
E05014652,Failsworth East,E08000004,Oldham,E14001352,Manchester Central,true,true,4.5527
E05014652,Failsworth East,E08000004,Oldham,E14001416,"Oldham West, Chadderton and Royton",true,false,0.0587
E05014653,Failsworth West,E08000004,Oldham,E14001352,Manchester Central,false,true,
E05014654,Hollinwood,E08000004,Oldham,E14001416,"Oldham West, Chadderton and Royton",false,true,
E05014655,Medlock Vale,E08000004,Oldham,E14001416,"Oldham West, Chadderton and Royton",false,true,
E05014656,Royton North,E08000004,Oldham,E14001416,"Oldham West, Chadderton and Royton",true,true,5.3166
E05014656,Royton North,E08000004,Oldham,E14001415,Oldham East and Saddleworth,true,false,0.0794
E05014657,Royton South,E08000004,Oldham,E14001416,"Oldham West, Chadderton and Royton",true,true,3.5458
E05014657,Royton South,E08000004,Oldham,E14001415,Oldham East and Saddleworth,true,false,0.077
E05014658,Saddleworth North,E08000004,Oldham,E14001415,Oldham East and Saddleworth,false,true,
E05014659,Saddleworth South,E08000004,Oldham,E14001415,Oldham East and Saddleworth,false,true,
E05014660,Saddleworth West & Lees,E08000004,Oldham,E14001415,Oldham East and Saddleworth,false,true,
E05014661,Shaw,E08000004,Oldham,E14001415,Oldham East and Saddleworth,false,true,
E05014662,St James',E08000004,Oldham,E14001415,Oldham East and Saddleworth,false,true,
E05014663,St Mary's,E08000004,Oldham,E14001415,Oldham East and Saddleworth,false,true,
E05014664,Waterhead,E08000004,Oldham,E14001415,Oldham East and Saddleworth,false,true,
E05014665,Werneth,E08000004,Oldham,E14001416,"Oldham West, Chadderton and Royton",false,true,
E05014666,Anstey,E07000130,Charnwood,E14001364,Mid Leicestershire,false,true,
E05014667,Barrow upon Soar,E07000130,Charnwood,E14001342,Loughborough,false,true,
E05014668,Birstall East & Wanlip,E07000130,Charnwood,E14001364,Mid Leicestershire,false,true,
E05014669,Birstall West,E07000130,Charnwood,E14001364,Mid Leicestershire,false,true,
E05014670,"Dishley, Hathern & Thorpe Acre",E07000130,Charnwood,E14001342,Loughborough,false,true,
E05014671,Forest Bradgate,E07000130,Charnwood,E14001364,Mid Leicestershire,false,true,
E05014672,Loughborough Ashby,E07000130,Charnwood,E14001342,Loughborough,false,true,
E05014673,Loughborough East,E07000130,Charnwood,E14001342,Loughborough,false,true,
E05014674,Loughborough Nanpantan,E07000130,Charnwood,E14001342,Loughborough,false,true,
E05014675,Loughborough Outwoods & Shelthorpe,E07000130,Charnwood,E14001342,Loughborough,false,true,
E05014676,Loughborough Southfields,E07000130,Charnwood,E14001342,Loughborough,false,true,
E05014677,Loughborough Storer,E07000130,Charnwood,E14001342,Loughborough,false,true,
E05014678,Loughborough Woodthorpe,E07000130,Charnwood,E14001342,Loughborough,true,true,1.8718
E05014678,Loughborough Woodthorpe,E07000130,Charnwood,E14001364,Mid Leicestershire,true,false,0.0298
E05014679,Mountsorrel,E07000130,Charnwood,E14001364,Mid Leicestershire,false,true,
E05014680,Quorn & Mountsorrel Castle,E07000130,Charnwood,E14001342,Loughborough,false,true,
E05014681,Rothley Brook,E07000130,Charnwood,E14001364,Mid Leicestershire,false,true,
E05014682,Shepshed East,E07000130,Charnwood,E14001342,Loughborough,false,true,
E05014683,Shepshed West,E07000130,Charnwood,E14001342,Loughborough,false,true,
E05014684,Sileby & Seagrave,E07000130,Charnwood,E14001357,Melton and Syston,true,true,18.2344
E05014684,Sileby & Seagrave,E07000130,Charnwood,E14001342,Loughborough,true,false,1.2139
E05014685,South Charnwood,E07000130,Charnwood,E14001357,Melton and Syston,false,true,
E05014686,Syston,E07000130,Charnwood,E14001357,Melton and Syston,false,true,
E05014687,The Wolds,E07000130,Charnwood,E14001342,Loughborough,false,true,
E05014688,Thurmaston,E07000130,Charnwood,E14001357,Melton and Syston,false,true,
E05014689,Wreake Valley,E07000130,Charnwood,E14001357,Melton and Syston,false,true,
E05014690,Alfreton,E07000032,Amber Valley,E14001066,Amber Valley,false,true,
E05014691,Alport & South West Parishes,E07000032,Amber Valley,E14001195,Derbyshire Dales,true,true,53.2671
E05014691,Alport & South West Parishes,E07000032,Amber Valley,E14001362,Mid Derbyshire,true,false,45.8845
E05014692,Belper East,E07000032,Amber Valley,E14001362,Mid Derbyshire,false,true,
E05014693,Belper North,E07000032,Amber Valley,E14001362,Mid Derbyshire,false,true,
E05014694,Belper South,E07000032,Amber Valley,E14001362,Mid Derbyshire,false,true,
E05014695,"Codnor, Langley Mill & Aldercar",E07000032,Amber Valley,E14001066,Amber Valley,false,true,
E05014696,Crich & South Wingfield,E07000032,Amber Valley,E14001066,Amber Valley,true,true,20.1277
E05014696,Crich & South Wingfield,E07000032,Amber Valley,E14001195,Derbyshire Dales,true,false,11.893
E05014697,Duffield & Quarndon,E07000032,Amber Valley,E14001362,Mid Derbyshire,false,true,
E05014698,Heage & Ambergate,E07000032,Amber Valley,E14001066,Amber Valley,false,true,
E05014699,Heanor East,E07000032,Amber Valley,E14001066,Amber Valley,false,true,
E05014700,Heanor West & Loscoe,E07000032,Amber Valley,E14001066,Amber Valley,false,true,
E05014701,Ironville & Riddings,E07000032,Amber Valley,E14001066,Amber Valley,false,true,
E05014702,"Kilburn, Denby, Holbrook & Horsley",E07000032,Amber Valley,E14001066,Amber Valley,false,true,
E05014703,Ripley,E07000032,Amber Valley,E14001066,Amber Valley,false,true,
E05014704,Ripley & Marehay,E07000032,Amber Valley,E14001066,Amber Valley,false,true,
E05014705,"Smalley, Shipley & Horsley Woodhouse",E07000032,Amber Valley,E14001066,Amber Valley,false,true,
E05014706,Somercotes,E07000032,Amber Valley,E14001066,Amber Valley,false,true,
E05014707,Swanwick,E07000032,Amber Valley,E14001066,Amber Valley,false,true,
E05014708,"Ardingly, Balcombe & Turners Hill",E07000228,Mid Sussex,E14001212,East Grinstead and Uckfield,true,true,51.0526
E05014708,"Ardingly, Balcombe & Turners Hill",E07000228,Mid Sussex,E14001366,Mid Sussex,true,false,18.6367
E05014709,Ashurst Wood & East Grinstead South,E07000228,Mid Sussex,E14001212,East Grinstead and Uckfield,false,true,
E05014710,Burgess Hill Dunstall,E07000228,Mid Sussex,E14001366,Mid Sussex,false,true,
E05014711,Burgess Hill Franklands,E07000228,Mid Sussex,E14001366,Mid Sussex,false,true,
E05014712,Burgess Hill Leylands,E07000228,Mid Sussex,E14001366,Mid Sussex,false,true,
E05014713,Burgess Hill Meeds & Hammonds,E07000228,Mid Sussex,E14001366,Mid Sussex,false,true,
E05014714,Burgess Hill St Andrews,E07000228,Mid Sussex,E14001366,Mid Sussex,false,true,
E05014715,Burgess Hill Victoria,E07000228,Mid Sussex,E14001366,Mid Sussex,false,true,
E05014716,Copthorne & Worth,E07000228,Mid Sussex,E14001212,East Grinstead and Uckfield,false,true,
E05014717,Crawley Down,E07000228,Mid Sussex,E14001212,East Grinstead and Uckfield,false,true,
E05014718,"Cuckfield, Bolney & Ansty",E07000228,Mid Sussex,E14001366,Mid Sussex,false,true,
E05014719,Downland Villages,E07000228,Mid Sussex,E14001366,Mid Sussex,false,true,
E05014720,East Grinstead Ashplats,E07000228,Mid Sussex,E14001212,East Grinstead and Uckfield,false,true,
E05014721,East Grinstead Baldwins,E07000228,Mid Sussex,E14001212,East Grinstead and Uckfield,false,true,
E05014722,East Grinstead Herontye,E07000228,Mid Sussex,E14001212,East Grinstead and Uckfield,false,true,
E05014723,East Grinstead Imberhorne,E07000228,Mid Sussex,E14001212,East Grinstead and Uckfield,false,true,
E05014724,East Grinstead Town,E07000228,Mid Sussex,E14001212,East Grinstead and Uckfield,false,true,
E05014725,Handcross & Pease Pottage,E07000228,Mid Sussex,E14001212,East Grinstead and Uckfield,false,true,
E05014726,Hassocks,E07000228,Mid Sussex,E14001366,Mid Sussex,false,true,
E05014727,Haywards Heath Ashenground,E07000228,Mid Sussex,E14001366,Mid Sussex,false,true,
E05014728,Haywards Heath Bentswood & Heath,E07000228,Mid Sussex,E14001366,Mid Sussex,false,true,
E05014729,Haywards Heath Franklands,E07000228,Mid Sussex,E14001366,Mid Sussex,false,true,
E05014730,Haywards Heath Lucastes & Bolnore,E07000228,Mid Sussex,E14001366,Mid Sussex,false,true,
E05014731,Haywards Heath North,E07000228,Mid Sussex,E14001366,Mid Sussex,false,true,
E05014732,Hurstpierpoint,E07000228,Mid Sussex,E14001366,Mid Sussex,false,true,
E05014733,Lindfield,E07000228,Mid Sussex,E14001366,Mid Sussex,false,true,
E05014734,Lindfield Rural & High Weald,E07000228,Mid Sussex,E14001212,East Grinstead and Uckfield,true,true,55.1651
E05014734,Lindfield Rural & High Weald,E07000228,Mid Sussex,E14001366,Mid Sussex,true,false,1.7534
E05014735,Barnfield,E06000032,Luton,E14001345,Luton North,true,true,2.4814
E05014735,Barnfield,E06000032,Luton,E14001346,Luton South and South Bedfordshire,true,false,0.0235
E05014736,Beech Hill,E06000032,Luton,E14001346,Luton South and South Bedfordshire,true,true,1.0988
E05014736,Beech Hill,E06000032,Luton,E14001345,Luton North,true,false,0.3407
E05014737,Biscot,E06000032,Luton,E14001346,Luton South and South Bedfordshire,false,true,
E05014738,Bramingham,E06000032,Luton,E14001345,Luton North,false,true,
E05014739,Central,E06000032,Luton,E14001346,Luton South and South Bedfordshire,false,true,
E05014740,Challney,E06000032,Luton,E14001345,Luton North,true,true,2.1417
E05014740,Challney,E06000032,Luton,E14001346,Luton South and South Bedfordshire,true,false,0.0089
E05014741,Dallow,E06000032,Luton,E14001346,Luton South and South Bedfordshire,false,true,
E05014742,Farley,E06000032,Luton,E14001346,Luton South and South Bedfordshire,false,true,
E05014743,High Town,E06000032,Luton,E14001346,Luton South and South Bedfordshire,false,true,
E05014744,Leagrave,E06000032,Luton,E14001345,Luton North,false,true,
E05014745,Lewsey,E06000032,Luton,E14001345,Luton North,false,true,
E05014746,Northwell,E06000032,Luton,E14001345,Luton North,false,true,
E05014747,Poets,E06000032,Luton,E14001345,Luton North,false,true,
E05014748,Round Green,E06000032,Luton,E14001346,Luton South and South Bedfordshire,false,true,
E05014749,Saints,E06000032,Luton,E14001345,Luton North,true,true,1.5376
E05014749,Saints,E06000032,Luton,E14001346,Luton South and South Bedfordshire,true,false,0.0279
E05014750,South,E06000032,Luton,E14001346,Luton South and South Bedfordshire,false,true,
E05014751,Stopsley,E06000032,Luton,E14001345,Luton North,true,true,3.1377
E05014751,Stopsley,E06000032,Luton,E14001346,Luton South and South Bedfordshire,true,false,1.1099
E05014752,Sundon Park,E06000032,Luton,E14001345,Luton North,false,true,
E05014753,Vauxhall,E06000032,Luton,E14001346,Luton South and South Bedfordshire,false,true,
E05014754,Wigmore,E06000032,Luton,E14001346,Luton South and South Bedfordshire,false,true,
E05014755,Binfield North & Warfield West,E06000036,Bracknell Forest,E14001348,Maidenhead,true,true,16.7367
E05014755,Binfield North & Warfield West,E06000036,Bracknell Forest,E14001117,Bracknell,true,false,0.3918
E05014756,Binfield South & Jennett's Park,E06000036,Bracknell Forest,E14001348,Maidenhead,true,true,4.2425
E05014756,Binfield South & Jennett's Park,E06000036,Bracknell Forest,E14001117,Bracknell,true,false,2.343
E05014757,Bullbrook,E06000036,Bracknell Forest,E14001117,Bracknell,false,true,
E05014759,Easthampstead & Wildridings,E06000036,Bracknell Forest,E14001117,Bracknell,false,true,
E05014760,Great Hollands,E06000036,Bracknell Forest,E14001117,Bracknell,false,true,
E05014761,Hanworth,E06000036,Bracknell Forest,E14001117,Bracknell,false,true,
E05014763,Owlsmoor & College Town,E06000036,Bracknell Forest,E14001117,Bracknell,false,true,
E05014764,Priestwood & Garth,E06000036,Bracknell Forest,E14001117,Bracknell,false,true,
E05014767,Town Centre & The Parks,E06000036,Bracknell Forest,E14001117,Bracknell,false,true,
E05014770,"Ashley, Bashley & Fernhill",E07000091,New Forest,E14001374,New Forest West,false,true,
E05014771,"Ashurst, Bramshaw, Copythorne & Netley Marsh",E07000091,New Forest,E14001373,New Forest East,false,true,
E05014772,Ballard,E07000091,New Forest,E14001374,New Forest West,false,true,
E05014773,Barton & Becton,E07000091,New Forest,E14001374,New Forest West,false,true,
E05014774,"Bransgore, Burley, Sopley & Ringwood East",E07000091,New Forest,E14001374,New Forest West,false,true,
E05014775,Brockenhurst & Denny Lodge,E07000091,New Forest,E14001373,New Forest East,false,true,
E05014776,Dibden & Dibden Purlieu,E07000091,New Forest,E14001373,New Forest East,false,true,
E05014777,Downlands & Forest North,E07000091,New Forest,E14001374,New Forest West,false,true,
E05014778,"Fawley, Blackfield, Calshot & Langley",E07000091,New Forest,E14001373,New Forest East,false,true,
E05014779,"Fordingbridge, Godshill & Hyde",E07000091,New Forest,E14001374,New Forest West,false,true,
E05014780,Forest & Solent,E07000091,New Forest,E14001373,New Forest East,false,true,
E05014781,"Hardley, Holbury & North Blackfield",E07000091,New Forest,E14001373,New Forest East,false,true,
E05014782,Hythe Central,E07000091,New Forest,E14001373,New Forest East,false,true,
E05014783,Hythe South,E07000091,New Forest,E14001373,New Forest East,false,true,
E05014784,Lymington,E07000091,New Forest,E14001374,New Forest West,false,true,
E05014785,Lyndhurst & Minstead,E07000091,New Forest,E14001373,New Forest East,false,true,
E05014786,Marchwood & Eling,E07000091,New Forest,E14001373,New Forest East,false,true,
E05014787,Milford & Hordle,E07000091,New Forest,E14001374,New Forest West,false,true,
E05014788,Milton,E07000091,New Forest,E14001374,New Forest West,false,true,
E05014789,Pennington,E07000091,New Forest,E14001374,New Forest West,false,true,
E05014790,Ringwood North & Ellingham,E07000091,New Forest,E14001374,New Forest West,false,true,
E05014791,Ringwood South,E07000091,New Forest,E14001374,New Forest West,false,true,
E05014792,Sway,E07000091,New Forest,E14001373,New Forest East,false,true,
E05014793,Totton Central,E07000091,New Forest,E14001373,New Forest East,false,true,
E05014794,Totton North,E07000091,New Forest,E14001373,New Forest East,false,true,
E05014795,Totton South,E07000091,New Forest,E14001373,New Forest East,false,true,
E05014796,Bradninch,E07000042,Mid Devon,E14001291,Honiton and Sidmouth,true,true,11.5247
E05014796,Bradninch,E07000042,Mid Devon,E14001155,Central Devon,true,false,6.2652
E05014797,Cadbury,E07000042,Mid Devon,E14001155,Central Devon,false,true,
E05014798,Canonsleigh,E07000042,Mid Devon,E14001548,Tiverton and Minehead,false,true,
E05014799,Clare & Shuttern,E07000042,Mid Devon,E14001548,Tiverton and Minehead,false,true,
E05014800,Crediton Boniface,E07000042,Mid Devon,E14001155,Central Devon,false,true,
E05014801,Crediton Lawrence,E07000042,Mid Devon,E14001155,Central Devon,false,true,
E05014802,Cullompton Padbrook,E07000042,Mid Devon,E14001291,Honiton and Sidmouth,false,true,
E05014803,Cullompton St Andrews,E07000042,Mid Devon,E14001291,Honiton and Sidmouth,false,true,
E05014804,Cullompton Vale,E07000042,Mid Devon,E14001291,Honiton and Sidmouth,false,true,
E05014805,Halberton,E07000042,Mid Devon,E14001548,Tiverton and Minehead,true,true,30.6796
E05014805,Halberton,E07000042,Mid Devon,E14001291,Honiton and Sidmouth,true,false,1.9517
E05014806,Lower Culm,E07000042,Mid Devon,E14001291,Honiton and Sidmouth,true,true,18.2463
E05014806,Lower Culm,E07000042,Mid Devon,E14001548,Tiverton and Minehead,true,false,15.232
E05014807,Sandford & Creedy,E07000042,Mid Devon,E14001155,Central Devon,false,true,
E05014808,Silverton,E07000042,Mid Devon,E14001155,Central Devon,false,true,
E05014809,Taw Vale,E07000042,Mid Devon,E14001155,Central Devon,false,true,
E05014810,Tiverton Castle,E07000042,Mid Devon,E14001548,Tiverton and Minehead,false,true,
E05014811,Tiverton Cranmore,E07000042,Mid Devon,E14001548,Tiverton and Minehead,false,true,
E05014812,Tiverton Lowman,E07000042,Mid Devon,E14001548,Tiverton and Minehead,false,true,
E05014813,Tiverton Westexe,E07000042,Mid Devon,E14001548,Tiverton and Minehead,false,true,
E05014814,Upper Culm,E07000042,Mid Devon,E14001548,Tiverton and Minehead,false,true,
E05014815,Upper Yeo & Taw,E07000042,Mid Devon,E14001155,Central Devon,false,true,
E05014816,Way,E07000042,Mid Devon,E14001155,Central Devon,false,true,
E05014817,Yeo,E07000042,Mid Devon,E14001155,Central Devon,false,true,
E05014818,Astley Bridge,E08000001,Bolton,E14001110,Bolton North East,false,true,
E05014819,Bradshaw,E08000001,Bolton,E14001110,Bolton North East,false,true,
E05014820,Breightmet,E08000001,Bolton,E14001110,Bolton North East,false,true,
E05014821,Bromley Cross,E08000001,Bolton,E14001110,Bolton North East,false,true,
E05014822,Farnworth North,E08000001,Bolton,E14001111,Bolton South and Walkden,false,true,
E05014823,Farnworth South,E08000001,Bolton,E14001111,Bolton South and Walkden,false,true,
E05014824,Great Lever,E08000001,Bolton,E14001111,Bolton South and Walkden,true,true,3.4206
E05014824,Great Lever,E08000001,Bolton,E14001112,Bolton West,true,false,0.0
E05014825,Halliwell,E08000001,Bolton,E14001110,Bolton North East,false,true,
E05014826,"Heaton, Lostock & Chew Moor",E08000001,Bolton,E14001112,Bolton West,false,true,
E05014827,Horwich North,E08000001,Bolton,E14001112,Bolton West,false,true,
E05014828,Horwich South & Blackrod,E08000001,Bolton,E14001112,Bolton West,false,true,
E05014829,Hulton,E08000001,Bolton,E14001112,Bolton West,true,true,10.4667
E05014829,Hulton,E08000001,Bolton,E14001111,Bolton South and Walkden,true,false,0.0533
E05014830,Kearsley,E08000001,Bolton,E14001111,Bolton South and Walkden,false,true,
E05014831,Little Lever & Darcy Lever,E08000001,Bolton,E14001110,Bolton North East,false,true,
E05014832,Queens Park & Central,E08000001,Bolton,E14001110,Bolton North East,true,true,2.2134
E05014832,Queens Park & Central,E08000001,Bolton,E14001111,Bolton South and Walkden,true,false,1.4915
E05014833,Rumworth,E08000001,Bolton,E14001111,Bolton South and Walkden,true,true,2.0041
E05014833,Rumworth,E08000001,Bolton,E14001112,Bolton West,true,false,0.0888
E05014834,Smithills,E08000001,Bolton,E14001112,Bolton West,false,true,
E05014835,Tonge with the Haulgh,E08000001,Bolton,E14001110,Bolton North East,false,true,
E05014836,Westhoughton North & Hunger Hill,E08000001,Bolton,E14001112,Bolton West,false,true,
E05014837,Westhoughton South,E08000001,Bolton,E14001112,Bolton West,false,true,
E05014838,Bilston North,E08000031,Wolverhampton,E14001595,Wolverhampton South East,false,true,
E05014839,Bilston South,E08000031,Wolverhampton,E14001595,Wolverhampton South East,false,true,
E05014840,Blakenhall,E08000031,Wolverhampton,E14001596,Wolverhampton West,false,true,
E05014841,Bushbury North,E08000031,Wolverhampton,E14001594,Wolverhampton North East,true,true,4.8142
E05014841,Bushbury North,E08000031,Wolverhampton,E14001596,Wolverhampton West,true,false,0.338
E05014842,Bushbury South & Low Hill,E08000031,Wolverhampton,E14001594,Wolverhampton North East,false,true,
E05014843,East Park,E08000031,Wolverhampton,E14001595,Wolverhampton South East,false,true,
E05014844,Ettingshall North,E08000031,Wolverhampton,E14001595,Wolverhampton South East,false,true,
E05014845,Ettingshall South & Spring Vale,E08000031,Wolverhampton,E14001595,Wolverhampton South East,false,true,
E05014846,Fallings Park,E08000031,Wolverhampton,E14001594,Wolverhampton North East,false,true,
E05014847,Graiseley,E08000031,Wolverhampton,E14001596,Wolverhampton West,false,true,
E05014848,Heath Town,E08000031,Wolverhampton,E14001594,Wolverhampton North East,false,true,
E05014849,Merry Hill,E08000031,Wolverhampton,E14001596,Wolverhampton West,false,true,
E05014850,Oxley,E08000031,Wolverhampton,E14001596,Wolverhampton West,true,true,3.5936
E05014850,Oxley,E08000031,Wolverhampton,E14001594,Wolverhampton North East,true,false,0.882
E05014851,Park,E08000031,Wolverhampton,E14001596,Wolverhampton West,false,true,
E05014852,Penn,E08000031,Wolverhampton,E14001596,Wolverhampton West,false,true,
E05014853,St Peters,E08000031,Wolverhampton,E14001596,Wolverhampton West,true,true,2.8783
E05014853,St Peters,E08000031,Wolverhampton,E14001595,Wolverhampton South East,true,false,0.5424
E05014853,St Peters,E08000031,Wolverhampton,E14001594,Wolverhampton North East,true,false,0.5308
E05014854,Tettenhall Regis,E08000031,Wolverhampton,E14001596,Wolverhampton West,false,true,
E05014855,Tettenhall Wightwick,E08000031,Wolverhampton,E14001596,Wolverhampton West,false,true,
E05014856,Wednesfield North,E08000031,Wolverhampton,E14001594,Wolverhampton North East,false,true,
E05014857,Wednesfield South,E08000031,Wolverhampton,E14001594,Wolverhampton North East,false,true,
E05014858,Billingham Central,E06000004,Stockton-on-Tees,E14001518,Stockton North,false,true,
E05014859,Billingham East,E06000004,Stockton-on-Tees,E14001518,Stockton North,false,true,
E05014860,Billingham North,E06000004,Stockton-on-Tees,E14001518,Stockton North,false,true,
E05014861,Billingham South,E06000004,Stockton-on-Tees,E14001518,Stockton North,false,true,
E05014862,Billingham West & Wolviston,E06000004,Stockton-on-Tees,E14001518,Stockton North,false,true,
E05014863,Bishopsgarth & Elm Tree,E06000004,Stockton-on-Tees,E14001519,Stockton West,false,true,
E05014864,Eaglescliffe East,E06000004,Stockton-on-Tees,E14001519,Stockton West,true,true,6.3453
E05014864,Eaglescliffe East,E06000004,Stockton-on-Tees,E14001518,Stockton North,true,false,2.7886
E05014865,Eaglescliffe West,E06000004,Stockton-on-Tees,E14001519,Stockton West,false,true,
E05014866,Fairfield,E06000004,Stockton-on-Tees,E14001519,Stockton West,false,true,
E05014867,Grangefield,E06000004,Stockton-on-Tees,E14001518,Stockton North,true,true,0.58
E05014867,Grangefield,E06000004,Stockton-on-Tees,E14001519,Stockton West,true,false,0.4323
E05014868,Hardwick & Salters Lane,E06000004,Stockton-on-Tees,E14001518,Stockton North,false,true,
E05014869,Hartburn,E06000004,Stockton-on-Tees,E14001519,Stockton West,true,true,4.3844
E05014869,Hartburn,E06000004,Stockton-on-Tees,E14001518,Stockton North,true,false,0.155
E05014870,Ingleby Barwick North,E06000004,Stockton-on-Tees,E14001519,Stockton West,false,true,
E05014871,Ingleby Barwick South,E06000004,Stockton-on-Tees,E14001519,Stockton West,false,true,
E05014872,Mandale & Victoria,E06000004,Stockton-on-Tees,E14001367,Middlesbrough and Thornaby East,false,true,
E05014873,Newtown,E06000004,Stockton-on-Tees,E14001518,Stockton North,false,true,
E05014874,Northern Parishes,E06000004,Stockton-on-Tees,E14001518,Stockton North,true,true,25.6169
E05014874,Northern Parishes,E06000004,Stockton-on-Tees,E14001519,Stockton West,true,false,15.0323
E05014875,Norton Central,E06000004,Stockton-on-Tees,E14001518,Stockton North,false,true,
E05014876,Norton North,E06000004,Stockton-on-Tees,E14001518,Stockton North,false,true,
E05014877,Norton South,E06000004,Stockton-on-Tees,E14001518,Stockton North,false,true,
E05014878,Ropner,E06000004,Stockton-on-Tees,E14001518,Stockton North,false,true,
E05014879,Roseworth,E06000004,Stockton-on-Tees,E14001518,Stockton North,false,true,
E05014880,Southern Villages,E06000004,Stockton-on-Tees,E14001519,Stockton West,false,true,
E05014881,Stainsby Hill,E06000004,Stockton-on-Tees,E14001367,Middlesbrough and Thornaby East,true,true,3.1343
E05014881,Stainsby Hill,E06000004,Stockton-on-Tees,E14001519,Stockton West,true,false,0.1032
E05014882,Stockton Town Centre,E06000004,Stockton-on-Tees,E14001518,Stockton North,false,true,
E05014883,Village,E06000004,Stockton-on-Tees,E14001519,Stockton West,true,true,2.3156
E05014883,Village,E06000004,Stockton-on-Tees,E14001367,Middlesbrough and Thornaby East,true,false,0.3631
E05014884,Yarm,E06000004,Stockton-on-Tees,E14001519,Stockton West,false,true,
E05014885,Bare,E07000121,Lancaster,E14001372,Morecambe and Lunesdale,false,true,
E05014886,Bolton & Slyne,E07000121,Lancaster,E14001372,Morecambe and Lunesdale,false,true,
E05014887,Bowerham,E07000121,Lancaster,E14001318,Lancaster and Wyre,false,true,
E05014888,Bulk,E07000121,Lancaster,E14001318,Lancaster and Wyre,false,true,
E05014889,Carnforth & Millhead,E07000121,Lancaster,E14001372,Morecambe and Lunesdale,false,true,
E05014890,Castle,E07000121,Lancaster,E14001318,Lancaster and Wyre,false,true,
E05014891,Ellel,E07000121,Lancaster,E14001318,Lancaster and Wyre,false,true,
E05014892,Halton-with-Aughton & Kellet,E07000121,Lancaster,E14001372,Morecambe and Lunesdale,false,true,
E05014893,Heysham Central,E07000121,Lancaster,E14001372,Morecambe and Lunesdale,false,true,
E05014894,Heysham North,E07000121,Lancaster,E14001372,Morecambe and Lunesdale,false,true,
E05014895,Heysham South,E07000121,Lancaster,E14001372,Morecambe and Lunesdale,false,true,
E05014896,John O'Gaunt,E07000121,Lancaster,E14001318,Lancaster and Wyre,false,true,
E05014897,Lower Lune Valley,E07000121,Lancaster,E14001372,Morecambe and Lunesdale,false,true,
E05014898,Marsh,E07000121,Lancaster,E14001318,Lancaster and Wyre,false,true,
E05014899,Overton,E07000121,Lancaster,E14001372,Morecambe and Lunesdale,false,true,
E05014900,Poulton,E07000121,Lancaster,E14001372,Morecambe and Lunesdale,false,true,
E05014901,Scale Hall,E07000121,Lancaster,E14001318,Lancaster and Wyre,false,true,
E05014902,Scotforth East,E07000121,Lancaster,E14001318,Lancaster and Wyre,false,true,
E05014903,Scotforth West,E07000121,Lancaster,E14001318,Lancaster and Wyre,false,true,
E05014904,Silverdale,E07000121,Lancaster,E14001372,Morecambe and Lunesdale,false,true,
E05014905,Skerton,E07000121,Lancaster,E14001318,Lancaster and Wyre,true,true,1.5358
E05014905,Skerton,E07000121,Lancaster,E14001372,Morecambe and Lunesdale,true,false,1.2956
E05014906,Torrisholme,E07000121,Lancaster,E14001372,Morecambe and Lunesdale,false,true,
E05014907,University,E07000121,Lancaster,E14001318,Lancaster and Wyre,false,true,
E05014908,Upper Lune Valley,E07000121,Lancaster,E14001372,Morecambe and Lunesdale,false,true,
E05014909,Warton,E07000121,Lancaster,E14001372,Morecambe and Lunesdale,false,true,
E05014910,West End,E07000121,Lancaster,E14001372,Morecambe and Lunesdale,false,true,
E05014911,Westgate,E07000121,Lancaster,E14001372,Morecambe and Lunesdale,false,true,
E05014912,Chalk,E07000109,Gravesham,E14001254,Gravesham,false,true,
E05014913,Coldharbour & Perry Street,E07000109,Gravesham,E14001254,Gravesham,false,true,
E05014914,Denton,E07000109,Gravesham,E14001254,Gravesham,false,true,
E05014915,Higham & Shorne,E07000109,Gravesham,E14001254,Gravesham,false,true,
E05014916,"Istead Rise, Cobham & Luddesdown",E07000109,Gravesham,E14001254,Gravesham,false,true,
E05014917,Meopham North,E07000109,Gravesham,E14001254,Gravesham,false,true,
E05014918,Meopham South & Vigo,E07000109,Gravesham,E14001254,Gravesham,false,true,
E05014919,Northfleet & Springhead,E07000109,Gravesham,E14001254,Gravesham,false,true,
E05014920,Painters Ash,E07000109,Gravesham,E14001254,Gravesham,false,true,
E05014921,Pelham,E07000109,Gravesham,E14001254,Gravesham,false,true,
E05014922,Riverview Park,E07000109,Gravesham,E14001254,Gravesham,false,true,
E05014923,Rosherville,E07000109,Gravesham,E14001254,Gravesham,false,true,
E05014924,Singlewell,E07000109,Gravesham,E14001254,Gravesham,false,true,
E05014925,Town,E07000109,Gravesham,E14001254,Gravesham,false,true,
E05014926,Westcourt,E07000109,Gravesham,E14001254,Gravesham,false,true,
E05014927,Whitehill & Windmill Hill,E07000109,Gravesham,E14001254,Gravesham,false,true,
E05014928,Woodlands,E07000109,Gravesham,E14001254,Gravesham,false,true,
E05014929,Aughton & Holborn,E07000127,West Lancashire,E14001577,West Lancashire,false,true,
E05014930,Burscough Bridge & Rufford,E07000127,West Lancashire,E14001577,West Lancashire,true,true,30.6857
E05014930,Burscough Bridge & Rufford,E07000127,West Lancashire,E14001504,Southport,true,false,19.4476
E05014931,Burscough Town,E07000127,West Lancashire,E14001577,West Lancashire,false,true,
E05014932,North Meols & Hesketh Bank,E07000127,West Lancashire,E14001504,Southport,false,true,
E05014933,Old Skelmersdale,E07000127,West Lancashire,E14001577,West Lancashire,false,true,
E05014934,Ormskirk East,E07000127,West Lancashire,E14001577,West Lancashire,false,true,
E05014935,Ormskirk West,E07000127,West Lancashire,E14001577,West Lancashire,false,true,
E05014936,Rural North East,E07000127,West Lancashire,E14001577,West Lancashire,false,true,
E05014937,Rural South,E07000127,West Lancashire,E14001577,West Lancashire,false,true,
E05014938,Rural West,E07000127,West Lancashire,E14001577,West Lancashire,false,true,
E05014939,Skelmersdale North,E07000127,West Lancashire,E14001577,West Lancashire,false,true,
E05014940,Skelmersdale South,E07000127,West Lancashire,E14001577,West Lancashire,false,true,
E05014941,Tanhouse & Skelmersdale Town Centre,E07000127,West Lancashire,E14001577,West Lancashire,false,true,
E05014942,Tarleton Village,E07000127,West Lancashire,E14001504,Southport,false,true,
E05014943,Up Holland,E07000127,West Lancashire,E14001577,West Lancashire,false,true,
E05014944,Ash South,E07000209,Guildford,E14001258,Guildford,false,true,
E05014945,Ash Vale,E07000209,Guildford,E14001258,Guildford,false,true,
E05014946,Ash Wharf,E07000209,Guildford,E14001258,Guildford,false,true,
E05014947,Bellfields & Slyfield,E07000209,Guildford,E14001258,Guildford,false,true,
E05014948,Burpham,E07000209,Guildford,E14001258,Guildford,false,true,
E05014949,Castle,E07000209,Guildford,E14001258,Guildford,false,true,
E05014950,Clandon & Horsley,E07000209,Guildford,E14001258,Guildford,false,true,
E05014951,Effingham,E07000209,Guildford,E14001258,Guildford,false,true,
E05014952,Merrow,E07000209,Guildford,E14001258,Guildford,false,true,
E05014953,Normandy & Pirbright,E07000209,Guildford,E14001532,Surrey Heath,false,true,
E05014954,Onslow,E07000209,Guildford,E14001258,Guildford,false,true,
E05014955,Pilgrims,E07000209,Guildford,E14001249,Godalming and Ash,false,true,
E05014956,Send & Lovelace,E07000209,Guildford,E14001258,Guildford,false,true,
E05014957,Shalford,E07000209,Guildford,E14001249,Godalming and Ash,false,true,
E05014958,St Nicolas,E07000209,Guildford,E14001258,Guildford,false,true,
E05014959,Stoke,E07000209,Guildford,E14001258,Guildford,false,true,
E05014960,Stoughton North,E07000209,Guildford,E14001258,Guildford,false,true,
E05014961,Stoughton South,E07000209,Guildford,E14001258,Guildford,false,true,
E05014962,Tillingbourne,E07000209,Guildford,E14001249,Godalming and Ash,false,true,
E05014963,Westborough,E07000209,Guildford,E14001258,Guildford,false,true,
E05014964,Worplesdon,E07000209,Guildford,E14001258,Guildford,false,true,
E05014965,Abbey,E07000176,Rushcliffe,E14001457,Rushcliffe,false,true,
E05014966,Bingham North,E07000176,Rushcliffe,E14001375,Newark,false,true,
E05014967,Bingham South,E07000176,Rushcliffe,E14001375,Newark,false,true,
E05014968,Bunny,E07000176,Rushcliffe,E14001457,Rushcliffe,false,true,
E05014969,Compton Acres,E07000176,Rushcliffe,E14001457,Rushcliffe,false,true,
E05014970,Cotgrave,E07000176,Rushcliffe,E14001457,Rushcliffe,false,true,
E05014971,Cranmer,E07000176,Rushcliffe,E14001375,Newark,false,true,
E05014972,Cropwell,E07000176,Rushcliffe,E14001457,Rushcliffe,false,true,
E05014973,East Bridgford,E07000176,Rushcliffe,E14001375,Newark,false,true,
E05014974,Edwalton,E07000176,Rushcliffe,E14001457,Rushcliffe,false,true,
E05014975,Gamston,E07000176,Rushcliffe,E14001457,Rushcliffe,false,true,
E05014976,Gotham,E07000176,Rushcliffe,E14001457,Rushcliffe,false,true,
E05014977,Keyworth & Wolds,E07000176,Rushcliffe,E14001457,Rushcliffe,false,true,
E05014978,Lady Bay,E07000176,Rushcliffe,E14001457,Rushcliffe,false,true,
E05014979,Leake,E07000176,Rushcliffe,E14001457,Rushcliffe,false,true,
E05014980,Lutterell,E07000176,Rushcliffe,E14001457,Rushcliffe,false,true,
E05014981,Musters,E07000176,Rushcliffe,E14001457,Rushcliffe,false,true,
E05014982,Nevile & Langar,E07000176,Rushcliffe,E14001457,Rushcliffe,true,true,52.2014
E05014982,Nevile & Langar,E07000176,Rushcliffe,E14001375,Newark,true,false,6.0328
E05014983,Newton,E07000176,Rushcliffe,E14001375,Newark,true,true,15.2103
E05014983,Newton,E07000176,Rushcliffe,E14001457,Rushcliffe,true,false,1.8273
E05014984,Radcliffe on Trent,E07000176,Rushcliffe,E14001457,Rushcliffe,false,true,
E05014985,Ruddington,E07000176,Rushcliffe,E14001457,Rushcliffe,false,true,
E05014986,Soar Valley,E07000176,Rushcliffe,E14001457,Rushcliffe,false,true,
E05014987,Tollerton,E07000176,Rushcliffe,E14001457,Rushcliffe,false,true,
E05014988,Trent Bridge,E07000176,Rushcliffe,E14001457,Rushcliffe,false,true,
E05014989,Abram,E08000010,Wigan,E14001350,Makerfield,false,true,
E05014990,Ashton-in-Makerfield South,E08000010,Wigan,E14001350,Makerfield,false,true,
E05014991,"Aspull, New Springs & Whelley",E08000010,Wigan,E14001585,Wigan,false,true,
E05014992,Astley,E08000010,Wigan,E14001598,Worsley and Eccles,true,true,15.0654
E05014992,Astley,E08000010,Wigan,E14001329,Leigh and Atherton,true,false,1.1693
E05014993,Atherton North,E08000010,Wigan,E14001329,Leigh and Atherton,false,true,
E05014994,Atherton South & Lilford,E08000010,Wigan,E14001329,Leigh and Atherton,false,true,
E05014995,Bryn with Ashton-in-Makerfield North,E08000010,Wigan,E14001350,Makerfield,false,true,
E05014996,Douglas,E08000010,Wigan,E14001585,Wigan,false,true,
E05014997,Golborne & Lowton West,E08000010,Wigan,E14001329,Leigh and Atherton,true,true,8.1196
E05014997,Golborne & Lowton West,E08000010,Wigan,E14001350,Makerfield,true,false,1.5598
E05014998,Hindley,E08000010,Wigan,E14001350,Makerfield,true,true,5.0952
E05014998,Hindley,E08000010,Wigan,E14001585,Wigan,true,false,0.0
E05014999,Hindley Green,E08000010,Wigan,E14001350,Makerfield,true,true,3.8462
E05014999,Hindley Green,E08000010,Wigan,E14001329,Leigh and Atherton,true,false,0.0261
E05015000,Ince,E08000010,Wigan,E14001585,Wigan,true,true,4.7505
E05015000,Ince,E08000010,Wigan,E14001350,Makerfield,true,false,0.076
E05015001,Leigh Central & Higher Folds,E08000010,Wigan,E14001329,Leigh and Atherton,false,true,
E05015002,Leigh South,E08000010,Wigan,E14001329,Leigh and Atherton,true,true,6.3461
E05015002,Leigh South,E08000010,Wigan,E14001598,Worsley and Eccles,true,false,0.0
E05015003,Leigh West,E08000010,Wigan,E14001329,Leigh and Atherton,true,true,6.8339
E05015003,Leigh West,E08000010,Wigan,E14001350,Makerfield,true,false,1.1021
E05015004,Lowton East,E08000010,Wigan,E14001329,Leigh and Atherton,false,true,
E05015005,Orrell,E08000010,Wigan,E14001350,Makerfield,false,true,
E05015006,Pemberton,E08000010,Wigan,E14001585,Wigan,false,true,
E05015007,Shevington with Lower Ground & Moor,E08000010,Wigan,E14001585,Wigan,false,true,
E05015008,Standish with Langtree,E08000010,Wigan,E14001585,Wigan,false,true,
E05015009,Tyldesley & Mosley Common,E08000010,Wigan,E14001329,Leigh and Atherton,true,true,4.0562
E05015009,Tyldesley & Mosley Common,E08000010,Wigan,E14001598,Worsley and Eccles,true,false,2.4865
E05015010,Wigan Central,E08000010,Wigan,E14001585,Wigan,false,true,
E05015011,Wigan West,E08000010,Wigan,E14001585,Wigan,false,true,
E05015012,Winstanley,E08000010,Wigan,E14001350,Makerfield,false,true,
E05015013,Worsley Mesnes,E08000010,Wigan,E14001350,Makerfield,false,true,
E05015014,Bramhall North,E08000007,Stockport,E14001158,Cheadle,false,true,
E05015015,Bramhall South & Woodford,E08000007,Stockport,E14001158,Cheadle,false,true,
E05015016,Bredbury & Woodley,E08000007,Stockport,E14001277,Hazel Grove,false,true,
E05015017,Bredbury Green & Romiley,E08000007,Stockport,E14001277,Hazel Grove,false,true,
E05015018,Brinnington & Stockport Central,E08000007,Stockport,E14001517,Stockport,false,true,
E05015019,Cheadle East & Cheadle Hulme North,E08000007,Stockport,E14001158,Cheadle,true,true,3.0901
E05015019,Cheadle East & Cheadle Hulme North,E08000007,Stockport,E14001517,Stockport,true,false,1.61
E05015020,Cheadle Hulme South,E08000007,Stockport,E14001158,Cheadle,false,true,
E05015021,Cheadle West & Gatley,E08000007,Stockport,E14001158,Cheadle,false,true,
E05015022,Davenport & Cale Green,E08000007,Stockport,E14001517,Stockport,true,true,2.5614
E05015022,Davenport & Cale Green,E08000007,Stockport,E14001158,Cheadle,true,false,0.4523
E05015023,Edgeley,E08000007,Stockport,E14001517,Stockport,false,true,
E05015024,Hazel Grove,E08000007,Stockport,E14001277,Hazel Grove,true,true,4.058
E05015024,Hazel Grove,E08000007,Stockport,E14001158,Cheadle,true,false,0.0741
E05015025,Heald Green,E08000007,Stockport,E14001158,Cheadle,false,true,
E05015026,Heatons North,E08000007,Stockport,E14001517,Stockport,false,true,
E05015027,Heatons South,E08000007,Stockport,E14001517,Stockport,false,true,
E05015028,Manor,E08000007,Stockport,E14001277,Hazel Grove,false,true,
E05015029,Marple North,E08000007,Stockport,E14001277,Hazel Grove,false,true,
E05015030,Marple South & High Lane,E08000007,Stockport,E14001277,Hazel Grove,false,true,
E05015031,Norbury & Woodsmoor,E08000007,Stockport,E14001158,Cheadle,true,true,3.1383
E05015031,Norbury & Woodsmoor,E08000007,Stockport,E14001277,Hazel Grove,true,false,1.3093
E05015032,Offerton,E08000007,Stockport,E14001277,Hazel Grove,true,true,2.6864
E05015032,Offerton,E08000007,Stockport,E14001158,Cheadle,true,false,0.9221
E05015033,Reddish North,E08000007,Stockport,E14001517,Stockport,false,true,
E05015034,Reddish South,E08000007,Stockport,E14001517,Stockport,false,true,
E05015035,Aylesford North & North Downs,E07000115,Tonbridge and Malling,E14001157,Chatham and Aylesford,true,true,24.4639
E05015035,Aylesford North & North Downs,E07000115,Tonbridge and Malling,E14001349,Maidstone and Malling,true,false,0.9871
E05015036,Aylesford South & Ditton,E07000115,Tonbridge and Malling,E14001349,Maidstone and Malling,false,true,
E05015037,"Birling, Leybourne & Ryarsh",E07000115,Tonbridge and Malling,E14001549,Tonbridge,true,true,10.3181
E05015037,"Birling, Leybourne & Ryarsh",E07000115,Tonbridge and Malling,E14001349,Maidstone and Malling,true,false,3.0177
E05015038,Borough Green & Platt,E07000115,Tonbridge and Malling,E14001549,Tonbridge,false,true,
E05015039,Bourne,E07000115,Tonbridge and Malling,E14001549,Tonbridge,false,true,
E05015040,Cage Green & Angel,E07000115,Tonbridge and Malling,E14001549,Tonbridge,false,true,
E05015041,"East and West Peckham, Mereworth & Wateringbury",E07000115,Tonbridge and Malling,E14001549,Tonbridge,false,true,
E05015042,"East Malling, West Malling & Offham",E07000115,Tonbridge and Malling,E14001349,Maidstone and Malling,true,true,10.9459
E05015042,"East Malling, West Malling & Offham",E07000115,Tonbridge and Malling,E14001549,Tonbridge,true,false,8.0491
E05015043,Higham,E07000115,Tonbridge and Malling,E14001549,Tonbridge,false,true,
E05015044,Hildenborough,E07000115,Tonbridge and Malling,E14001549,Tonbridge,false,true,
E05015045,Judd,E07000115,Tonbridge and Malling,E14001549,Tonbridge,false,true,
E05015046,Kings Hill,E07000115,Tonbridge and Malling,E14001349,Maidstone and Malling,false,true,
E05015047,Larkfield,E07000115,Tonbridge and Malling,E14001157,Chatham and Aylesford,false,true,
E05015048,Pilgrims with Ightham,E07000115,Tonbridge and Malling,E14001549,Tonbridge,false,true,
E05015049,Snodland East & Ham Hill,E07000115,Tonbridge and Malling,E14001157,Chatham and Aylesford,false,true,
E05015050,Snodland West & Holborough Lakes,E07000115,Tonbridge and Malling,E14001157,Chatham and Aylesford,false,true,
E05015051,Trench,E07000115,Tonbridge and Malling,E14001549,Tonbridge,false,true,
E05015052,Vauxhall,E07000115,Tonbridge and Malling,E14001549,Tonbridge,false,true,
E05015053,Walderslade,E07000115,Tonbridge and Malling,E14001157,Chatham and Aylesford,false,true,
E05015054,Bilbrook,E07000196,South Staffordshire,E14001316,Kingswinford and South Staffordshire,false,true,
E05015055,"Brewood, Coven & Blymhill",E07000196,South Staffordshire,E14001523,"Stone, Great Wyrley and Penkridge",false,true,
E05015056,Cheslyn Hay Village,E07000196,South Staffordshire,E14001523,"Stone, Great Wyrley and Penkridge",false,true,
E05015057,Codsall,E07000196,South Staffordshire,E14001316,Kingswinford and South Staffordshire,false,true,
E05015058,Essington,E07000196,South Staffordshire,E14001523,"Stone, Great Wyrley and Penkridge",false,true,
E05015059,"Featherstone, Sharehill & Saredon",E07000196,South Staffordshire,E14001523,"Stone, Great Wyrley and Penkridge",false,true,
E05015060,Great Wyrley Landywood,E07000196,South Staffordshire,E14001523,"Stone, Great Wyrley and Penkridge",false,true,
E05015061,Great Wyrley Town,E07000196,South Staffordshire,E14001523,"Stone, Great Wyrley and Penkridge",false,true,
E05015062,Himley & Swindon,E07000196,South Staffordshire,E14001316,Kingswinford and South Staffordshire,false,true,
E05015063,Huntington & Hatherton,E07000196,South Staffordshire,E14001523,"Stone, Great Wyrley and Penkridge",false,true,
E05015064,Kinver & Enville,E07000196,South Staffordshire,E14001316,Kingswinford and South Staffordshire,false,true,
E05015065,"Lapley, Stretton & Wheaton Aston",E07000196,South Staffordshire,E14001523,"Stone, Great Wyrley and Penkridge",false,true,
E05015066,"Pattingham, Trysull, Bobbington & Lower Penn",E07000196,South Staffordshire,E14001316,Kingswinford and South Staffordshire,false,true,
E05015067,Penkridge North & Acton Trussell,E07000196,South Staffordshire,E14001523,"Stone, Great Wyrley and Penkridge",false,true,
E05015068,Penkridge South & Gailey,E07000196,South Staffordshire,E14001523,"Stone, Great Wyrley and Penkridge",false,true,
E05015069,Perton East,E07000196,South Staffordshire,E14001316,Kingswinford and South Staffordshire,false,true,
E05015070,Perton Lakeside,E07000196,South Staffordshire,E14001316,Kingswinford and South Staffordshire,false,true,
E05015071,Perton Wrottesley,E07000196,South Staffordshire,E14001316,Kingswinford and South Staffordshire,false,true,
E05015072,Wombourne North,E07000196,South Staffordshire,E14001316,Kingswinford and South Staffordshire,false,true,
E05015073,Wombourne South,E07000196,South Staffordshire,E14001316,Kingswinford and South Staffordshire,false,true,
E05015074,Ashby Central,E06000013,North Lincolnshire,E14001462,Scunthorpe,false,true,
E05015075,Ashby Lakeside,E06000013,North Lincolnshire,E14001462,Scunthorpe,false,true,
E05015076,Axholme Central,E06000013,North Lincolnshire,E14001199,Doncaster East and the Isle of Axholme,false,true,
E05015077,Axholme North,E06000013,North Lincolnshire,E14001199,Doncaster East and the Isle of Axholme,false,true,
E05015078,Axholme South,E06000013,North Lincolnshire,E14001199,Doncaster East and the Isle of Axholme,false,true,
E05015079,Barton,E06000013,North Lincolnshire,E14001128,Brigg and Immingham,false,true,
E05015080,Bottesford,E06000013,North Lincolnshire,E14001462,Scunthorpe,false,true,
E05015081,Brigg & Wolds,E06000013,North Lincolnshire,E14001128,Brigg and Immingham,true,true,101.398
E05015081,Brigg & Wolds,E06000013,North Lincolnshire,E14001462,Scunthorpe,true,false,20.3528
E05015081,Brigg & Wolds,E06000013,North Lincolnshire,E14001128,Brigg and Immingham,true,false,0.0
E05015081,Brigg & Wolds,E06000013,North Lincolnshire,E14001462,Scunthorpe,true,false,0.0
E05015082,Broughton & Scawby,E06000013,North Lincolnshire,E14001128,Brigg and Immingham,true,true,25.8573
E05015082,Broughton & Scawby,E06000013,North Lincolnshire,E14001462,Scunthorpe,true,false,14.5021
E05015083,Brumby,E06000013,North Lincolnshire,E14001462,Scunthorpe,false,true,
E05015084,Burringham & Gunness,E06000013,North Lincolnshire,E14001462,Scunthorpe,false,true,
E05015085,Burton upon Stather & Winterton,E06000013,North Lincolnshire,E14001462,Scunthorpe,true,true,99.0206
E05015085,Burton upon Stather & Winterton,E06000013,North Lincolnshire,E14001128,Brigg and Immingham,true,false,42.2194
E05015086,Crosby & Park,E06000013,North Lincolnshire,E14001462,Scunthorpe,false,true,
E05015087,Ferry,E06000013,North Lincolnshire,E14001128,Brigg and Immingham,false,true,
E05015088,Frodingham,E06000013,North Lincolnshire,E14001462,Scunthorpe,false,true,
E05015089,Kingsway with Lincoln Gardens,E06000013,North Lincolnshire,E14001462,Scunthorpe,false,true,
E05015090,Messingham,E06000013,North Lincolnshire,E14001462,Scunthorpe,false,true,
E05015091,Ridge,E06000013,North Lincolnshire,E14001462,Scunthorpe,false,true,
E05015092,Town,E06000013,North Lincolnshire,E14001462,Scunthorpe,false,true,
E05015093,Auriol,E07000208,Epsom and Ewell,E14001227,Epsom and Ewell,false,true,
E05015094,College,E07000208,Epsom and Ewell,E14001227,Epsom and Ewell,false,true,
E05015095,Court,E07000208,Epsom and Ewell,E14001227,Epsom and Ewell,false,true,
E05015096,Cuddington,E07000208,Epsom and Ewell,E14001227,Epsom and Ewell,false,true,
E05015097,Ewell Court,E07000208,Epsom and Ewell,E14001227,Epsom and Ewell,false,true,
E05015098,Ewell Village,E07000208,Epsom and Ewell,E14001227,Epsom and Ewell,false,true,
E05015099,Horton,E07000208,Epsom and Ewell,E14001227,Epsom and Ewell,false,true,
E05015100,Nonsuch,E07000208,Epsom and Ewell,E14001227,Epsom and Ewell,false,true,
E05015101,Ruxley,E07000208,Epsom and Ewell,E14001227,Epsom and Ewell,false,true,
E05015102,Stamford,E07000208,Epsom and Ewell,E14001227,Epsom and Ewell,false,true,
E05015103,Stoneleigh,E07000208,Epsom and Ewell,E14001227,Epsom and Ewell,false,true,
E05015104,Town,E07000208,Epsom and Ewell,E14001227,Epsom and Ewell,false,true,
E05015105,West Ewell,E07000208,Epsom and Ewell,E14001227,Epsom and Ewell,false,true,
E05015106,Woodcote & Langley Vale,E07000208,Epsom and Ewell,E14001227,Epsom and Ewell,false,true,
E05015107,Alcester East,E07000221,Stratford-on-Avon,E14001526,Stratford-on-Avon,false,true,
E05015108,Alcester West,E07000221,Stratford-on-Avon,E14001526,Stratford-on-Avon,false,true,
E05015109,Bidford East,E07000221,Stratford-on-Avon,E14001526,Stratford-on-Avon,false,true,
E05015110,Bidford West,E07000221,Stratford-on-Avon,E14001526,Stratford-on-Avon,false,true,
E05015111,"Bishop's Itchington, Fenny Compton & Napton",E07000221,Stratford-on-Avon,E14001309,Kenilworth and Southam,false,true,
E05015112,Brailes & Compton,E07000221,Stratford-on-Avon,E14001526,Stratford-on-Avon,false,true,
E05015113,Claverdon & Snitterfield,E07000221,Stratford-on-Avon,E14001526,Stratford-on-Avon,false,true,
E05015114,"Gaydon, Kineton & Upper Lighthorne",E07000221,Stratford-on-Avon,E14001309,Kenilworth and Southam,false,true,
E05015115,Harbury,E07000221,Stratford-on-Avon,E14001309,Kenilworth and Southam,false,true,
E05015116,Henley-in-Arden,E07000221,Stratford-on-Avon,E14001526,Stratford-on-Avon,false,true,
E05015117,Kinwarton,E07000221,Stratford-on-Avon,E14001526,Stratford-on-Avon,false,true,
E05015118,Long Marston,E07000221,Stratford-on-Avon,E14001526,Stratford-on-Avon,false,true,
E05015119,Quinton,E07000221,Stratford-on-Avon,E14001526,Stratford-on-Avon,false,true,
E05015120,Salford Priors & Alcester Rural,E07000221,Stratford-on-Avon,E14001526,Stratford-on-Avon,false,true,
E05015121,Shipston North,E07000221,Stratford-on-Avon,E14001526,Stratford-on-Avon,false,true,
E05015122,Shipston South,E07000221,Stratford-on-Avon,E14001526,Stratford-on-Avon,false,true,
E05015123,"Southam East, Central & Stockton",E07000221,Stratford-on-Avon,E14001309,Kenilworth and Southam,false,true,
E05015124,Southam North & Long Itchington,E07000221,Stratford-on-Avon,E14001309,Kenilworth and Southam,false,true,
E05015125,Southam South,E07000221,Stratford-on-Avon,E14001309,Kenilworth and Southam,false,true,
E05015126,Southam West,E07000221,Stratford-on-Avon,E14001309,Kenilworth and Southam,false,true,
E05015127,Stratford Avenue,E07000221,Stratford-on-Avon,E14001526,Stratford-on-Avon,false,true,
E05015128,Stratford Bishopton,E07000221,Stratford-on-Avon,E14001526,Stratford-on-Avon,false,true,
E05015129,Stratford Clopton,E07000221,Stratford-on-Avon,E14001526,Stratford-on-Avon,false,true,
E05015130,Stratford Guildhall & Bridgetown,E07000221,Stratford-on-Avon,E14001526,Stratford-on-Avon,false,true,
E05015131,Stratford Hathaway,E07000221,Stratford-on-Avon,E14001526,Stratford-on-Avon,false,true,
E05015132,Stratford Orchard Hill,E07000221,Stratford-on-Avon,E14001526,Stratford-on-Avon,false,true,
E05015133,Stratford Shottery,E07000221,Stratford-on-Avon,E14001526,Stratford-on-Avon,false,true,
E05015134,Stratford Tiddington,E07000221,Stratford-on-Avon,E14001526,Stratford-on-Avon,false,true,
E05015135,Stratford Welcombe,E07000221,Stratford-on-Avon,E14001526,Stratford-on-Avon,false,true,
E05015136,Studley North,E07000221,Stratford-on-Avon,E14001526,Stratford-on-Avon,false,true,
E05015137,Studley South,E07000221,Stratford-on-Avon,E14001526,Stratford-on-Avon,false,true,
E05015138,Tanworth-in-Arden,E07000221,Stratford-on-Avon,E14001526,Stratford-on-Avon,false,true,
E05015139,Tredington,E07000221,Stratford-on-Avon,E14001526,Stratford-on-Avon,false,true,
E05015140,Tysoe,E07000221,Stratford-on-Avon,E14001309,Kenilworth and Southam,true,true,47.513
E05015140,Tysoe,E07000221,Stratford-on-Avon,E14001526,Stratford-on-Avon,true,false,31.5157
E05015141,Welford-on-Avon,E07000221,Stratford-on-Avon,E14001526,Stratford-on-Avon,false,true,
E05015142,Wellesbourne East & Rural,E07000221,Stratford-on-Avon,E14001309,Kenilworth and Southam,true,true,23.352
E05015142,Wellesbourne East & Rural,E07000221,Stratford-on-Avon,E14001526,Stratford-on-Avon,true,false,6.473
E05015143,Wellesbourne North & Rural,E07000221,Stratford-on-Avon,E14001309,Kenilworth and Southam,true,true,22.5403
E05015143,Wellesbourne North & Rural,E07000221,Stratford-on-Avon,E14001526,Stratford-on-Avon,true,false,22.3679
E05015144,Wellesbourne South,E07000221,Stratford-on-Avon,E14001309,Kenilworth and Southam,false,true,
E05015145,Wootton Wawen,E07000221,Stratford-on-Avon,E14001526,Stratford-on-Avon,false,true,
E05015146,"Alfold, Dunsfold & Hascombe",E07000216,Waverley,E14001249,Godalming and Ash,false,true,
E05015147,Bramley & Wonersh,E07000216,Waverley,E14001249,Godalming and Ash,false,true,
E05015148,Chiddingfold,E07000216,Waverley,E14001249,Godalming and Ash,false,true,
E05015149,Cranleigh East,E07000216,Waverley,E14001249,Godalming and Ash,false,true,
E05015150,Cranleigh West,E07000216,Waverley,E14001249,Godalming and Ash,false,true,
E05015151,Elstead & Peper Harow,E07000216,Waverley,E14001249,Godalming and Ash,false,true,
E05015152,Ewhurst & Ellens Green,E07000216,Waverley,E14001201,Dorking and Horley,true,true,16.3611
E05015152,Ewhurst & Ellens Green,E07000216,Waverley,E14001249,Godalming and Ash,true,false,7.4254
E05015153,Farnham Bourne,E07000216,Waverley,E14001234,Farnham and Bordon,false,true,
E05015154,Farnham Castle,E07000216,Waverley,E14001234,Farnham and Bordon,false,true,
E05015155,Farnham Firgrove,E07000216,Waverley,E14001234,Farnham and Bordon,false,true,
E05015156,Farnham Heath End,E07000216,Waverley,E14001234,Farnham and Bordon,false,true,
E05015157,Farnham Moor Park,E07000216,Waverley,E14001234,Farnham and Bordon,false,true,
E05015158,Farnham North West,E07000216,Waverley,E14001234,Farnham and Bordon,false,true,
E05015159,Farnham Rowledge,E07000216,Waverley,E14001234,Farnham and Bordon,false,true,
E05015160,Farnham Weybourne,E07000216,Waverley,E14001234,Farnham and Bordon,false,true,
E05015161,Godalming Binscombe & Charterhouse,E07000216,Waverley,E14001249,Godalming and Ash,false,true,
E05015162,Godalming Central & Ockford,E07000216,Waverley,E14001249,Godalming and Ash,false,true,
E05015163,Godalming Farncombe & Catteshall,E07000216,Waverley,E14001249,Godalming and Ash,false,true,
E05015164,Godalming Holloway,E07000216,Waverley,E14001249,Godalming and Ash,false,true,
E05015165,Haslemere East,E07000216,Waverley,E14001234,Farnham and Bordon,false,true,
E05015166,Haslemere West,E07000216,Waverley,E14001234,Farnham and Bordon,false,true,
E05015167,Hindhead & Beacon Hill,E07000216,Waverley,E14001234,Farnham and Bordon,false,true,
E05015168,Milford & Witley,E07000216,Waverley,E14001249,Godalming and Ash,false,true,
E05015169,Western Commons,E07000216,Waverley,E14001234,Farnham and Bordon,true,true,33.4759
E05015169,Western Commons,E07000216,Waverley,E14001249,Godalming and Ash,true,false,19.8516
E05015170,Brampton East & Boythorpe,E07000034,Chesterfield,E14001165,Chesterfield,false,true,
E05015171,Brampton West & Loundsley Green,E07000034,Chesterfield,E14001165,Chesterfield,false,true,
E05015172,Brimington North,E07000034,Chesterfield,E14001165,Chesterfield,false,true,
E05015173,Brimington South,E07000034,Chesterfield,E14001165,Chesterfield,false,true,
E05015174,Brockwell,E07000034,Chesterfield,E14001165,Chesterfield,false,true,
E05015175,Dunston,E07000034,Chesterfield,E14001165,Chesterfield,false,true,
E05015176,Hasland,E07000034,Chesterfield,E14001165,Chesterfield,false,true,
E05015177,Linacre,E07000034,Chesterfield,E14001165,Chesterfield,false,true,
E05015178,Rother,E07000034,Chesterfield,E14001165,Chesterfield,false,true,
E05015179,Spire,E07000034,Chesterfield,E14001165,Chesterfield,false,true,
E05015180,Staveley Central,E07000034,Chesterfield,E14001165,Chesterfield,true,true,3.342
E05015180,Staveley Central,E07000034,Chesterfield,E14001391,North East Derbyshire,true,false,0.5145
E05015181,Staveley North,E07000034,Chesterfield,E14001391,North East Derbyshire,false,true,
E05015182,Staveley South,E07000034,Chesterfield,E14001165,Chesterfield,false,true,
E05015183,Walton,E07000034,Chesterfield,E14001165,Chesterfield,false,true,
E05015184,Whittington,E07000034,Chesterfield,E14001165,Chesterfield,true,true,4.4829
E05015184,Whittington,E07000034,Chesterfield,E14001391,North East Derbyshire,true,false,2.6873
E05015185,Whittington Moor,E07000034,Chesterfield,E14001165,Chesterfield,false,true,
E05015186,Anchorsholme,E06000009,Blackpool,E14001104,Blackpool North and Fleetwood,false,true,
E05015187,Bispham,E06000009,Blackpool,E14001104,Blackpool North and Fleetwood,false,true,
E05015188,Bloomfield,E06000009,Blackpool,E14001105,Blackpool South,false,true,
E05015189,Brunswick,E06000009,Blackpool,E14001105,Blackpool South,false,true,
E05015190,Claremont,E06000009,Blackpool,E14001105,Blackpool South,false,true,
E05015191,Clifton,E06000009,Blackpool,E14001105,Blackpool South,false,true,
E05015192,Greenlands,E06000009,Blackpool,E14001104,Blackpool North and Fleetwood,true,true,2.0511
E05015192,Greenlands,E06000009,Blackpool,E14001105,Blackpool South,true,false,0.0505
E05015193,Hawes Side,E06000009,Blackpool,E14001105,Blackpool South,false,true,
E05015194,Highfield,E06000009,Blackpool,E14001105,Blackpool South,false,true,
E05015195,Ingthorpe,E06000009,Blackpool,E14001104,Blackpool North and Fleetwood,false,true,
E05015196,Layton,E06000009,Blackpool,E14001105,Blackpool South,false,true,
E05015197,Marton,E06000009,Blackpool,E14001105,Blackpool South,false,true,
E05015198,Norbreck,E06000009,Blackpool,E14001104,Blackpool North and Fleetwood,false,true,
E05015199,Park,E06000009,Blackpool,E14001105,Blackpool South,false,true,
E05015200,Squires Gate,E06000009,Blackpool,E14001105,Blackpool South,false,true,
E05015201,Stanley,E06000009,Blackpool,E14001105,Blackpool South,false,true,
E05015202,Talbot,E06000009,Blackpool,E14001105,Blackpool South,false,true,
E05015203,Tyldesley,E06000009,Blackpool,E14001105,Blackpool South,false,true,
E05015204,Victoria,E06000009,Blackpool,E14001105,Blackpool South,false,true,
E05015205,Warbreck,E06000009,Blackpool,E14001105,Blackpool South,true,true,1.6729
E05015205,Warbreck,E06000009,Blackpool,E14001104,Blackpool North and Fleetwood,true,false,0.7306
E05015206,Waterloo,E06000009,Blackpool,E14001105,Blackpool South,false,true,
E05015207,Admaston & Bratton,E06000020,Telford and Wrekin,E14001543,The Wrekin,false,true,
E05015208,Apley Castle,E06000020,Telford and Wrekin,E14001543,The Wrekin,false,true,
E05015209,Arleston & College,E06000020,Telford and Wrekin,E14001543,The Wrekin,false,true,
E05015210,Brookside,E06000020,Telford and Wrekin,E14001541,Telford,false,true,
E05015211,Church Aston & Lilleshall,E06000020,Telford and Wrekin,E14001543,The Wrekin,false,true,
E05015212,Dawley & Aqueduct,E06000020,Telford and Wrekin,E14001541,Telford,false,true,
E05015213,Donnington,E06000020,Telford and Wrekin,E14001543,The Wrekin,true,true,3.3647
E05015213,Donnington,E06000020,Telford and Wrekin,E14001541,Telford,true,false,0.1394
E05015214,Edgmond,E06000020,Telford and Wrekin,E14001543,The Wrekin,false,true,
E05015215,Ercall,E06000020,Telford and Wrekin,E14001543,The Wrekin,false,true,
E05015216,Ercall Magna,E06000020,Telford and Wrekin,E14001543,The Wrekin,false,true,
E05015217,Hadley & Leegomery,E06000020,Telford and Wrekin,E14001543,The Wrekin,false,true,
E05015218,Haygate & Park,E06000020,Telford and Wrekin,E14001543,The Wrekin,false,true,
E05015219,Horsehay & Lightmoor,E06000020,Telford and Wrekin,E14001541,Telford,false,true,
E05015220,Ironbridge Gorge,E06000020,Telford and Wrekin,E14001541,Telford,false,true,
E05015221,Ketley,E06000020,Telford and Wrekin,E14001541,Telford,false,true,
E05015222,Lawley,E06000020,Telford and Wrekin,E14001541,Telford,true,true,1.7532
E05015222,Lawley,E06000020,Telford and Wrekin,E14001543,The Wrekin,true,false,1.0698
E05015223,Madeley & Sutton Hill,E06000020,Telford and Wrekin,E14001541,Telford,false,true,
E05015224,Malinslee & Dawley Bank,E06000020,Telford and Wrekin,E14001541,Telford,false,true,
E05015225,Muxton,E06000020,Telford and Wrekin,E14001543,The Wrekin,false,true,
E05015226,Newport East,E06000020,Telford and Wrekin,E14001543,The Wrekin,false,true,
E05015227,Newport North,E06000020,Telford and Wrekin,E14001543,The Wrekin,false,true,
E05015228,Newport South,E06000020,Telford and Wrekin,E14001543,The Wrekin,false,true,
E05015229,Newport West,E06000020,Telford and Wrekin,E14001543,The Wrekin,false,true,
E05015230,Oakengates & Ketley Bank,E06000020,Telford and Wrekin,E14001541,Telford,false,true,
E05015231,Overdale & The Rock,E06000020,Telford and Wrekin,E14001541,Telford,false,true,
E05015232,Priorslee,E06000020,Telford and Wrekin,E14001541,Telford,false,true,
E05015233,Shawbirch & Dothill,E06000020,Telford and Wrekin,E14001543,The Wrekin,false,true,
E05015234,St Georges,E06000020,Telford and Wrekin,E14001541,Telford,false,true,
E05015235,The Nedge,E06000020,Telford and Wrekin,E14001541,Telford,false,true,
E05015236,Woodside,E06000020,Telford and Wrekin,E14001541,Telford,false,true,
E05015237,Wrockwardine,E06000020,Telford and Wrekin,E14001543,The Wrekin,false,true,
E05015238,Wrockwardine Wood & Trench,E06000020,Telford and Wrekin,E14001541,Telford,false,true,
E05015239,Altrincham,E08000009,Trafford,E14001065,Altrincham and Sale West,false,true,
E05015240,Ashton upon Mersey,E08000009,Trafford,E14001065,Altrincham and Sale West,false,true,
E05015241,Bowdon,E08000009,Trafford,E14001065,Altrincham and Sale West,false,true,
E05015242,Broadheath,E08000009,Trafford,E14001065,Altrincham and Sale West,false,true,
E05015243,Brooklands,E08000009,Trafford,E14001602,Wythenshawe and Sale East,false,true,
E05015244,Bucklow-St Martins,E08000009,Trafford,E14001528,Stretford and Urmston,false,true,
E05015245,Davyhulme,E08000009,Trafford,E14001528,Stretford and Urmston,false,true,
E05015246,Flixton,E08000009,Trafford,E14001528,Stretford and Urmston,false,true,
E05015247,Gorse Hill & Cornbrook,E08000009,Trafford,E14001528,Stretford and Urmston,false,true,
E05015248,Hale,E08000009,Trafford,E14001065,Altrincham and Sale West,false,true,
E05015249,Hale Barns & Timperley South,E08000009,Trafford,E14001065,Altrincham and Sale West,false,true,
E05015250,Longford,E08000009,Trafford,E14001528,Stretford and Urmston,false,true,
E05015251,Lostock & Barton,E08000009,Trafford,E14001528,Stretford and Urmston,false,true,
E05015252,Manor,E08000009,Trafford,E14001065,Altrincham and Sale West,false,true,
E05015253,Old Trafford,E08000009,Trafford,E14001528,Stretford and Urmston,false,true,
E05015254,Sale Central,E08000009,Trafford,E14001602,Wythenshawe and Sale East,false,true,
E05015255,Sale Moor,E08000009,Trafford,E14001602,Wythenshawe and Sale East,false,true,
E05015256,Stretford & Humphrey Park,E08000009,Trafford,E14001528,Stretford and Urmston,false,true,
E05015257,Timperley Central,E08000009,Trafford,E14001065,Altrincham and Sale West,false,true,
E05015258,Timperley North,E08000009,Trafford,E14001065,Altrincham and Sale West,false,true,
E05015259,Urmston,E08000009,Trafford,E14001528,Stretford and Urmston,false,true,
E05015260,Blaby,E07000129,Blaby,E14001488,South Leicestershire,false,true,
E05015261,Braunstone Millfield,E07000129,Blaby,E14001364,Mid Leicestershire,false,true,
E05015262,Braunstone Ravenhurst,E07000129,Blaby,E14001364,Mid Leicestershire,false,true,
E05015263,Cosby & South Whetstone,E07000129,Blaby,E14001488,South Leicestershire,false,true,
E05015264,Countesthorpe,E07000129,Blaby,E14001488,South Leicestershire,false,true,
E05015265,Enderby,E07000129,Blaby,E14001488,South Leicestershire,false,true,
E05015266,Fosse Highcross,E07000129,Blaby,E14001488,South Leicestershire,false,true,
E05015267,Fosse Normanton,E07000129,Blaby,E14001488,South Leicestershire,false,true,
E05015268,Fosse Stoney Cove,E07000129,Blaby,E14001488,South Leicestershire,false,true,
E05015269,Glen Parva,E07000129,Blaby,E14001488,South Leicestershire,false,true,
E05015270,Glenfield Ellis,E07000129,Blaby,E14001364,Mid Leicestershire,false,true,
E05015271,Glenfield Faire,E07000129,Blaby,E14001364,Mid Leicestershire,false,true,
E05015272,Kirby Muxloe,E07000129,Blaby,E14001364,Mid Leicestershire,false,true,
E05015273,Leicester Forest & Lubbesthorpe,E07000129,Blaby,E14001488,South Leicestershire,true,true,6.32
E05015273,Leicester Forest & Lubbesthorpe,E07000129,Blaby,E14001364,Mid Leicestershire,true,false,2.1765
E05015274,Narborough & Littlethorpe,E07000129,Blaby,E14001488,South Leicestershire,false,true,
E05015275,North Whetstone,E07000129,Blaby,E14001488,South Leicestershire,false,true,
E05015276,Thorpe Astley & St Mary's,E07000129,Blaby,E14001364,Mid Leicestershire,false,true,
E05015277,Aigburth,E08000012,Liverpool,E14001340,Liverpool Wavertree,true,true,3.4802
E05015277,Aigburth,E08000012,Liverpool,E14001337,Liverpool Garston,true,false,0.0492
E05015278,Allerton,E08000012,Liverpool,E14001337,Liverpool Garston,false,true,
E05015279,Anfield,E08000012,Liverpool,E14001338,Liverpool Riverside,true,true,2.0744
E05015279,Anfield,E08000012,Liverpool,E14001341,Liverpool West Derby,true,false,0.0651
E05015280,Arundel,E08000012,Liverpool,E14001340,Liverpool Wavertree,false,true,
E05015281,Belle Vale,E08000012,Liverpool,E14001337,Liverpool Garston,false,true,
E05015282,Broadgreen,E08000012,Liverpool,E14001341,Liverpool West Derby,false,true,
E05015283,Brownlow Hill,E08000012,Liverpool,E14001338,Liverpool Riverside,false,true,
E05015284,Calderstones,E08000012,Liverpool,E14001337,Liverpool Garston,false,true,
E05015285,Canning,E08000012,Liverpool,E14001338,Liverpool Riverside,true,true,0.9661
E05015285,Canning,E08000012,Liverpool,E14001340,Liverpool Wavertree,true,false,0.1377
E05015286,Childwall,E08000012,Liverpool,E14001340,Liverpool Wavertree,true,true,2.4797
E05015286,Childwall,E08000012,Liverpool,E14001337,Liverpool Garston,true,false,0.2378
E05015287,Church,E08000012,Liverpool,E14001340,Liverpool Wavertree,true,true,0.9084
E05015287,Church,E08000012,Liverpool,E14001337,Liverpool Garston,true,false,0.2095
E05015288,City Centre North,E08000012,Liverpool,E14001338,Liverpool Riverside,false,true,
E05015289,City Centre South,E08000012,Liverpool,E14001338,Liverpool Riverside,false,true,
E05015290,Clubmoor East,E08000012,Liverpool,E14001339,Liverpool Walton,false,true,
E05015291,Clubmoor West,E08000012,Liverpool,E14001339,Liverpool Walton,false,true,
E05015292,County,E08000012,Liverpool,E14001339,Liverpool Walton,false,true,
E05015293,Croxteth,E08000012,Liverpool,E14001339,Liverpool Walton,false,true,
E05015294,Croxteth Country Park,E08000012,Liverpool,E14001339,Liverpool Walton,false,true,
E05015295,Dingle,E08000012,Liverpool,E14001338,Liverpool Riverside,false,true,
E05015296,Edge Hill,E08000012,Liverpool,E14001340,Liverpool Wavertree,true,true,1.2089
E05015296,Edge Hill,E08000012,Liverpool,E14001338,Liverpool Riverside,true,false,0.0388
E05015297,Everton East,E08000012,Liverpool,E14001338,Liverpool Riverside,true,true,0.9183
E05015297,Everton East,E08000012,Liverpool,E14001340,Liverpool Wavertree,true,false,0.1765
E05015298,Everton North,E08000012,Liverpool,E14001338,Liverpool Riverside,false,true,
E05015299,Everton West,E08000012,Liverpool,E14001338,Liverpool Riverside,false,true,
E05015300,Fazakerley East,E08000012,Liverpool,E14001339,Liverpool Walton,false,true,
E05015301,Fazakerley North,E08000012,Liverpool,E14001339,Liverpool Walton,false,true,
E05015302,Fazakerley West,E08000012,Liverpool,E14001339,Liverpool Walton,false,true,
E05015303,Festival Gardens,E08000012,Liverpool,E14001340,Liverpool Wavertree,true,true,3.2494
E05015303,Festival Gardens,E08000012,Liverpool,E14001338,Liverpool Riverside,true,false,1.8304
E05015304,Garston,E08000012,Liverpool,E14001337,Liverpool Garston,false,true,
E05015305,Gateacre,E08000012,Liverpool,E14001337,Liverpool Garston,true,true,1.3798
E05015305,Gateacre,E08000012,Liverpool,E14001340,Liverpool Wavertree,true,false,0.1886
E05015306,Grassendale & Cressington,E08000012,Liverpool,E14001337,Liverpool Garston,false,true,
E05015307,Greenbank Park,E08000012,Liverpool,E14001340,Liverpool Wavertree,false,true,
E05015308,Kensington & Fairfield,E08000012,Liverpool,E14001340,Liverpool Wavertree,true,true,1.8279
E05015308,Kensington & Fairfield,E08000012,Liverpool,E14001341,Liverpool West Derby,true,false,0.4805
E05015308,Kensington & Fairfield,E08000012,Liverpool,E14001338,Liverpool Riverside,true,false,0.2163
E05015309,Kirkdale East,E08000012,Liverpool,E14001338,Liverpool Riverside,false,true,
E05015310,Kirkdale West,E08000012,Liverpool,E14001338,Liverpool Riverside,false,true,
E05015311,Knotty Ash & Dovecot Park,E08000012,Liverpool,E14001341,Liverpool West Derby,false,true,
E05015312,Mossley Hill,E08000012,Liverpool,E14001340,Liverpool Wavertree,true,true,1.1604
E05015312,Mossley Hill,E08000012,Liverpool,E14001337,Liverpool Garston,true,false,0.1581
E05015313,Much Woolton & Hunts Cross,E08000012,Liverpool,E14001337,Liverpool Garston,false,true,
E05015314,Norris Green,E08000012,Liverpool,E14001339,Liverpool Walton,false,true,
E05015315,Old Swan East,E08000012,Liverpool,E14001341,Liverpool West Derby,false,true,
E05015316,Old Swan West,E08000012,Liverpool,E14001341,Liverpool West Derby,true,true,1.279
E05015316,Old Swan West,E08000012,Liverpool,E14001340,Liverpool Wavertree,true,false,0.6027
E05015317,Orrell Park,E08000012,Liverpool,E14001339,Liverpool Walton,false,true,
E05015318,Penny Lane,E08000012,Liverpool,E14001337,Liverpool Garston,true,true,0.5974
E05015318,Penny Lane,E08000012,Liverpool,E14001340,Liverpool Wavertree,true,false,0.1294
E05015319,Princes Park,E08000012,Liverpool,E14001338,Liverpool Riverside,true,true,1.0696
E05015319,Princes Park,E08000012,Liverpool,E14001340,Liverpool Wavertree,true,false,0.1328
E05015320,Sandfield Park,E08000012,Liverpool,E14001341,Liverpool West Derby,false,true,
E05015321,Sefton Park,E08000012,Liverpool,E14001340,Liverpool Wavertree,true,true,1.5815
E05015321,Sefton Park,E08000012,Liverpool,E14001338,Liverpool Riverside,true,false,0.006
E05015322,Smithdown,E08000012,Liverpool,E14001340,Liverpool Wavertree,false,true,
E05015323,Speke,E08000012,Liverpool,E14001337,Liverpool Garston,false,true,
E05015324,Springwood,E08000012,Liverpool,E14001337,Liverpool Garston,false,true,
E05015325,St Michaels,E08000012,Liverpool,E14001340,Liverpool Wavertree,false,true,
E05015326,Stoneycroft,E08000012,Liverpool,E14001341,Liverpool West Derby,false,true,
E05015327,Toxteth,E08000012,Liverpool,E14001338,Liverpool Riverside,false,true,
E05015328,Tuebrook Breckside Park,E08000012,Liverpool,E14001341,Liverpool West Derby,true,true,0.5898
E05015328,Tuebrook Breckside Park,E08000012,Liverpool,E14001338,Liverpool Riverside,true,false,0.1701
E05015329,Tuebrook Larkhill,E08000012,Liverpool,E14001341,Liverpool West Derby,true,true,0.6389
E05015329,Tuebrook Larkhill,E08000012,Liverpool,E14001339,Liverpool Walton,true,false,0.4352
E05015330,Vauxhall,E08000012,Liverpool,E14001338,Liverpool Riverside,false,true,
E05015331,Walton,E08000012,Liverpool,E14001339,Liverpool Walton,false,true,
E05015332,Waterfront North,E08000012,Liverpool,E14001338,Liverpool Riverside,false,true,
E05015333,Waterfront South,E08000012,Liverpool,E14001338,Liverpool Riverside,false,true,
E05015334,Wavertree Garden Suburb,E08000012,Liverpool,E14001340,Liverpool Wavertree,false,true,
E05015335,Wavertree Village,E08000012,Liverpool,E14001340,Liverpool Wavertree,false,true,
E05015336,West Derby Deysbrook,E08000012,Liverpool,E14001341,Liverpool West Derby,false,true,
E05015337,West Derby Leyfield,E08000012,Liverpool,E14001341,Liverpool West Derby,false,true,
E05015338,West Derby Muirhead,E08000012,Liverpool,E14001341,Liverpool West Derby,true,true,1.5687
E05015338,West Derby Muirhead,E08000012,Liverpool,E14001339,Liverpool Walton,true,false,0.3018
E05015339,Woolton Village,E08000012,Liverpool,E14001337,Liverpool Garston,false,true,
E05015340,Yew Tree,E08000012,Liverpool,E14001341,Liverpool West Derby,false,true,
E05015341,Ashtead Lanes & Common,E07000210,Mole Valley,E14001227,Epsom and Ewell,false,true,
E05015342,Ashtead Park,E07000210,Mole Valley,E14001227,Epsom and Ewell,false,true,
E05015343,Bookham East & Eastwick Park,E07000210,Mole Valley,E14001201,Dorking and Horley,false,true,
E05015344,Bookham West,E07000210,Mole Valley,E14001201,Dorking and Horley,false,true,
E05015345,"Brockham, Betchworth, Buckland, Box Hill & Headley",E07000210,Mole Valley,E14001201,Dorking and Horley,true,true,32.7735
E05015345,"Brockham, Betchworth, Buckland, Box Hill & Headley",E07000210,Mole Valley,E14001227,Epsom and Ewell,true,false,0.2712
E05015346,"Capel, Leigh, Newdigate & Charlwood",E07000210,Mole Valley,E14001201,Dorking and Horley,false,true,
E05015347,Dorking North,E07000210,Mole Valley,E14001201,Dorking and Horley,false,true,
E05015348,Dorking South,E07000210,Mole Valley,E14001201,Dorking and Horley,false,true,
E05015349,Fetcham,E07000210,Mole Valley,E14001201,Dorking and Horley,false,true,
E05015350,Holmwoods & Beare Green,E07000210,Mole Valley,E14001201,Dorking and Horley,false,true,
E05015351,Leatherhead North,E07000210,Mole Valley,E14001227,Epsom and Ewell,false,true,
E05015352,Leatherhead South,E07000210,Mole Valley,E14001227,Epsom and Ewell,false,true,
E05015353,"Mickleham, Westcott & Okewood",E07000210,Mole Valley,E14001201,Dorking and Horley,false,true,
E05015354,"Aston, Datchworth & Walkern",E07000242,East Hertfordshire,E14001393,North East Hertfordshire,true,true,24.2547
E05015354,"Aston, Datchworth & Walkern",E07000242,East Hertfordshire,E14001516,Stevenage,true,false,12.5729
E05015355,Bishop's Stortford All Saints,E07000242,East Hertfordshire,E14001283,Hertford and Stortford,false,true,
E05015356,Bishop's Stortford Central,E07000242,East Hertfordshire,E14001283,Hertford and Stortford,false,true,
E05015357,Bishop's Stortford North,E07000242,East Hertfordshire,E14001283,Hertford and Stortford,false,true,
E05015358,Bishop's Stortford Parsonage,E07000242,East Hertfordshire,E14001283,Hertford and Stortford,false,true,
E05015359,Bishop's Stortford South,E07000242,East Hertfordshire,E14001283,Hertford and Stortford,false,true,
E05015360,Bishop's Stortford Thorley Manor,E07000242,East Hertfordshire,E14001283,Hertford and Stortford,false,true,
E05015361,Braughing & Standon,E07000242,East Hertfordshire,E14001393,North East Hertfordshire,false,true,
E05015362,Buntingford,E07000242,East Hertfordshire,E14001393,North East Hertfordshire,false,true,
E05015363,Great Amwell & Stansteads,E07000242,East Hertfordshire,E14001139,Broxbourne,false,true,
E05015364,Hertford Bengeo,E07000242,East Hertfordshire,E14001283,Hertford and Stortford,false,true,
E05015365,Hertford Castle,E07000242,East Hertfordshire,E14001283,Hertford and Stortford,false,true,
E05015366,Hertford Heath & Brickendon,E07000242,East Hertfordshire,E14001139,Broxbourne,false,true,
E05015367,Hertford Kingsmead,E07000242,East Hertfordshire,E14001283,Hertford and Stortford,false,true,
E05015368,Hertford Rural,E07000242,East Hertfordshire,E14001393,North East Hertfordshire,false,true,
E05015369,Hertford Sele,E07000242,East Hertfordshire,E14001283,Hertford and Stortford,false,true,
E05015370,Hunsdon,E07000242,East Hertfordshire,E14001283,Hertford and Stortford,false,true,
E05015371,Little Hadham & The Pelhams,E07000242,East Hertfordshire,E14001393,North East Hertfordshire,false,true,
E05015372,Much Hadham,E07000242,East Hertfordshire,E14001283,Hertford and Stortford,false,true,
E05015373,Sawbridgeworth,E07000242,East Hertfordshire,E14001283,Hertford and Stortford,false,true,
E05015374,The Mundens,E07000242,East Hertfordshire,E14001393,North East Hertfordshire,false,true,
E05015375,Ware Priory,E07000242,East Hertfordshire,E14001283,Hertford and Stortford,false,true,
E05015376,Ware Rural,E07000242,East Hertfordshire,E14001283,Hertford and Stortford,true,true,16.5621
E05015376,Ware Rural,E07000242,East Hertfordshire,E14001393,North East Hertfordshire,true,false,15.7627
E05015377,Ware St Mary's,E07000242,East Hertfordshire,E14001283,Hertford and Stortford,false,true,
E05015378,Ware Trinity,E07000242,East Hertfordshire,E14001283,Hertford and Stortford,false,true,
E05015379,Watton-at-Stone,E07000242,East Hertfordshire,E14001393,North East Hertfordshire,false,true,
E05015380,"Alfrick, Leigh & Rushwick",E07000235,Malvern Hills,E14001579,West Worcestershire,false,true,
E05015381,Baldwin,E07000235,Malvern Hills,E14001579,West Worcestershire,false,true,
E05015382,Barnards Green,E07000235,Malvern Hills,E14001579,West Worcestershire,false,true,
E05015383,Broadheath,E07000235,Malvern Hills,E14001579,West Worcestershire,false,true,
E05015384,"Castlemorton, Welland & Wells",E07000235,Malvern Hills,E14001579,West Worcestershire,false,true,
E05015385,Great Malvern,E07000235,Malvern Hills,E14001579,West Worcestershire,false,true,
E05015386,Hallow & Holt,E07000235,Malvern Hills,E14001579,West Worcestershire,false,true,
E05015387,Kempsey,E07000235,Malvern Hills,E14001579,West Worcestershire,false,true,
E05015388,Lindridge,E07000235,Malvern Hills,E14001579,West Worcestershire,false,true,
E05015389,Link,E07000235,Malvern Hills,E14001579,West Worcestershire,false,true,
E05015390,Longdon,E07000235,Malvern Hills,E14001579,West Worcestershire,false,true,
E05015391,Martley,E07000235,Malvern Hills,E14001579,West Worcestershire,false,true,
E05015392,Pickersleigh,E07000235,Malvern Hills,E14001579,West Worcestershire,false,true,
E05015393,Powick & the Hanleys,E07000235,Malvern Hills,E14001579,West Worcestershire,false,true,
E05015394,Tenbury,E07000235,Malvern Hills,E14001579,West Worcestershire,false,true,
E05015395,Upper Howsell,E07000235,Malvern Hills,E14001579,West Worcestershire,false,true,
E05015396,Upton & Ripple,E07000235,Malvern Hills,E14001579,West Worcestershire,false,true,
E05015397,West,E07000235,Malvern Hills,E14001579,West Worcestershire,false,true,
E05015398,Brunswick & Adelaide,E06000043,Brighton and Hove,E14001296,Hove and Portslade,false,true,
E05015399,Central Hove,E06000043,Brighton and Hove,E14001296,Hove and Portslade,false,true,
E05015400,Coldean & Stanmer,E06000043,Brighton and Hove,E14001130,Brighton Pavilion,true,true,4.174
E05015400,Coldean & Stanmer,E06000043,Brighton and Hove,E14001129,Brighton Kemptown and Peacehaven,true,false,2.2056
E05015401,Goldsmid,E06000043,Brighton and Hove,E14001296,Hove and Portslade,false,true,
E05015402,Hangleton & Knoll,E06000043,Brighton and Hove,E14001296,Hove and Portslade,false,true,
E05015403,Hanover & Elm Grove,E06000043,Brighton and Hove,E14001130,Brighton Pavilion,true,true,1.203
E05015403,Hanover & Elm Grove,E06000043,Brighton and Hove,E14001129,Brighton Kemptown and Peacehaven,true,false,0.2057
E05015404,Hollingdean & Fiveways,E06000043,Brighton and Hove,E14001130,Brighton Pavilion,false,true,
E05015405,Kemptown,E06000043,Brighton and Hove,E14001129,Brighton Kemptown and Peacehaven,false,true,
E05015406,Moulsecoomb & Bevendean,E06000043,Brighton and Hove,E14001129,Brighton Kemptown and Peacehaven,true,true,3.6243
E05015406,Moulsecoomb & Bevendean,E06000043,Brighton and Hove,E14001130,Brighton Pavilion,true,false,0.3315
E05015407,North Portslade,E06000043,Brighton and Hove,E14001296,Hove and Portslade,false,true,
E05015408,Patcham & Hollingbury,E06000043,Brighton and Hove,E14001130,Brighton Pavilion,false,true,
E05015409,Preston Park,E06000043,Brighton and Hove,E14001130,Brighton Pavilion,false,true,
E05015410,Queen's Park,E06000043,Brighton and Hove,E14001129,Brighton Kemptown and Peacehaven,false,true,
E05015411,Regency,E06000043,Brighton and Hove,E14001130,Brighton Pavilion,false,true,
E05015412,Rottingdean & West Saltdean,E06000043,Brighton and Hove,E14001129,Brighton Kemptown and Peacehaven,false,true,
E05015413,Round Hill,E06000043,Brighton and Hove,E14001130,Brighton Pavilion,false,true,
E05015414,South Portslade,E06000043,Brighton and Hove,E14001296,Hove and Portslade,false,true,
E05015415,West Hill & North Laine,E06000043,Brighton and Hove,E14001130,Brighton Pavilion,false,true,
E05015416,Westbourne & Poets' Corner,E06000043,Brighton and Hove,E14001296,Hove and Portslade,false,true,
E05015417,Westdene & Hove Park,E06000043,Brighton and Hove,E14001130,Brighton Pavilion,true,true,6.4637
E05015417,Westdene & Hove Park,E06000043,Brighton and Hove,E14001296,Hove and Portslade,true,false,3.4506
E05015418,Whitehawk & Marina,E06000043,Brighton and Hove,E14001129,Brighton Kemptown and Peacehaven,false,true,
E05015419,Wish,E06000043,Brighton and Hove,E14001296,Hove and Portslade,false,true,
E05015420,Woodingdean,E06000043,Brighton and Hove,E14001129,Brighton Kemptown and Peacehaven,false,true,
E05015421,Chatteris North & Manea,E07000010,Fenland,E14001390,North East Cambridgeshire,false,true,
E05015422,Chatteris South,E07000010,Fenland,E14001390,North East Cambridgeshire,false,true,
E05015423,Doddington & Wimblington,E07000010,Fenland,E14001390,North East Cambridgeshire,false,true,
E05015424,Elm & Christchurch,E07000010,Fenland,E14001390,North East Cambridgeshire,false,true,
E05015425,Leverington & Wisbech Rural,E07000010,Fenland,E14001390,North East Cambridgeshire,false,true,
E05015426,March East,E07000010,Fenland,E14001390,North East Cambridgeshire,false,true,
E05015427,March North,E07000010,Fenland,E14001390,North East Cambridgeshire,false,true,
E05015428,March South,E07000010,Fenland,E14001390,North East Cambridgeshire,false,true,
E05015429,March West & Benwick,E07000010,Fenland,E14001390,North East Cambridgeshire,false,true,
E05015430,Parson Drove & Wisbech St Mary,E07000010,Fenland,E14001390,North East Cambridgeshire,false,true,
E05015431,Whittlesey East & Villages,E07000010,Fenland,E14001390,North East Cambridgeshire,false,true,
E05015432,Whittlesey Lattersey,E07000010,Fenland,E14001390,North East Cambridgeshire,false,true,
E05015433,Whittlesey North West,E07000010,Fenland,E14001390,North East Cambridgeshire,false,true,
E05015434,Whittlesey South,E07000010,Fenland,E14001390,North East Cambridgeshire,false,true,
E05015435,Wisbech North,E07000010,Fenland,E14001390,North East Cambridgeshire,false,true,
E05015436,Wisbech Riverside,E07000010,Fenland,E14001390,North East Cambridgeshire,false,true,
E05015437,Wisbech South,E07000010,Fenland,E14001390,North East Cambridgeshire,false,true,
E05015438,Wisbech Walsoken & Waterlees,E07000010,Fenland,E14001390,North East Cambridgeshire,false,true,
E05015439,Badsey & Aldington,E07000238,Wychavon,E14001203,Droitwich and Evesham,false,true,
E05015440,Bengeworth,E07000238,Wychavon,E14001203,Droitwich and Evesham,false,true,
E05015441,Bowbrook,E07000238,Wychavon,E14001203,Droitwich and Evesham,false,true,
E05015442,Bredon,E07000238,Wychavon,E14001579,West Worcestershire,false,true,
E05015443,Bredon Hill,E07000238,Wychavon,E14001579,West Worcestershire,false,true,
E05015444,Bretforton & Offenham,E07000238,Wychavon,E14001203,Droitwich and Evesham,false,true,
E05015445,"Broadway, Sedgeberrow & Childswickham",E07000238,Wychavon,E14001203,Droitwich and Evesham,true,true,29.9538
E05015445,"Broadway, Sedgeberrow & Childswickham",E07000238,Wychavon,E14001579,West Worcestershire,true,false,17.4638
E05015446,Dodderhill,E07000238,Wychavon,E14001441,Redditch,true,true,23.3402
E05015446,Dodderhill,E07000238,Wychavon,E14001203,Droitwich and Evesham,true,false,7.3338
E05015447,"Drakes Broughton, Norton & Whittington",E07000238,Wychavon,E14001203,Droitwich and Evesham,false,true,
E05015448,Droitwich East,E07000238,Wychavon,E14001203,Droitwich and Evesham,false,true,
E05015449,Droitwich South East,E07000238,Wychavon,E14001203,Droitwich and Evesham,false,true,
E05015450,Droitwich South West,E07000238,Wychavon,E14001203,Droitwich and Evesham,false,true,
E05015451,Droitwich West,E07000238,Wychavon,E14001203,Droitwich and Evesham,false,true,
E05015452,Eckington,E07000238,Wychavon,E14001579,West Worcestershire,false,true,
E05015453,Evesham North,E07000238,Wychavon,E14001203,Droitwich and Evesham,false,true,
E05015454,Evesham South,E07000238,Wychavon,E14001203,Droitwich and Evesham,false,true,
E05015455,Fladbury,E07000238,Wychavon,E14001203,Droitwich and Evesham,false,true,
E05015456,Hampton,E07000238,Wychavon,E14001203,Droitwich and Evesham,false,true,
E05015457,Hartlebury,E07000238,Wychavon,E14001203,Droitwich and Evesham,false,true,
E05015458,Harvington & Norton,E07000238,Wychavon,E14001441,Redditch,false,true,
E05015459,"Honeybourne, Pebworth & The Littletons",E07000238,Wychavon,E14001203,Droitwich and Evesham,false,true,
E05015460,Inkberrow,E07000238,Wychavon,E14001441,Redditch,true,true,88.4595
E05015460,Inkberrow,E07000238,Wychavon,E14001203,Droitwich and Evesham,true,false,7.6453
E05015461,North Claines & Salwarpe,E07000238,Wychavon,E14001203,Droitwich and Evesham,false,true,
E05015462,Ombersley,E07000238,Wychavon,E14001203,Droitwich and Evesham,false,true,
E05015463,Pershore,E07000238,Wychavon,E14001579,West Worcestershire,false,true,
E05015464,Pinvin,E07000238,Wychavon,E14001203,Droitwich and Evesham,false,true,
E05015465,Upton Snodsbury,E07000238,Wychavon,E14001203,Droitwich and Evesham,false,true,
E05015466,Ebbsfleet,E07000107,Dartford,E14001191,Dartford,false,true,
E05015467,Swanscombe,E07000107,Dartford,E14001191,Dartford,false,true,
E05015468,Marton East,E06000002,Middlesbrough,E14001368,Middlesbrough South and East Cleveland,false,true,
E05015469,Nunthorpe,E06000002,Middlesbrough,E14001368,Middlesbrough South and East Cleveland,false,true,
E05015470,Goat Hall,E07000070,Chelmsford,E14001159,Chelmsford,false,true,
E05015471,Great Baddow East,E07000070,Chelmsford,E14001159,Chelmsford,false,true,
E05015472,Great Baddow West,E07000070,Chelmsford,E14001159,Chelmsford,false,true,
E05015473,Moulsham and Central,E07000070,Chelmsford,E14001159,Chelmsford,false,true,
E05015474,Pocklington Provincial,E06000011,East Riding of Yorkshire,E14001250,Goole and Pocklington,false,true,
E05015475,Wolds Weighton,E06000011,East Riding of Yorkshire,E14001127,Bridlington and the Wolds,true,true,279.3674
E05015475,Wolds Weighton,E06000011,East Riding of Yorkshire,E14001250,Goole and Pocklington,true,false,106.1004
E05015476,Carlton,E07000171,Bassetlaw,E14001079,Bassetlaw,false,true,
E05015477,Worksop North East,E07000171,Bassetlaw,E14001079,Bassetlaw,false,true,
E05015478,Downs West,E07000105,Ashford,E14001570,Weald of Kent,false,true,
E05015479,Goat Lees,E07000105,Ashford,E14001069,Ashford,true,true,0.9027
E05015479,Goat Lees,E07000105,Ashford,E14001570,Weald of Kent,true,false,0.0409
E05015480,Badgeworth,E07000083,Tewkesbury,E14001386,North Cotswolds,false,true,
E05015481,Churchdown Brookfield with Hucclecote,E07000083,Tewkesbury,E14001386,North Cotswolds,true,true,8.7857
E05015481,Churchdown Brookfield with Hucclecote,E07000083,Tewkesbury,E14001542,Tewkesbury,true,false,0.4513
E05015482,Churchdown St John's,E07000083,Tewkesbury,E14001386,North Cotswolds,true,true,4.5712
E05015482,Churchdown St John's,E07000083,Tewkesbury,E14001542,Tewkesbury,true,false,0.0792
E05015483,Cleeve Grange,E07000083,Tewkesbury,E14001542,Tewkesbury,false,true,
E05015484,Cleeve Hill,E07000083,Tewkesbury,E14001542,Tewkesbury,false,true,
E05015485,Innsworth,E07000083,Tewkesbury,E14001542,Tewkesbury,false,true,
E05015486,Isbourne,E07000083,Tewkesbury,E14001542,Tewkesbury,false,true,
E05015487,Tewkesbury East,E07000083,Tewkesbury,E14001542,Tewkesbury,false,true,
E05015488,Bottisham,E07000009,East Cambridgeshire,E14001224,Ely and East Cambridgeshire,false,true,
E05015489,Woodditton,E07000009,East Cambridgeshire,E14001224,Ely and East Cambridgeshire,false,true,
E05015490,Banister & Polygon,E06000045,Southampton,E14001500,Southampton Test,true,true,0.9282
E05015490,Banister & Polygon,E06000045,Southampton,E14001499,Southampton Itchen,true,false,0.5358
E05015491,Bargate,E06000045,Southampton,E14001499,Southampton Itchen,false,true,
E05015492,Bassett,E06000045,Southampton,E14001449,Romsey and Southampton North,true,true,4.5211
E05015492,Bassett,E06000045,Southampton,E14001500,Southampton Test,true,false,0.0083
E05015493,Bevois,E06000045,Southampton,E14001500,Southampton Test,false,true,
E05015494,Bitterne Park,E06000045,Southampton,E14001499,Southampton Itchen,true,true,3.5695
E05015494,Bitterne Park,E06000045,Southampton,E14001449,Romsey and Southampton North,true,false,0.1992
E05015495,Coxford,E06000045,Southampton,E14001500,Southampton Test,false,true,
E05015496,Freemantle,E06000045,Southampton,E14001500,Southampton Test,false,true,
E05015497,Harefield,E06000045,Southampton,E14001499,Southampton Itchen,false,true,
E05015498,Millbrook,E06000045,Southampton,E14001500,Southampton Test,false,true,
E05015499,Peartree,E06000045,Southampton,E14001499,Southampton Itchen,false,true,
E05015500,Portswood,E06000045,Southampton,E14001500,Southampton Test,true,true,2.5976
E05015500,Portswood,E06000045,Southampton,E14001449,Romsey and Southampton North,true,false,0.0375
E05015501,Redbridge,E06000045,Southampton,E14001500,Southampton Test,false,true,
E05015502,Shirley,E06000045,Southampton,E14001500,Southampton Test,false,true,
E05015503,Sholing,E06000045,Southampton,E14001499,Southampton Itchen,false,true,
E05015504,Swaythling,E06000045,Southampton,E14001449,Romsey and Southampton North,true,true,2.7734
E05015504,Swaythling,E06000045,Southampton,E14001500,Southampton Test,true,false,0.2644
E05015505,Thornhill,E06000045,Southampton,E14001499,Southampton Itchen,false,true,
E05015506,Woolston,E06000045,Southampton,E14001499,Southampton Itchen,false,true,
E05015507,Abbey,E06000015,Derby,E14001193,Derby North,true,true,3.0429
E05015507,Abbey,E06000015,Derby,E14001194,Derby South,true,false,0.1111
E05015508,Allestree,E06000015,Derby,E14001362,Mid Derbyshire,false,true,
E05015509,Alvaston North,E06000015,Derby,E14001194,Derby South,false,true,
E05015510,Alvaston South,E06000015,Derby,E14001194,Derby South,false,true,
E05015511,Arboretum,E06000015,Derby,E14001194,Derby South,true,true,2.6252
E05015511,Arboretum,E06000015,Derby,E14001193,Derby North,true,false,0.0221
E05015512,Blagreaves,E06000015,Derby,E14001194,Derby South,false,true,
E05015513,Chaddesden East,E06000015,Derby,E14001193,Derby North,false,true,
E05015514,Chaddesden North,E06000015,Derby,E14001193,Derby North,true,true,2.1546
E05015514,Chaddesden North,E06000015,Derby,E14001362,Mid Derbyshire,true,false,0.3164
E05015515,Chaddesden West,E06000015,Derby,E14001193,Derby North,false,true,
E05015516,Chellaston & Shelton Lock,E06000015,Derby,E14001194,Derby South,false,true,
E05015517,Darley,E06000015,Derby,E14001193,Derby North,true,true,5.1526
E05015517,Darley,E06000015,Derby,E14001194,Derby South,true,false,0.4052
E05015518,Littleover,E06000015,Derby,E14001193,Derby North,false,true,
E05015519,Mackworth & New Zealand,E06000015,Derby,E14001193,Derby North,false,true,
E05015520,Mickleover,E06000015,Derby,E14001193,Derby North,false,true,
E05015521,Normanton,E06000015,Derby,E14001194,Derby South,true,true,2.28
E05015521,Normanton,E06000015,Derby,E14001193,Derby North,true,false,0.2247
E05015522,Oakwood,E06000015,Derby,E14001362,Mid Derbyshire,true,true,2.5386
E05015522,Oakwood,E06000015,Derby,E14001193,Derby North,true,false,0.5034
E05015523,Sinfin & Osmaston,E06000015,Derby,E14001194,Derby South,false,true,
E05015524,Spondon,E06000015,Derby,E14001362,Mid Derbyshire,false,true,
E05015525,Baylis & Salt Hill,E06000039,Slough,E14001477,Slough,false,true,
E05015526,Britwell,E06000039,Slough,E14001477,Slough,false,true,
E05015527,Chalvey,E06000039,Slough,E14001477,Slough,false,true,
E05015528,Cippenham Green,E06000039,Slough,E14001477,Slough,false,true,
E05015529,Cippenham Manor,E06000039,Slough,E14001477,Slough,false,true,
E05015530,Cippenham Village,E06000039,Slough,E14001477,Slough,false,true,
E05015531,Colnbrook & Poyle,E06000039,Slough,E14001588,Windsor,false,true,
E05015532,Elliman,E06000039,Slough,E14001477,Slough,false,true,
E05015533,Farnham,E06000039,Slough,E14001477,Slough,false,true,
E05015534,Haymill,E06000039,Slough,E14001477,Slough,false,true,
E05015535,Herschel Park,E06000039,Slough,E14001477,Slough,false,true,
E05015536,Langley Foxborough,E06000039,Slough,E14001588,Windsor,false,true,
E05015537,Langley Marish,E06000039,Slough,E14001588,Windsor,true,true,1.0389
E05015537,Langley Marish,E06000039,Slough,E14001477,Slough,true,false,0.1593
E05015538,Langley Meads,E06000039,Slough,E14001477,Slough,false,true,
E05015539,Langley St Mary's,E06000039,Slough,E14001477,Slough,true,true,1.2233
E05015539,Langley St Mary's,E06000039,Slough,E14001588,Windsor,true,false,0.0542
E05015540,Manor Park & Stoke,E06000039,Slough,E14001477,Slough,false,true,
E05015541,Northborough & Lynch Hill Valley,E06000039,Slough,E14001477,Slough,false,true,
E05015542,Slough Central,E06000039,Slough,E14001477,Slough,false,true,
E05015543,Upton,E06000039,Slough,E14001477,Slough,false,true,
E05015544,Upton Lea,E06000039,Slough,E14001477,Slough,false,true,
E05015545,Wexham Court,E06000039,Slough,E14001477,Slough,false,true,
E05015546,Barnoldswick,E07000122,Pendle,E14001422,Pendle and Clitheroe,false,true,
E05015547,Earby & Coates,E07000122,Pendle,E14001422,Pendle and Clitheroe,false,true,
E05015548,Aldeburgh & Leiston,E07000244,East Suffolk,E14001530,Suffolk Coastal,false,true,
E05015549,Martlesham & Purdis Farm,E07000244,East Suffolk,E14001530,Suffolk Coastal,false,true,
E05015550,Melton,E07000244,East Suffolk,E14001530,Suffolk Coastal,false,true,
E05015551,Orwell & Villages,E07000244,East Suffolk,E14001530,Suffolk Coastal,false,true,
E05015552,Saxmundham,E07000244,East Suffolk,E14001530,Suffolk Coastal,false,true,
E05015553,Woodbridge,E07000244,East Suffolk,E14001530,Suffolk Coastal,false,true,
E05015554,Chedworth & Churn Valley,E07000079,Cotswold,E14001386,North Cotswolds,false,true,
E05015555,Ermin,E07000079,Cotswold,E14001386,North Cotswolds,false,true,
E05015556,Sandywell,E07000079,Cotswold,E14001386,North Cotswolds,false,true,
E05015557,Stratton,E07000079,Cotswold,E14001482,South Cotswolds,true,true,3.34
E05015557,Stratton,E07000079,Cotswold,E14001386,North Cotswolds,true,false,0.1026
E05015558,Henley-on-Thames,E07000179,South Oxfordshire,E14001280,Henley and Thame,false,true,
E05015559,Woodcote & Rotherfield,E07000179,South Oxfordshire,E14001280,Henley and Thame,false,true,
E05015560,Coltishall,E07000144,Broadland,E14001136,Broadland and Fakenham,false,true,
E05015561,Spixworth with St Faiths,E07000144,Broadland,E14001136,Broadland and Fakenham,false,true,
E05015562,Botley & Sunningwell,E07000180,Vale of White Horse,E14001420,Oxford West and Abingdon,false,true,
E05015563,Kennington & Radley,E07000180,Vale of White Horse,E14001420,Oxford West and Abingdon,false,true,
E05015564,"Awsworth, Cossall & Trowell",E07000172,Broxtowe,E14001140,Broxtowe,true,true,12.8869
E05015564,"Awsworth, Cossall & Trowell",E07000172,Broxtowe,E14001411,Nottingham North and Kimberley,true,false,2.1833
E05015565,Bramcote,E07000172,Broxtowe,E14001140,Broxtowe,false,true,
E05015566,Greasley,E07000172,Broxtowe,E14001140,Broxtowe,false,true,
E05015567,Kimberley,E07000172,Broxtowe,E14001411,Nottingham North and Kimberley,false,true,
E05015568,Nuthall East & Strelley,E07000172,Broxtowe,E14001411,Nottingham North and Kimberley,false,true,
E05015569,Stapleford North,E07000172,Broxtowe,E14001140,Broxtowe,false,true,
E05015570,Stapleford South East,E07000172,Broxtowe,E14001140,Broxtowe,false,true,
E05015571,Crowthorne,E06000036,Bracknell Forest,E14001117,Bracknell,false,true,
E05015572,Harmans Water & Crown Wood,E06000036,Bracknell Forest,E14001117,Bracknell,false,true,
E05015573,Sandhurst,E06000036,Bracknell Forest,E14001117,Bracknell,false,true,
E05015574,Swinley Forest,E06000036,Bracknell Forest,E14001348,Maidenhead,true,true,13.8925
E05015574,Swinley Forest,E06000036,Bracknell Forest,E14001117,Bracknell,true,false,1.0863
E05015575,Whitegrove,E06000036,Bracknell Forest,E14001117,Bracknell,true,true,1.2379
E05015575,Whitegrove,E06000036,Bracknell Forest,E14001348,Maidenhead,true,false,0.4134
E05015576,Winkfield & Warfield East,E06000036,Bracknell Forest,E14001348,Maidenhead,false,true,
E05015577,Iceni,E07000245,West Suffolk,E14001578,West Suffolk,false,true,
E05015578,Manor,E07000245,West Suffolk,E14001578,West Suffolk,false,true,
E05015579,Moreton Hall,E07000245,West Suffolk,E14001146,Bury St Edmunds and Stowmarket,false,true,
E05015580,Rougham,E07000245,West Suffolk,E14001146,Bury St Edmunds and Stowmarket,false,true,
E05015581,Bedhampton,E07000090,Havant,E14001275,Havant,false,true,
E05015582,Cowplain,E07000090,Havant,E14001233,Fareham and Waterlooville,false,true,
E05015583,Emsworth,E07000090,Havant,E14001275,Havant,false,true,
E05015584,Hart Plain,E07000090,Havant,E14001233,Fareham and Waterlooville,false,true,
E05015585,Havant St Faith's,E07000090,Havant,E14001275,Havant,false,true,
E05015586,Hayling East,E07000090,Havant,E14001275,Havant,false,true,
E05015587,Hayling West,E07000090,Havant,E14001275,Havant,false,true,
E05015588,Leigh Park Central & West Leigh,E07000090,Havant,E14001275,Havant,false,true,
E05015589,Leigh Park Hermitage,E07000090,Havant,E14001275,Havant,false,true,
E05015590,Purbrook,E07000090,Havant,E14001275,Havant,false,true,
E05015591,Stakes,E07000090,Havant,E14001275,Havant,false,true,
E05015592,Waterloo,E07000090,Havant,E14001233,Fareham and Waterlooville,false,true,
E05015593,Allington & Bridge,E07000110,Maidstone,E14001349,Maidstone and Malling,false,true,
E05015594,Barming Heath & Teston,E07000110,Maidstone,E14001349,Maidstone and Malling,false,true,
E05015595,Bearsted & Downswood,E07000110,Maidstone,E14001235,Faversham and Mid Kent,false,true,
E05015596,Boughton Monchelsea & Chart Sutton,E07000110,Maidstone,E14001570,Weald of Kent,true,true,18.5811
E05015596,Boughton Monchelsea & Chart Sutton,E07000110,Maidstone,E14001235,Faversham and Mid Kent,true,false,0.1883
E05015597,Boxley Downs,E07000110,Maidstone,E14001235,Faversham and Mid Kent,false,true,
E05015598,Coxheath & Farleigh,E07000110,Maidstone,E14001570,Weald of Kent,false,true,
E05015599,Fant & Oakwood,E07000110,Maidstone,E14001349,Maidstone and Malling,false,true,
E05015600,Grove Green & Vinters Park,E07000110,Maidstone,E14001235,Faversham and Mid Kent,true,true,2.9638
E05015600,Grove Green & Vinters Park,E07000110,Maidstone,E14001349,Maidstone and Malling,true,false,1.073
E05015601,"Harrietsham, Lenham & North Downs",E07000110,Maidstone,E14001235,Faversham and Mid Kent,false,true,
E05015602,Headcorn & Sutton Valence,E07000110,Maidstone,E14001570,Weald of Kent,false,true,
E05015603,High Street,E07000110,Maidstone,E14001349,Maidstone and Malling,false,true,
E05015604,Leeds & Langley,E07000110,Maidstone,E14001235,Faversham and Mid Kent,true,true,15.9906
E05015604,Leeds & Langley,E07000110,Maidstone,E14001570,Weald of Kent,true,false,3.9409
E05015605,Loose & Linton,E07000110,Maidstone,E14001570,Weald of Kent,true,true,10.1589
E05015605,Loose & Linton,E07000110,Maidstone,E14001349,Maidstone and Malling,true,false,1.3974
E05015605,Loose & Linton,E07000110,Maidstone,E14001235,Faversham and Mid Kent,true,false,0.1803
E05015606,Marden & Yalding,E07000110,Maidstone,E14001570,Weald of Kent,false,true,
E05015607,Palace Wood,E07000110,Maidstone,E14001349,Maidstone and Malling,false,true,
E05015608,Park Wood & Mangravet,E07000110,Maidstone,E14001235,Faversham and Mid Kent,false,true,
E05015609,Penenden Heath,E07000110,Maidstone,E14001349,Maidstone and Malling,false,true,
E05015610,Ringlestone,E07000110,Maidstone,E14001349,Maidstone and Malling,false,true,
E05015611,Senacre,E07000110,Maidstone,E14001235,Faversham and Mid Kent,false,true,
E05015612,Shepway,E07000110,Maidstone,E14001235,Faversham and Mid Kent,false,true,
E05015613,Staplehurst,E07000110,Maidstone,E14001570,Weald of Kent,false,true,
E05015614,Tovil,E07000110,Maidstone,E14001349,Maidstone and Malling,false,true,
E05015615,Astwood Bank & Feckenham,E07000236,Redditch,E14001441,Redditch,false,true,
E05015616,Batchley & Brockhill,E07000236,Redditch,E14001441,Redditch,false,true,
E05015617,Central,E07000236,Redditch,E14001441,Redditch,false,true,
E05015618,Greenlands & Lakeside,E07000236,Redditch,E14001441,Redditch,false,true,
E05015619,Headless Cross & Oakenshaw,E07000236,Redditch,E14001441,Redditch,false,true,
E05015620,Matchborough & Woodrow,E07000236,Redditch,E14001441,Redditch,false,true,
E05015621,North,E07000236,Redditch,E14001441,Redditch,false,true,
E05015622,Webheath & Callow Hill,E07000236,Redditch,E14001441,Redditch,false,true,
E05015623,Winyates,E07000236,Redditch,E14001441,Redditch,false,true,
E05015624,Almond Hill,E07000243,Stevenage,E14001516,Stevenage,false,true,
E05015625,Bandley Hill & Poplars,E07000243,Stevenage,E14001516,Stevenage,false,true,
E05015626,Bedwell,E07000243,Stevenage,E14001516,Stevenage,false,true,
E05015627,Chells,E07000243,Stevenage,E14001516,Stevenage,false,true,
E05015628,Longmeadow,E07000243,Stevenage,E14001516,Stevenage,false,true,
E05015629,Manor,E07000243,Stevenage,E14001516,Stevenage,false,true,
E05015630,Martins Wood,E07000243,Stevenage,E14001516,Stevenage,false,true,
E05015631,Old Town,E07000243,Stevenage,E14001516,Stevenage,false,true,
E05015632,Roebuck,E07000243,Stevenage,E14001516,Stevenage,false,true,
E05015633,Shephall,E07000243,Stevenage,E14001516,Stevenage,false,true,
E05015634,St Nicholas,E07000243,Stevenage,E14001516,Stevenage,false,true,
E05015635,Symonds Green,E07000243,Stevenage,E14001516,Stevenage,false,true,
E05015636,Woodfield,E07000243,Stevenage,E14001516,Stevenage,false,true,
E05015637,Billericay East,E07000066,Basildon,E14001077,Basildon and Billericay,false,true,
E05015638,Billericay West,E07000066,Basildon,E14001077,Basildon and Billericay,false,true,
E05015639,Burstead,E07000066,Basildon,E14001077,Basildon and Billericay,false,true,
E05015640,Castledon & Crouch,E07000066,Basildon,E14001077,Basildon and Billericay,true,true,12.2289
E05015640,Castledon & Crouch,E07000066,Basildon,E14001437,Rayleigh and Wickford,true,false,3.8586
E05015641,Fryerns,E07000066,Basildon,E14001077,Basildon and Billericay,false,true,
E05015642,Laindon Park,E07000066,Basildon,E14001077,Basildon and Billericay,false,true,
E05015643,Langdon Hills,E07000066,Basildon,E14001480,South Basildon and East Thurrock,false,true,
E05015644,Lee Chapel North,E07000066,Basildon,E14001077,Basildon and Billericay,false,true,
E05015645,Nethermayne,E07000066,Basildon,E14001480,South Basildon and East Thurrock,true,true,5.5086
E05015645,Nethermayne,E07000066,Basildon,E14001077,Basildon and Billericay,true,false,0.6667
E05015646,Pitsea North West,E07000066,Basildon,E14001480,South Basildon and East Thurrock,false,true,
E05015647,Pitsea South East,E07000066,Basildon,E14001154,Castle Point,true,true,13.0631
E05015647,Pitsea South East,E07000066,Basildon,E14001480,South Basildon and East Thurrock,true,false,4.849
E05015647,Pitsea South East,E07000066,Basildon,E14001077,Basildon and Billericay,true,false,0.2884
E05015648,St Martin's,E07000066,Basildon,E14001077,Basildon and Billericay,false,true,
E05015649,Wickford North,E07000066,Basildon,E14001437,Rayleigh and Wickford,false,true,
E05015650,Wickford Park,E07000066,Basildon,E14001437,Rayleigh and Wickford,false,true,
E05015651,Blackmore & Doddinghurst,E07000068,Brentwood,E14001125,Brentwood and Ongar,false,true,
E05015652,Brentwood North,E07000068,Brentwood,E14001125,Brentwood and Ongar,false,true,
E05015653,Brentwood South,E07000068,Brentwood,E14001125,Brentwood and Ongar,false,true,
E05015654,Brentwood West,E07000068,Brentwood,E14001125,Brentwood and Ongar,false,true,
E05015655,"Brizes, Stondon Massey & South Weald",E07000068,Brentwood,E14001125,Brentwood and Ongar,false,true,
E05015656,"Herongate, Ingrave & West Horndon",E07000068,Brentwood,E14001125,Brentwood and Ongar,false,true,
E05015657,Hutton East,E07000068,Brentwood,E14001125,Brentwood and Ongar,false,true,
E05015658,Hutton North,E07000068,Brentwood,E14001125,Brentwood and Ongar,false,true,
E05015659,Hutton South,E07000068,Brentwood,E14001125,Brentwood and Ongar,false,true,
E05015660,"Ingatestone, Fryerning & Mountnessing",E07000068,Brentwood,E14001125,Brentwood and Ongar,false,true,
E05015661,Pilgrims Hatch,E07000068,Brentwood,E14001125,Brentwood and Ongar,false,true,
E05015662,Shenfield,E07000068,Brentwood,E14001125,Brentwood and Ongar,false,true,
E05015663,Warley,E07000068,Brentwood,E14001125,Brentwood and Ongar,false,true,
E05015664,Avenue,E07000087,Fareham,E14001233,Fareham and Waterlooville,true,true,1.4222
E05015664,Avenue,E07000087,Fareham,E14001263,Hamble Valley,true,false,0.5845
E05015665,Fareham Park,E07000087,Fareham,E14001233,Fareham and Waterlooville,false,true,
E05015666,Fareham Town,E07000087,Fareham,E14001233,Fareham and Waterlooville,false,true,
E05015667,Fort Fareham,E07000087,Fareham,E14001233,Fareham and Waterlooville,false,true,
E05015668,Hill Head,E07000087,Fareham,E14001252,Gosport,false,true,
E05015669,Hook-with-Warsash,E07000087,Fareham,E14001263,Hamble Valley,false,true,
E05015670,Locks Heath,E07000087,Fareham,E14001263,Hamble Valley,false,true,
E05015671,Park Gate,E07000087,Fareham,E14001263,Hamble Valley,false,true,
E05015672,Portchester Castle,E07000087,Fareham,E14001233,Fareham and Waterlooville,false,true,
E05015673,Portchester Wicor,E07000087,Fareham,E14001233,Fareham and Waterlooville,false,true,
E05015674,Sarisbury & Whiteley,E07000087,Fareham,E14001263,Hamble Valley,false,true,
E05015675,Stubbington,E07000087,Fareham,E14001252,Gosport,true,true,7.8066
E05015675,Stubbington,E07000087,Fareham,E14001263,Hamble Valley,true,false,0.6741
E05015676,Titchfield,E07000087,Fareham,E14001263,Hamble Valley,true,true,11.391
E05015676,Titchfield,E07000087,Fareham,E14001233,Fareham and Waterlooville,true,false,0.4116
E05015677,Titchfield Common,E07000087,Fareham,E14001263,Hamble Valley,false,true,
E05015678,Uplands & Funtley,E07000087,Fareham,E14001233,Fareham and Waterlooville,false,true,
E05015679,Wallington & Downend,E07000087,Fareham,E14001233,Fareham and Waterlooville,false,true,
E05015680,Bush Fair,E07000073,Harlow,E14001267,Harlow,false,true,
E05015681,Church Langley North & Newhall,E07000073,Harlow,E14001267,Harlow,false,true,
E05015682,Church Langley South & Potter Street,E07000073,Harlow,E14001267,Harlow,false,true,
E05015683,Great Parndon,E07000073,Harlow,E14001267,Harlow,false,true,
E05015684,Latton Bush & Stewards,E07000073,Harlow,E14001267,Harlow,false,true,
E05015685,Little Parndon & Town Centre,E07000073,Harlow,E14001267,Harlow,false,true,
E05015686,Mark Hall,E07000073,Harlow,E14001267,Harlow,false,true,
E05015687,Netteswell,E07000073,Harlow,E14001267,Harlow,false,true,
E05015688,Old Harlow,E07000073,Harlow,E14001267,Harlow,false,true,
E05015689,Passmores,E07000073,Harlow,E14001267,Harlow,false,true,
E05015690,Sumners & Kingsmoor,E07000073,Harlow,E14001267,Harlow,false,true,
E05015691,Appleton,E07000069,Castle Point,E14001154,Castle Point,false,true,
E05015692,Canvey Island Central,E07000069,Castle Point,E14001154,Castle Point,false,true,
E05015693,Canvey Island East,E07000069,Castle Point,E14001154,Castle Point,false,true,
E05015694,Canvey Island North,E07000069,Castle Point,E14001154,Castle Point,false,true,
E05015695,Canvey Island South,E07000069,Castle Point,E14001154,Castle Point,false,true,
E05015696,Canvey Island Winter Gardens,E07000069,Castle Point,E14001154,Castle Point,false,true,
E05015697,Hadleigh St James,E07000069,Castle Point,E14001154,Castle Point,false,true,
E05015698,St George's,E07000069,Castle Point,E14001154,Castle Point,false,true,
E05015699,St Mary's,E07000069,Castle Point,E14001154,Castle Point,false,true,
E05015700,St Michael's,E07000069,Castle Point,E14001154,Castle Point,false,true,
E05015701,Tarpots,E07000069,Castle Point,E14001154,Castle Point,false,true,
E05015702,Thundersley North,E07000069,Castle Point,E14001154,Castle Point,false,true,
E05015703,Thundersley South,E07000069,Castle Point,E14001154,Castle Point,false,true,
E05015704,All Saints,E07000078,Cheltenham,E14001161,Cheltenham,false,true,
E05015705,Battledown,E07000078,Cheltenham,E14001161,Cheltenham,false,true,
E05015706,"Benhall, the Reddings & Fiddler's Green",E07000078,Cheltenham,E14001161,Cheltenham,false,true,
E05015707,Charlton Kings,E07000078,Cheltenham,E14001161,Cheltenham,false,true,
E05015708,Charlton Park,E07000078,Cheltenham,E14001161,Cheltenham,false,true,
E05015709,College,E07000078,Cheltenham,E14001161,Cheltenham,false,true,
E05015710,Hesters Way,E07000078,Cheltenham,E14001161,Cheltenham,true,true,1.132
E05015710,Hesters Way,E07000078,Cheltenham,E14001542,Tewkesbury,true,false,0.1482
E05015711,Lansdown,E07000078,Cheltenham,E14001161,Cheltenham,false,true,
E05015712,Leckhampton,E07000078,Cheltenham,E14001161,Cheltenham,false,true,
E05015713,Oakley,E07000078,Cheltenham,E14001161,Cheltenham,false,true,
E05015714,Park,E07000078,Cheltenham,E14001161,Cheltenham,false,true,
E05015715,Pittville,E07000078,Cheltenham,E14001161,Cheltenham,true,true,1.6089
E05015715,Pittville,E07000078,Cheltenham,E14001542,Tewkesbury,true,false,0.0143
E05015716,Prestbury,E07000078,Cheltenham,E14001542,Tewkesbury,true,true,4.0735
E05015716,Prestbury,E07000078,Cheltenham,E14001161,Cheltenham,true,false,0.0172
E05015717,Springbank,E07000078,Cheltenham,E14001542,Tewkesbury,false,true,
E05015718,St Mark's,E07000078,Cheltenham,E14001161,Cheltenham,false,true,
E05015719,St Paul's,E07000078,Cheltenham,E14001161,Cheltenham,false,true,
E05015720,St Peter's,E07000078,Cheltenham,E14001161,Cheltenham,false,true,
E05015721,Swindon Village,E07000078,Cheltenham,E14001542,Tewkesbury,false,true,
E05015722,Up Hatherley,E07000078,Cheltenham,E14001161,Cheltenham,false,true,
E05015723,Warden Hill,E07000078,Cheltenham,E14001161,Cheltenham,false,true,
E05015724,Buckhurst Hill East & Whitebridge,E07000072,Epping Forest,E14001226,Epping Forest,false,true,
E05015725,Buckhurst Hill West,E07000072,Epping Forest,E14001226,Epping Forest,false,true,
E05015726,Chigwell with Lambourne,E07000072,Epping Forest,E14001226,Epping Forest,true,true,13.6706
E05015726,Chigwell with Lambourne,E07000072,Epping Forest,E14001125,Brentwood and Ongar,true,false,10.4163
E05015727,Epping East,E07000072,Epping Forest,E14001226,Epping Forest,false,true,
E05015728,Epping West & Rural,E07000072,Epping Forest,E14001226,Epping Forest,false,true,
E05015729,Grange Hill,E07000072,Epping Forest,E14001226,Epping Forest,false,true,
E05015730,Loughton Fairmead,E07000072,Epping Forest,E14001226,Epping Forest,false,true,
E05015731,Loughton Forest,E07000072,Epping Forest,E14001226,Epping Forest,false,true,
E05015732,Loughton Roding,E07000072,Epping Forest,E14001226,Epping Forest,false,true,
E05015733,Loughton St John's,E07000072,Epping Forest,E14001226,Epping Forest,false,true,
E05015734,North Weald Bassett,E07000072,Epping Forest,E14001267,Harlow,true,true,11.2167
E05015734,North Weald Bassett,E07000072,Epping Forest,E14001125,Brentwood and Ongar,true,false,6.608
E05015734,North Weald Bassett,E07000072,Epping Forest,E14001226,Epping Forest,true,false,4.9456
E05015735,Ongar,E07000072,Epping Forest,E14001125,Brentwood and Ongar,false,true,
E05015736,Roydon & Lower Nazeing,E07000072,Epping Forest,E14001267,Harlow,true,true,16.9285
E05015736,Roydon & Lower Nazeing,E07000072,Epping Forest,E14001226,Epping Forest,true,false,2.7494
E05015737,Rural East,E07000072,Epping Forest,E14001125,Brentwood and Ongar,true,true,83.927
E05015737,Rural East,E07000072,Epping Forest,E14001267,Harlow,true,false,21.4826
E05015738,Theydon Bois with Passingford,E07000072,Epping Forest,E14001125,Brentwood and Ongar,true,true,48.1168
E05015738,Theydon Bois with Passingford,E07000072,Epping Forest,E14001226,Epping Forest,true,false,8.3243
E05015739,Waltham Abbey North,E07000072,Epping Forest,E14001226,Epping Forest,false,true,
E05015740,Waltham Abbey South & Rural,E07000072,Epping Forest,E14001226,Epping Forest,false,true,
E05015741,Waltham Abbey West,E07000072,Epping Forest,E14001226,Epping Forest,false,true,
E05015742,Brereton & Ravenhill,E07000192,Cannock Chase,E14001150,Cannock Chase,false,true,
E05015743,Chadsmoor,E07000192,Cannock Chase,E14001150,Cannock Chase,false,true,
E05015744,Cannock Longford & Bridgtown,E07000192,Cannock Chase,E14001150,Cannock Chase,false,true,
E05015745,Cannock Park & Old Fallow,E07000192,Cannock Chase,E14001150,Cannock Chase,false,true,
E05015746,Etching Hill & the Heath,E07000192,Cannock Chase,E14001150,Cannock Chase,false,true,
E05015747,Hawks Green with Rumer Hill,E07000192,Cannock Chase,E14001150,Cannock Chase,false,true,
E05015748,Heath Hayes & Wimblebury,E07000192,Cannock Chase,E14001150,Cannock Chase,false,true,
E05015749,Hednesford Green Heath,E07000192,Cannock Chase,E14001150,Cannock Chase,false,true,
E05015750,Hednesford Hills & Rawnsley,E07000192,Cannock Chase,E14001150,Cannock Chase,false,true,
E05015751,Hednesford Pye Green,E07000192,Cannock Chase,E14001150,Cannock Chase,false,true,
E05015752,Norton Canes,E07000192,Cannock Chase,E14001150,Cannock Chase,false,true,
E05015753,Western Springs,E07000192,Cannock Chase,E14001150,Cannock Chase,false,true,
E05015754,Arbury,E07000099,North Hertfordshire,E14001393,North East Hertfordshire,false,true,
E05015755,Baldock East,E07000099,North Hertfordshire,E14001393,North East Hertfordshire,false,true,
E05015756,Baldock West,E07000099,North Hertfordshire,E14001393,North East Hertfordshire,false,true,
E05015757,Cadwell,E07000099,North Hertfordshire,E14001289,Hitchin,false,true,
E05015758,Codicote & Kimpton,E07000099,North Hertfordshire,E14001289,Hitchin,true,true,14.8604
E05015758,Codicote & Kimpton,E07000099,North Hertfordshire,E14001516,Stevenage,true,false,5.3034
E05015759,Ermine,E07000099,North Hertfordshire,E14001393,North East Hertfordshire,false,true,
E05015760,"Graveley, St Ippolyts & Wymondley",E07000099,North Hertfordshire,E14001289,Hitchin,false,true,
E05015761,Great Ashby,E07000099,North Hertfordshire,E14001289,Hitchin,true,true,0.9813
E05015761,Great Ashby,E07000099,North Hertfordshire,E14001393,North East Hertfordshire,true,false,0.0995
E05015762,Hitchin Bearton,E07000099,North Hertfordshire,E14001289,Hitchin,false,true,
E05015763,Hitchin Highbury,E07000099,North Hertfordshire,E14001289,Hitchin,false,true,
E05015764,Hitchin Oughton,E07000099,North Hertfordshire,E14001289,Hitchin,false,true,
E05015765,Hitchin Priory,E07000099,North Hertfordshire,E14001289,Hitchin,false,true,
E05015766,Hitchin Walsworth,E07000099,North Hertfordshire,E14001289,Hitchin,false,true,
E05015767,Hitchwood,E07000099,North Hertfordshire,E14001289,Hitchin,false,true,
E05015768,Knebworth,E07000099,North Hertfordshire,E14001516,Stevenage,false,true,
E05015769,Letchworth Grange,E07000099,North Hertfordshire,E14001393,North East Hertfordshire,false,true,
E05015770,Letchworth Norton,E07000099,North Hertfordshire,E14001393,North East Hertfordshire,false,true,
E05015771,Letchworth South East,E07000099,North Hertfordshire,E14001393,North East Hertfordshire,false,true,
E05015772,Letchworth South West,E07000099,North Hertfordshire,E14001393,North East Hertfordshire,false,true,
E05015773,Letchworth Wilbury,E07000099,North Hertfordshire,E14001393,North East Hertfordshire,false,true,
E05015774,Offa,E07000099,North Hertfordshire,E14001289,Hitchin,false,true,
E05015775,Royston Heath,E07000099,North Hertfordshire,E14001393,North East Hertfordshire,false,true,
E05015776,Royston Meridian,E07000099,North Hertfordshire,E14001393,North East Hertfordshire,false,true,
E05015777,Royston Palace,E07000099,North Hertfordshire,E14001393,North East Hertfordshire,false,true,
E05015778,Weston & Sandon,E07000099,North Hertfordshire,E14001393,North East Hertfordshire,false,true,
E05015779,Bridport,E06000059,Dorset,E14001575,West Dorset,false,true,
E05015780,Chesil Bank,E06000059,Dorset,E14001575,West Dorset,false,true,
E05015781,Eggardon,E06000059,Dorset,E14001575,West Dorset,false,true,
E05015782,Marshwood Vale,E06000059,Dorset,E14001575,West Dorset,false,true,
E05015783,Barkham & Arborfield,E06000041,Wokingham,E14001593,Wokingham,false,true,
E05015784,Bulmershe & Coronation,E06000041,Wokingham,E14001210,Earley and Woodley,false,true,
E05015785,Emmbrook,E06000041,Wokingham,E14001593,Wokingham,false,true,
E05015786,Evendons,E06000041,Wokingham,E14001593,Wokingham,false,true,
E05015787,Finchampstead,E06000041,Wokingham,E14001593,Wokingham,false,true,
E05015788,Hawkedon,E06000041,Wokingham,E14001210,Earley and Woodley,false,true,
E05015789,Hillside,E06000041,Wokingham,E14001210,Earley and Woodley,false,true,
E05015790,Loddon,E06000041,Wokingham,E14001210,Earley and Woodley,false,true,
E05015791,Maiden Erlegh & Whitegates,E06000041,Wokingham,E14001210,Earley and Woodley,false,true,
E05015792,Norreys,E06000041,Wokingham,E14001593,Wokingham,false,true,
E05015793,Shinfield,E06000041,Wokingham,E14001210,Earley and Woodley,false,true,
E05015794,South Lake,E06000041,Wokingham,E14001210,Earley and Woodley,false,true,
E05015795,Spencers Wood & Swallowfield,E06000041,Wokingham,E14001593,Wokingham,true,true,14.7661
E05015795,Spencers Wood & Swallowfield,E06000041,Wokingham,E14001210,Earley and Woodley,true,false,10.6356
E05015796,Thames,E06000041,Wokingham,E14001593,Wokingham,true,true,28.4092
E05015796,Thames,E06000041,Wokingham,E14001210,Earley and Woodley,true,false,4.7536
E05015797,"Twyford, Ruscombe & Hurst",E06000041,Wokingham,E14001593,Wokingham,false,true,
E05015798,Wescott,E06000041,Wokingham,E14001593,Wokingham,false,true,
E05015799,Winnersh,E06000041,Wokingham,E14001593,Wokingham,false,true,
E05015800,Wokingham Without,E06000041,Wokingham,E14001593,Wokingham,false,true,
E05015801,Marshalswick East & Jersey Farm,E07000240,St Albans,E14001268,Harpenden and Berkhamsted,true,true,1.4113
E05015801,Marshalswick East & Jersey Farm,E07000240,St Albans,E14001507,St Albans,true,false,1.3528
E05015802,Marshalswick West,E07000240,St Albans,E14001507,St Albans,true,true,1.4516
E05015802,Marshalswick West,E07000240,St Albans,E14001268,Harpenden and Berkhamsted,true,false,0.1537
E05015803,"Cranbrook, Sissinghurst & Frittenden",E07000116,Tunbridge Wells,E14001570,Weald of Kent,false,true,
E05015804,Culverden,E07000116,Tunbridge Wells,E14001555,Tunbridge Wells,false,true,
E05015805,Rural Tunbridge Wells,E07000116,Tunbridge Wells,E14001555,Tunbridge Wells,false,true,
E05015806,"Hawkhurst, Sandhurst & Benenden",E07000116,Tunbridge Wells,E14001555,Tunbridge Wells,true,true,44.2285
E05015806,"Hawkhurst, Sandhurst & Benenden",E07000116,Tunbridge Wells,E14001570,Weald of Kent,true,false,27.0833
E05015807,High Brooms,E07000116,Tunbridge Wells,E14001555,Tunbridge Wells,false,true,
E05015808,Paddock Wood,E07000116,Tunbridge Wells,E14001555,Tunbridge Wells,false,true,
E05015809,Pantiles,E07000116,Tunbridge Wells,E14001555,Tunbridge Wells,false,true,
E05015810,Park,E07000116,Tunbridge Wells,E14001555,Tunbridge Wells,false,true,
E05015811,Pembury & Capel,E07000116,Tunbridge Wells,E14001555,Tunbridge Wells,false,true,
E05015812,Rusthall & Speldhurst,E07000116,Tunbridge Wells,E14001555,Tunbridge Wells,false,true,
E05015813,Sherwood,E07000116,Tunbridge Wells,E14001555,Tunbridge Wells,false,true,
E05015814,Southborough & Bidborough,E07000116,Tunbridge Wells,E14001555,Tunbridge Wells,false,true,
E05015815,St James',E07000116,Tunbridge Wells,E14001555,Tunbridge Wells,false,true,
E05015816,St John's,E07000116,Tunbridge Wells,E14001555,Tunbridge Wells,false,true,
E05015817,Bacup,E07000125,Rossendale,E14001450,Rossendale and Darwen,false,true,
E05015818,Britannia & Lee Mill,E07000125,Rossendale,E14001450,Rossendale and Darwen,false,true,
E05015819,Goodshaw & Cribden,E07000125,Rossendale,E14001450,Rossendale and Darwen,false,true,
E05015820,Greenfield & Eden,E07000125,Rossendale,E14001450,Rossendale and Darwen,true,true,20.3028
E05015820,Greenfield & Eden,E07000125,Rossendale,E14001299,Hyndburn,true,false,1.9195
E05015821,Hareholme & Waterfoot,E07000125,Rossendale,E14001450,Rossendale and Darwen,false,true,
E05015822,Haslingden,E07000125,Rossendale,E14001299,Hyndburn,false,true,
E05015823,Helmshore,E07000125,Rossendale,E14001450,Rossendale and Darwen,true,true,18.8496
E05015823,Helmshore,E07000125,Rossendale,E14001299,Hyndburn,true,false,0.131
E05015824,Longholme,E07000125,Rossendale,E14001450,Rossendale and Darwen,true,true,5.4513
E05015824,Longholme,E07000125,Rossendale,E14001299,Hyndburn,true,false,0.0007
E05015825,Whitewell & Stacksteads,E07000125,Rossendale,E14001450,Rossendale and Darwen,false,true,
E05015826,Whitworth,E07000125,Rossendale,E14001450,Rossendale and Darwen,false,true,
E05015827,Arbury,E07000219,Nuneaton and Bedworth,E14001413,Nuneaton,false,true,
E05015828,Attleborough,E07000219,Nuneaton and Bedworth,E14001413,Nuneaton,false,true,
E05015829,Bede,E07000219,Nuneaton and Bedworth,E14001400,North Warwickshire and Bedworth,false,true,
E05015830,Bulkington,E07000219,Nuneaton and Bedworth,E14001453,Rugby,false,true,
E05015831,Camp Hill,E07000219,Nuneaton and Bedworth,E14001413,Nuneaton,false,true,
E05015832,Chilvers Coton,E07000219,Nuneaton and Bedworth,E14001413,Nuneaton,false,true,
E05015833,Eastboro,E07000219,Nuneaton and Bedworth,E14001413,Nuneaton,false,true,
E05015834,Exhall,E07000219,Nuneaton and Bedworth,E14001400,North Warwickshire and Bedworth,false,true,
E05015835,Galley Common,E07000219,Nuneaton and Bedworth,E14001413,Nuneaton,false,true,
E05015836,Heath,E07000219,Nuneaton and Bedworth,E14001400,North Warwickshire and Bedworth,false,true,
E05015837,Milby,E07000219,Nuneaton and Bedworth,E14001413,Nuneaton,false,true,
E05015838,Poplar,E07000219,Nuneaton and Bedworth,E14001400,North Warwickshire and Bedworth,false,true,
E05015839,Slough,E07000219,Nuneaton and Bedworth,E14001400,North Warwickshire and Bedworth,false,true,
E05015840,St Mary's,E07000219,Nuneaton and Bedworth,E14001413,Nuneaton,false,true,
E05015841,St Nicolas,E07000219,Nuneaton and Bedworth,E14001413,Nuneaton,false,true,
E05015842,Stockingford East,E07000219,Nuneaton and Bedworth,E14001413,Nuneaton,false,true,
E05015843,Stockingford West,E07000219,Nuneaton and Bedworth,E14001413,Nuneaton,false,true,
E05015844,Weddington,E07000219,Nuneaton and Bedworth,E14001413,Nuneaton,false,true,
E05015845,Whitestone,E07000219,Nuneaton and Bedworth,E14001413,Nuneaton,true,true,5.2851
E05015845,Whitestone,E07000219,Nuneaton and Bedworth,E14001453,Rugby,true,false,0.8101
E05015846,Hardwicke,E07000082,Stroud,E14001386,North Cotswolds,false,true,
E05015847,Severn,E07000082,Stroud,E14001529,Stroud,true,true,41.4443
E05015847,Severn,E07000082,Stroud,E14001386,North Cotswolds,true,false,0.0373
E05015848,Stonehouse,E07000082,Stroud,E14001529,Stroud,false,true,
E05015849,Arboretum,E07000237,Worcester,E14001597,Worcester,false,true,
E05015850,Battenhall,E07000237,Worcester,E14001597,Worcester,false,true,
E05015851,Cathedral,E07000237,Worcester,E14001597,Worcester,false,true,
E05015852,Claines,E07000237,Worcester,E14001597,Worcester,false,true,
E05015853,Dines Green & Grove Farm,E07000237,Worcester,E14001597,Worcester,false,true,
E05015854,Fort Royal,E07000237,Worcester,E14001597,Worcester,false,true,
E05015855,Leopard Hill,E07000237,Worcester,E14001597,Worcester,false,true,
E05015856,Lower Wick & Pitmaston,E07000237,Worcester,E14001597,Worcester,false,true,
E05015857,Nunnery,E07000237,Worcester,E14001597,Worcester,false,true,
E05015858,Rainbow Hill,E07000237,Worcester,E14001597,Worcester,false,true,
E05015859,St Clement,E07000237,Worcester,E14001597,Worcester,false,true,
E05015860,St John's,E07000237,Worcester,E14001597,Worcester,false,true,
E05015861,St Nicholas,E07000237,Worcester,E14001597,Worcester,false,true,
E05015862,St Peter's Parish,E07000237,Worcester,E14001597,Worcester,false,true,
E05015863,St Stephen,E07000237,Worcester,E14001597,Worcester,false,true,
E05015864,Warndon & Elbury Park,E07000237,Worcester,E14001597,Worcester,false,true,
E05015865,Backworth & Holystone,E08000022,North Tyneside,E14001183,Cramlington and Killingworth,false,true,
E05015866,Battle Hill,E08000022,North Tyneside,E14001378,Newcastle upon Tyne East and Wallsend,true,true,3.1899
E05015866,Battle Hill,E08000022,North Tyneside,E14001183,Cramlington and Killingworth,true,false,1.1336
E05015867,Camperdown,E08000022,North Tyneside,E14001183,Cramlington and Killingworth,true,true,4.3991
E05015867,Camperdown,E08000022,North Tyneside,E14001379,Newcastle upon Tyne North,true,false,0.8649
E05015868,Chirton & Percy Main,E08000022,North Tyneside,E14001557,Tynemouth,false,true,
E05015869,Cullercoats & Whitley Bay South,E08000022,North Tyneside,E14001557,Tynemouth,false,true,
E05015870,Forest Hall,E08000022,North Tyneside,E14001379,Newcastle upon Tyne North,true,true,1.8303
E05015870,Forest Hall,E08000022,North Tyneside,E14001183,Cramlington and Killingworth,true,false,0.9573
E05015871,Howdon,E08000022,North Tyneside,E14001378,Newcastle upon Tyne East and Wallsend,false,true,
E05015872,Killingworth,E08000022,North Tyneside,E14001183,Cramlington and Killingworth,false,true,
E05015873,Longbenton & Benton,E08000022,North Tyneside,E14001379,Newcastle upon Tyne North,false,true,
E05015874,Monkseaton,E08000022,North Tyneside,E14001557,Tynemouth,false,true,
E05015875,New York & Murton,E08000022,North Tyneside,E14001557,Tynemouth,true,true,5.4203
E05015875,New York & Murton,E08000022,North Tyneside,E14001183,Cramlington and Killingworth,true,false,0.2182
E05015876,North Shields,E08000022,North Tyneside,E14001557,Tynemouth,false,true,
E05015877,Preston with Preston Grange,E08000022,North Tyneside,E14001557,Tynemouth,false,true,
E05015878,Shiremoor,E08000022,North Tyneside,E14001183,Cramlington and Killingworth,true,true,2.8487
E05015878,Shiremoor,E08000022,North Tyneside,E14001557,Tynemouth,true,false,0.682
E05015879,St Mary's,E08000022,North Tyneside,E14001557,Tynemouth,true,true,8.1012
E05015880,Tynemouth,E08000022,North Tyneside,E14001557,Tynemouth,false,true,
E05015881,Wallsend Central,E08000022,North Tyneside,E14001378,Newcastle upon Tyne East and Wallsend,false,true,
E05015882,Wallsend North,E08000022,North Tyneside,E14001378,Newcastle upon Tyne East and Wallsend,false,true,
E05015883,Weetslade,E08000022,North Tyneside,E14001183,Cramlington and Killingworth,false,true,
E05015884,Whitley Bay North,E08000022,North Tyneside,E14001557,Tynemouth,false,true,
E05015885,Bletchingley & Nutfield,E07000215,Tandridge,E14001215,East Surrey,false,true,
E05015886,"Burstow, Horne & Outwood",E07000215,Tandridge,E14001215,East Surrey,false,true,
E05015887,Chaldon,E07000215,Tandridge,E14001215,East Surrey,false,true,
E05015888,Dormansland & Felbridge,E07000215,Tandridge,E14001215,East Surrey,false,true,
E05015889,Godstone,E07000215,Tandridge,E14001215,East Surrey,false,true,
E05015890,Harestone,E07000215,Tandridge,E14001215,East Surrey,false,true,
E05015891,Limpsfield,E07000215,Tandridge,E14001215,East Surrey,false,true,
E05015892,"Lingfield, Crowhurst & Tandridge",E07000215,Tandridge,E14001215,East Surrey,false,true,
E05015893,Oxted North,E07000215,Tandridge,E14001215,East Surrey,false,true,
E05015894,Oxted South,E07000215,Tandridge,E14001215,East Surrey,false,true,
E05015895,Portley & Queens Park,E07000215,Tandridge,E14001215,East Surrey,false,true,
E05015896,Tatsfield & Titsey,E07000215,Tandridge,E14001215,East Surrey,false,true,
E05015897,Valley,E07000215,Tandridge,E14001215,East Surrey,false,true,
E05015898,Warlingham East & Chelsham & Farleigh,E07000215,Tandridge,E14001215,East Surrey,false,true,
E05015899,Warlingham West,E07000215,Tandridge,E14001215,East Surrey,false,true,
E05015900,Westway,E07000215,Tandridge,E14001215,East Surrey,false,true,
E05015901,Whyteleafe,E07000215,Tandridge,E14001215,East Surrey,false,true,
E05015902,Woldingham,E07000215,Tandridge,E14001215,East Surrey,false,true,
E05015903,Amblecote,E08000027,Dudley,E14001524,Stourbridge,false,true,
E05015904,Belle Vale,E08000027,Dudley,E14001261,Halesowen,false,true,
E05015905,Brierley Hill & Wordsley South,E08000027,Dudley,E14001524,Stourbridge,false,true,
E05015906,Brockmoor & Pensnett,E08000027,Dudley,E14001204,Dudley,false,true,
E05015907,Castle & Priory,E08000027,Dudley,E14001204,Dudley,false,true,
E05015908,Coseley,E08000027,Dudley,E14001547,Tipton and Wednesbury,true,true,3.2189
E05015908,Coseley,E08000027,Dudley,E14001204,Dudley,true,false,0.0816
E05015909,Cradley North & Wollescote,E08000027,Dudley,E14001261,Halesowen,false,true,
E05015910,Gornal,E08000027,Dudley,E14001204,Dudley,false,true,
E05015911,Halesowen North,E08000027,Dudley,E14001261,Halesowen,false,true,
E05015912,Halesowen South,E08000027,Dudley,E14001261,Halesowen,false,true,
E05015913,Hayley Green & Cradley South,E08000027,Dudley,E14001261,Halesowen,false,true,
E05015914,Kingswinford North & Wall Heath,E08000027,Dudley,E14001316,Kingswinford and South Staffordshire,false,true,
E05015915,Kingswinford South,E08000027,Dudley,E14001316,Kingswinford and South Staffordshire,false,true,
E05015916,Lye & Stourbridge North,E08000027,Dudley,E14001524,Stourbridge,true,true,3.4354
E05015916,Lye & Stourbridge North,E08000027,Dudley,E14001261,Halesowen,true,false,0.0631
E05015917,Netherton & Holly Hall,E08000027,Dudley,E14001524,Stourbridge,false,true,
E05015918,Norton,E08000027,Dudley,E14001524,Stourbridge,false,true,
E05015919,Pedmore & Stourbridge East,E08000027,Dudley,E14001524,Stourbridge,false,true,
E05015920,Quarry Bank & Dudley Wood,E08000027,Dudley,E14001261,Halesowen,false,true,
E05015921,Sedgley,E08000027,Dudley,E14001204,Dudley,false,true,
E05015922,St. James's,E08000027,Dudley,E14001204,Dudley,false,true,
E05015923,St. Thomas's,E08000027,Dudley,E14001204,Dudley,false,true,
E05015924,Upper Gornal & Woodsetton,E08000027,Dudley,E14001204,Dudley,false,true,
E05015925,Wollaston & Stourbridge Town,E08000027,Dudley,E14001524,Stourbridge,false,true,
E05015926,Wordsley North,E08000027,Dudley,E14001316,Kingswinford and South Staffordshire,false,true,
E05015927,Abbey,E06000060,Buckinghamshire,E14001600,Wycombe,false,true,
E05015928,Amersham & Chesham Bois,E06000060,Buckinghamshire,E14001162,Chesham and Amersham,false,true,
E05015929,Aston Clinton & Weston Turville,E06000060,Buckinghamshire,E14001071,Aylesbury,false,true,
E05015930,Aylesbury East,E06000060,Buckinghamshire,E14001071,Aylesbury,false,true,
E05015931,Aylesbury North,E06000060,Buckinghamshire,E14001071,Aylesbury,false,true,
E05015932,Aylesbury North West,E06000060,Buckinghamshire,E14001071,Aylesbury,false,true,
E05015933,Aylesbury South East,E06000060,Buckinghamshire,E14001071,Aylesbury,true,true,2.7969
E05015933,Aylesbury South East,E06000060,Buckinghamshire,E14001360,Mid Buckinghamshire,true,false,0.3498
E05015934,Aylesbury South West,E06000060,Buckinghamshire,E14001071,Aylesbury,false,true,
E05015935,Aylesbury West,E06000060,Buckinghamshire,E14001071,Aylesbury,false,true,
E05015936,Beaconsfield,E06000060,Buckinghamshire,E14001082,Beaconsfield,false,true,
E05015937,"Berryfields, Buckingham Park & Watermead",E06000060,Buckinghamshire,E14001360,Mid Buckinghamshire,true,true,7.8804
E05015937,"Berryfields, Buckingham Park & Watermead",E06000060,Buckinghamshire,E14001071,Aylesbury,true,false,1.8593
E05015938,"Bierton, Kingsbrook & Wing",E06000060,Buckinghamshire,E14001071,Aylesbury,false,true,
E05015939,Booker & Cressex,E06000060,Buckinghamshire,E14001600,Wycombe,false,true,
E05015940,Buckingham,E06000060,Buckinghamshire,E14001141,Buckingham and Bletchley,false,true,
E05015941,Burnham,E06000060,Buckinghamshire,E14001082,Beaconsfield,false,true,
E05015942,Castlefield & Oakridge,E06000060,Buckinghamshire,E14001600,Wycombe,false,true,
E05015943,Chalfont St Giles & Little Chalfont,E06000060,Buckinghamshire,E14001162,Chesham and Amersham,false,true,
E05015944,Chalfont St Peter,E06000060,Buckinghamshire,E14001162,Chesham and Amersham,false,true,
E05015945,Chesham North,E06000060,Buckinghamshire,E14001360,Mid Buckinghamshire,true,true,34.7922
E05015945,Chesham North,E06000060,Buckinghamshire,E14001162,Chesham and Amersham,true,false,14.2188
E05015946,Chesham South,E06000060,Buckinghamshire,E14001162,Chesham and Amersham,true,true,18.219
E05015947,Chiltern Villages,E06000060,Buckinghamshire,E14001600,Wycombe,true,true,76.8388
E05015947,Chiltern Villages,E06000060,Buckinghamshire,E14001082,Beaconsfield,true,false,13.4982
E05015948,Disraeli,E06000060,Buckinghamshire,E14001600,Wycombe,false,true,
E05015949,Downley,E06000060,Buckinghamshire,E14001600,Wycombe,true,true,3.9483
E05015950,Farnhams & Stoke Poges,E06000060,Buckinghamshire,E14001082,Beaconsfield,true,true,38.0848
E05015951,Flackwell Heath & The Wooburns,E06000060,Buckinghamshire,E14001082,Beaconsfield,false,true,
E05015952,Gerrards Cross & Denham,E06000060,Buckinghamshire,E14001082,Beaconsfield,true,true,16.2534
E05015952,Gerrards Cross & Denham,E06000060,Buckinghamshire,E14001162,Chesham and Amersham,true,false,11.9175
E05015953,Grendon Underwood & The Claydons,E06000060,Buckinghamshire,E14001360,Mid Buckinghamshire,true,true,78.1941
E05015953,Grendon Underwood & The Claydons,E06000060,Buckinghamshire,E14001141,Buckingham and Bletchley,true,false,44.2196
E05015954,Haddenham & Stone,E06000060,Buckinghamshire,E14001360,Mid Buckinghamshire,true,true,67.2297
E05015955,Hazlemere,E06000060,Buckinghamshire,E14001162,Chesham and Amersham,true,true,4.2374
E05015955,Hazlemere,E06000060,Buckinghamshire,E14001600,Wycombe,true,false,0.2122
E05015956,Horwood,E06000060,Buckinghamshire,E14001141,Buckingham and Bletchley,false,true,
E05015957,Iver,E06000060,Buckinghamshire,E14001082,Beaconsfield,false,true,
E05015958,Ivinghoe,E06000060,Buckinghamshire,E14001071,Aylesbury,false,true,
E05015959,Long Crendon,E06000060,Buckinghamshire,E14001360,Mid Buckinghamshire,false,true,
E05015960,Marlow,E06000060,Buckinghamshire,E14001082,Beaconsfield,true,true,6.8928
E05015960,Marlow,E06000060,Buckinghamshire,E14001600,Wycombe,true,false,1.6098
E05015961,Marsh & Micklefield,E06000060,Buckinghamshire,E14001600,Wycombe,false,true,
E05015962,Newton Longville,E06000060,Buckinghamshire,E14001141,Buckingham and Bletchley,false,true,
E05015963,"Penn, Tylers Green & Loudwater",E06000060,Buckinghamshire,E14001162,Chesham and Amersham,true,true,16.466
E05015963,"Penn, Tylers Green & Loudwater",E06000060,Buckinghamshire,E14001600,Wycombe,true,false,7.1899
E05015964,Princes Risborough,E06000060,Buckinghamshire,E14001360,Mid Buckinghamshire,false,true,
E05015965,Quainton,E06000060,Buckinghamshire,E14001141,Buckingham and Bletchley,true,true,49.122
E05015965,Quainton,E06000060,Buckinghamshire,E14001071,Aylesbury,true,false,21.8617
E05015966,Ridgeway East,E06000060,Buckinghamshire,E14001360,Mid Buckinghamshire,false,true,
E05015967,Ridgeway West,E06000060,Buckinghamshire,E14001360,Mid Buckinghamshire,true,true,63.7652
E05015967,Ridgeway West,E06000060,Buckinghamshire,E14001600,Wycombe,true,false,5.3419
E05015968,Sands,E06000060,Buckinghamshire,E14001600,Wycombe,false,true,
E05015969,Terriers & Amersham Hill,E06000060,Buckinghamshire,E14001600,Wycombe,false,true,
E05015970,The Missendens,E06000060,Buckinghamshire,E14001360,Mid Buckinghamshire,true,true,31.0569
E05015970,The Missendens,E06000060,Buckinghamshire,E14001162,Chesham and Amersham,true,false,6.5411
E05015971,Totteridge & Bowerdean,E06000060,Buckinghamshire,E14001600,Wycombe,false,true,
E05015972,Waddesdon,E06000060,Buckinghamshire,E14001360,Mid Buckinghamshire,false,true,
E05015973,"Wendover, Halton & Stoke Mandeville",E06000060,Buckinghamshire,E14001360,Mid Buckinghamshire,false,true,
E05015974,West Wycombe & Lane End,E06000060,Buckinghamshire,E14001600,Wycombe,false,true,
E05015975,Winslow,E06000060,Buckinghamshire,E14001141,Buckingham and Bletchley,false,true,
E05015976,Abington & Phippsville,E06000062,West Northamptonshire,E14001406,Northampton North,false,true,
E05015977,Billing,E06000062,West Northamptonshire,E14001407,Northampton South,false,true,
E05015978,Blackthorn & Rectory Farm,E06000062,West Northamptonshire,E14001407,Northampton South,true,true,1.7018
E05015978,Blackthorn & Rectory Farm,E06000062,West Northamptonshire,E14001406,Northampton North,true,false,0.5121
E05015979,Brackley,E06000062,West Northamptonshire,E14001490,South Northamptonshire,false,true,
E05015980,Braunston & Crick,E06000062,West Northamptonshire,E14001192,Daventry,false,true,
E05015981,Brixworth,E06000062,West Northamptonshire,E14001192,Daventry,false,true,
E05015982,Campion,E06000062,West Northamptonshire,E14001490,South Northamptonshire,true,true,35.6845
E05015982,Campion,E06000062,West Northamptonshire,E14001192,Daventry,true,false,13.8335
E05015983,Castle,E06000062,West Northamptonshire,E14001406,Northampton North,true,true,2.6122
E05015983,Castle,E06000062,West Northamptonshire,E14001407,Northampton South,true,false,1.4018
E05015984,Cogenhoe & The Houghtons,E06000062,West Northamptonshire,E14001490,South Northamptonshire,true,true,52.7627
E05015984,Cogenhoe & The Houghtons,E06000062,West Northamptonshire,E14001407,Northampton South,true,false,4.1286
E05015985,Dallington Spencer,E06000062,West Northamptonshire,E14001406,Northampton North,true,true,5.8963
E05015985,Dallington Spencer,E06000062,West Northamptonshire,E14001407,Northampton South,true,false,2.4184
E05015986,Daventry North East,E06000062,West Northamptonshire,E14001192,Daventry,false,true,
E05015987,Daventry North West,E06000062,West Northamptonshire,E14001192,Daventry,false,true,
E05015988,Daventry South,E06000062,West Northamptonshire,E14001192,Daventry,false,true,
E05015989,Deanshanger & Paulerspury,E06000062,West Northamptonshire,E14001490,South Northamptonshire,false,true,
E05015990,Duston,E06000062,West Northamptonshire,E14001407,Northampton South,false,true,
E05015991,"Far Cotton, Delapre & Briar Hill",E06000062,West Northamptonshire,E14001407,Northampton South,false,true,
E05015992,Hackleton & Roade,E06000062,West Northamptonshire,E14001490,South Northamptonshire,false,true,
E05015993,Headlands,E06000062,West Northamptonshire,E14001406,Northampton North,false,true,
E05015994,Hunsbury,E06000062,West Northamptonshire,E14001407,Northampton South,false,true,
E05015995,Kingsley & Semilong,E06000062,West Northamptonshire,E14001406,Northampton North,false,true,
E05015996,Kingsthorpe North,E06000062,West Northamptonshire,E14001406,Northampton North,false,true,
E05015997,Kingsthorpe South,E06000062,West Northamptonshire,E14001406,Northampton North,true,true,2.7013
E05015997,Kingsthorpe South,E06000062,West Northamptonshire,E14001192,Daventry,true,false,0.0468
E05015998,Long Buckby,E06000062,West Northamptonshire,E14001192,Daventry,false,true,
E05015999,Middleton Cheney,E06000062,West Northamptonshire,E14001490,South Northamptonshire,false,true,
E05016000,Moulton,E06000062,West Northamptonshire,E14001192,Daventry,true,true,28.0403
E05016000,Moulton,E06000062,West Northamptonshire,E14001406,Northampton North,true,false,0.5044
E05016001,Naseby,E06000062,West Northamptonshire,E14001192,Daventry,false,true,
E05016002,Nene Valley,E06000062,West Northamptonshire,E14001407,Northampton South,true,true,6.9646
E05016002,Nene Valley,E06000062,West Northamptonshire,E14001490,South Northamptonshire,true,false,2.7536
E05016003,Parklands,E06000062,West Northamptonshire,E14001406,Northampton North,true,true,2.8914
E05016004,Rural North East,E06000062,West Northamptonshire,E14001192,Daventry,false,true,
E05016005,Rural South Northamptonshire,E06000062,West Northamptonshire,E14001490,South Northamptonshire,true,true,191.5911
E05016005,Rural South Northamptonshire,E06000062,West Northamptonshire,E14001192,Daventry,true,false,63.2197
E05016006,Talavera,E06000062,West Northamptonshire,E14001406,Northampton North,false,true,
E05016007,Towcester,E06000062,West Northamptonshire,E14001490,South Northamptonshire,false,true,
E05016008,Upton,E06000062,West Northamptonshire,E14001407,Northampton South,false,true,
E05016009,Weston Favell & Abington Vale,E06000062,West Northamptonshire,E14001407,Northampton South,false,true,
E05016010,Woodford & Weedon,E06000062,West Northamptonshire,E14001192,Daventry,false,true,
E05016011,Abbey,E06000051,Shropshire,E14001473,Shrewsbury,false,true,
E05016012,Albrighton,E06000051,Shropshire,E14001543,The Wrekin,false,true,
E05016013,Bagley,E06000051,Shropshire,E14001473,Shrewsbury,false,true,
E05016014,Battlefield,E06000051,Shropshire,E14001473,Shrewsbury,false,true,
E05016015,Bayston Hill,E06000051,Shropshire,E14001473,Shrewsbury,false,true,
E05016016,Belle Vue,E06000051,Shropshire,E14001473,Shrewsbury,false,true,
E05016017,Bicton Heath,E06000051,Shropshire,E14001473,Shrewsbury,false,true,
E05016018,Bishop's Castle,E06000051,Shropshire,E14001493,South Shropshire,false,true,
E05016019,Bridgnorth Castle,E06000051,Shropshire,E14001493,South Shropshire,false,true,
E05016020,Bridgnorth East,E06000051,Shropshire,E14001493,South Shropshire,false,true,
E05016021,Bridgnorth South & Alveley,E06000051,Shropshire,E14001493,South Shropshire,false,true,
E05016022,Bridgnorth West & Tasley,E06000051,Shropshire,E14001493,South Shropshire,false,true,
E05016023,Broseley,E06000051,Shropshire,E14001493,South Shropshire,false,true,
E05016024,Brown Clee,E06000051,Shropshire,E14001493,South Shropshire,false,true,
E05016025,Burnell,E06000051,Shropshire,E14001493,South Shropshire,false,true,
E05016026,Castlefields & Ditherington,E06000051,Shropshire,E14001473,Shrewsbury,false,true,
E05016027,Cheswardine,E06000051,Shropshire,E14001543,The Wrekin,false,true,
E05016028,Chirbury & Worthen,E06000051,Shropshire,E14001493,South Shropshire,true,true,122.0757
E05016028,Chirbury & Worthen,E06000051,Shropshire,E14001473,Shrewsbury,true,false,33.4005
E05016029,Claverley & Worfield,E06000051,Shropshire,E14001493,South Shropshire,false,true,
E05016030,Clee,E06000051,Shropshire,E14001493,South Shropshire,false,true,
E05016031,Cleobury Mortimer,E06000051,Shropshire,E14001493,South Shropshire,false,true,
E05016032,Clun,E06000051,Shropshire,E14001493,South Shropshire,false,true,
E05016033,Column & Sutton,E06000051,Shropshire,E14001473,Shrewsbury,false,true,
E05016034,Copthorne,E06000051,Shropshire,E14001473,Shrewsbury,false,true,
E05016035,Corvedale,E06000051,Shropshire,E14001493,South Shropshire,false,true,
E05016036,Craven Arms,E06000051,Shropshire,E14001493,South Shropshire,false,true,
E05016037,Ellesmere Urban,E06000051,Shropshire,E14001398,North Shropshire,false,true,
E05016038,Harlescott,E06000051,Shropshire,E14001473,Shrewsbury,false,true,
E05016039,Highley,E06000051,Shropshire,E14001493,South Shropshire,false,true,
E05016040,Hodnet,E06000051,Shropshire,E14001543,The Wrekin,false,true,
E05016041,Llanymynech,E06000051,Shropshire,E14001398,North Shropshire,false,true,
E05016042,Longden,E06000051,Shropshire,E14001473,Shrewsbury,false,true,
E05016043,Loton,E06000051,Shropshire,E14001473,Shrewsbury,false,true,
E05016044,Ludlow East,E06000051,Shropshire,E14001493,South Shropshire,false,true,
E05016045,Ludlow North,E06000051,Shropshire,E14001493,South Shropshire,false,true,
E05016046,Ludlow South,E06000051,Shropshire,E14001493,South Shropshire,false,true,
E05016047,Market Drayton East & Rural,E06000051,Shropshire,E14001398,North Shropshire,false,true,
E05016048,Market Drayton North,E06000051,Shropshire,E14001398,North Shropshire,false,true,
E05016049,Market Drayton South,E06000051,Shropshire,E14001398,North Shropshire,false,true,
E05016050,Meole,E06000051,Shropshire,E14001473,Shrewsbury,false,true,
E05016051,Monkmoor,E06000051,Shropshire,E14001473,Shrewsbury,false,true,
E05016052,Much Wenlock,E06000051,Shropshire,E14001493,South Shropshire,false,true,
E05016053,Oswestry North,E06000051,Shropshire,E14001398,North Shropshire,false,true,
E05016054,Oswestry North East,E06000051,Shropshire,E14001398,North Shropshire,false,true,
E05016055,Oswestry South,E06000051,Shropshire,E14001398,North Shropshire,false,true,
E05016056,Oswestry South East,E06000051,Shropshire,E14001398,North Shropshire,false,true,
E05016057,Oteley & Reabrook,E06000051,Shropshire,E14001473,Shrewsbury,true,true,2.077
E05016057,Oteley & Reabrook,E06000051,Shropshire,E14001493,South Shropshire,true,false,0.1199
E05016058,Porthill,E06000051,Shropshire,E14001473,Shrewsbury,false,true,
E05016059,Prees,E06000051,Shropshire,E14001398,North Shropshire,false,true,
E05016060,Quarry & Coton Hill,E06000051,Shropshire,E14001473,Shrewsbury,false,true,
E05016061,Radbrook,E06000051,Shropshire,E14001473,Shrewsbury,false,true,
E05016062,Rea Valley,E06000051,Shropshire,E14001473,Shrewsbury,false,true,
E05016063,Ruyton & Baschurch,E06000051,Shropshire,E14001398,North Shropshire,true,true,64.41
E05016063,Ruyton & Baschurch,E06000051,Shropshire,E14001473,Shrewsbury,true,false,1.483
E05016064,Selattyn & Gobowen,E06000051,Shropshire,E14001398,North Shropshire,false,true,
E05016065,Severn Valley,E06000051,Shropshire,E14001493,South Shropshire,false,true,
E05016066,Shawbury,E06000051,Shropshire,E14001398,North Shropshire,false,true,
E05016067,Shifnal North,E06000051,Shropshire,E14001543,The Wrekin,false,true,
E05016068,Shifnal Rural,E06000051,Shropshire,E14001543,The Wrekin,true,true,96.5132
E05016068,Shifnal Rural,E06000051,Shropshire,E14001493,South Shropshire,true,false,38.9515
E05016069,Shifnal South,E06000051,Shropshire,E14001543,The Wrekin,false,true,
E05016070,St Martin's,E06000051,Shropshire,E14001398,North Shropshire,false,true,
E05016071,St Oswald,E06000051,Shropshire,E14001398,North Shropshire,false,true,
E05016072,"Stottesdon, Kinlet & Hopton Wafers",E06000051,Shropshire,E14001493,South Shropshire,false,true,
E05016073,Sundorne & Old Heath,E06000051,Shropshire,E14001473,Shrewsbury,false,true,
E05016074,Tern,E06000051,Shropshire,E14001473,Shrewsbury,true,true,68.7818
E05016074,Tern,E06000051,Shropshire,E14001398,North Shropshire,true,false,9.1122
E05016075,The Meres,E06000051,Shropshire,E14001398,North Shropshire,false,true,
E05016076,The Strettons,E06000051,Shropshire,E14001493,South Shropshire,false,true,
E05016077,Underdale,E06000051,Shropshire,E14001473,Shrewsbury,false,true,
E05016078,Wem,E06000051,Shropshire,E14001398,North Shropshire,false,true,
E05016079,Whitchurch North,E06000051,Shropshire,E14001398,North Shropshire,false,true,
E05016080,Whitchurch South,E06000051,Shropshire,E14001398,North Shropshire,false,true,
E05016081,Whitchurch West,E06000051,Shropshire,E14001398,North Shropshire,false,true,
E05016082,Whittington,E06000051,Shropshire,E14001398,North Shropshire,false,true,
E05016083,Alnwick Castle,E06000057,Northumberland,E14001397,North Northumberland,false,true,
E05016084,Alnwick Hotspur,E06000057,Northumberland,E14001397,North Northumberland,false,true,
E05016085,Amble,E06000057,Northumberland,E14001397,North Northumberland,false,true,
E05016086,Amble West with Warkworth,E06000057,Northumberland,E14001397,North Northumberland,false,true,
E05016087,Ashington Central,E06000057,Northumberland,E14001107,Blyth and Ashington,false,true,
E05016088,Bamburgh,E06000057,Northumberland,E14001397,North Northumberland,false,true,
E05016089,Bebside & Kitty Brewster,E06000057,Northumberland,E14001107,Blyth and Ashington,false,true,
E05016090,Bedlington Central,E06000057,Northumberland,E14001107,Blyth and Ashington,false,true,
E05016091,Bedlington East,E06000057,Northumberland,E14001107,Blyth and Ashington,false,true,
E05016092,Bedlington West,E06000057,Northumberland,E14001107,Blyth and Ashington,false,true,
E05016093,Bellingham,E06000057,Northumberland,E14001285,Hexham,false,true,
E05016094,Berwick East,E06000057,Northumberland,E14001397,North Northumberland,false,true,
E05016095,Berwick North,E06000057,Northumberland,E14001397,North Northumberland,false,true,
E05016096,Berwick West with Ord,E06000057,Northumberland,E14001397,North Northumberland,false,true,
E05016097,Bothal,E06000057,Northumberland,E14001107,Blyth and Ashington,false,true,
E05016098,Choppington & Hepscott,E06000057,Northumberland,E14001285,Hexham,true,true,9.2718
E05016098,Choppington & Hepscott,E06000057,Northumberland,E14001107,Blyth and Ashington,true,false,5.3669
E05016099,College with North Seaton,E06000057,Northumberland,E14001107,Blyth and Ashington,false,true,
E05016100,Corbridge,E06000057,Northumberland,E14001285,Hexham,false,true,
E05016101,Cowpen,E06000057,Northumberland,E14001107,Blyth and Ashington,false,true,
E05016102,Cramlington East & Double Row,E06000057,Northumberland,E14001183,Cramlington and Killingworth,false,true,
E05016103,Cramlington Eastfield,E06000057,Northumberland,E14001183,Cramlington and Killingworth,false,true,
E05016104,Cramlington North,E06000057,Northumberland,E14001183,Cramlington and Killingworth,false,true,
E05016105,Cramlington North West,E06000057,Northumberland,E14001183,Cramlington and Killingworth,false,true,
E05016106,Cramlington South East,E06000057,Northumberland,E14001183,Cramlington and Killingworth,false,true,
E05016107,Cramlington South West,E06000057,Northumberland,E14001183,Cramlington and Killingworth,false,true,
E05016108,Cramlington Village,E06000057,Northumberland,E14001183,Cramlington and Killingworth,false,true,
E05016109,Croft,E06000057,Northumberland,E14001107,Blyth and Ashington,false,true,
E05016110,Druridge Bay,E06000057,Northumberland,E14001397,North Northumberland,false,true,
E05016111,Haltwhistle,E06000057,Northumberland,E14001285,Hexham,false,true,
E05016112,Hartley,E06000057,Northumberland,E14001183,Cramlington and Killingworth,false,true,
E05016113,Haydon,E06000057,Northumberland,E14001107,Blyth and Ashington,false,true,
E05016114,Haydon & Hadrian,E06000057,Northumberland,E14001285,Hexham,false,true,
E05016115,Hexham East,E06000057,Northumberland,E14001285,Hexham,false,true,
E05016116,Hexham North,E06000057,Northumberland,E14001285,Hexham,false,true,
E05016117,Hexham West,E06000057,Northumberland,E14001285,Hexham,false,true,
E05016118,Hirst,E06000057,Northumberland,E14001107,Blyth and Ashington,false,true,
E05016119,Holywell,E06000057,Northumberland,E14001183,Cramlington and Killingworth,false,true,
E05016120,Humshaugh,E06000057,Northumberland,E14001285,Hexham,false,true,
E05016121,Isabella,E06000057,Northumberland,E14001107,Blyth and Ashington,false,true,
E05016122,Longhirst,E06000057,Northumberland,E14001397,North Northumberland,false,true,
E05016123,Longhorsley,E06000057,Northumberland,E14001285,Hexham,true,true,205.2433
E05016123,Longhorsley,E06000057,Northumberland,E14001397,North Northumberland,true,false,91.0763
E05016124,Longhoughton,E06000057,Northumberland,E14001397,North Northumberland,false,true,
E05016125,Lynemouth,E06000057,Northumberland,E14001397,North Northumberland,false,true,
E05016126,Morpeth Kirkhill,E06000057,Northumberland,E14001397,North Northumberland,false,true,
E05016127,Morpeth North,E06000057,Northumberland,E14001397,North Northumberland,false,true,
E05016128,Morpeth Stobhill,E06000057,Northumberland,E14001397,North Northumberland,false,true,
E05016129,Newbiggin-by-the-Sea,E06000057,Northumberland,E14001107,Blyth and Ashington,false,true,
E05016130,Newsham,E06000057,Northumberland,E14001107,Blyth and Ashington,false,true,
E05016131,Norham & Islandshires,E06000057,Northumberland,E14001397,North Northumberland,false,true,
E05016132,Pegswood,E06000057,Northumberland,E14001397,North Northumberland,false,true,
E05016133,Plessey,E06000057,Northumberland,E14001107,Blyth and Ashington,false,true,
E05016134,Ponteland East & Stannington,E06000057,Northumberland,E14001285,Hexham,false,true,
E05016135,Ponteland North,E06000057,Northumberland,E14001285,Hexham,false,true,
E05016136,Ponteland South with Heddon,E06000057,Northumberland,E14001285,Hexham,false,true,
E05016137,Ponteland West,E06000057,Northumberland,E14001285,Hexham,false,true,
E05016138,Prudhoe North & Wylam,E06000057,Northumberland,E14001285,Hexham,false,true,
E05016139,Prudhoe South,E06000057,Northumberland,E14001285,Hexham,false,true,
E05016140,Prudhoe West & Mickley,E06000057,Northumberland,E14001285,Hexham,false,true,
E05016141,Rothbury,E06000057,Northumberland,E14001397,North Northumberland,false,true,
E05016142,Seaton with Spital,E06000057,Northumberland,E14001107,Blyth and Ashington,false,true,
E05016143,Seghill with Seaton Delaval,E06000057,Northumberland,E14001183,Cramlington and Killingworth,false,true,
E05016144,Shilbottle,E06000057,Northumberland,E14001397,North Northumberland,false,true,
E05016145,Sleekburn,E06000057,Northumberland,E14001107,Blyth and Ashington,false,true,
E05016146,South Blyth,E06000057,Northumberland,E14001107,Blyth and Ashington,false,true,
E05016147,South Tynedale,E06000057,Northumberland,E14001285,Hexham,false,true,
E05016148,Stakeford,E06000057,Northumberland,E14001107,Blyth and Ashington,false,true,
E05016149,Stocksfield & Bywell,E06000057,Northumberland,E14001285,Hexham,false,true,
E05016150,Wensleydale,E06000057,Northumberland,E14001107,Blyth and Ashington,false,true,
E05016151,Wooler,E06000057,Northumberland,E14001397,North Northumberland,false,true,
E05016152,Annfield Plain & Tanfield,E06000047,County Durham,E14001389,North Durham,false,true,
E05016153,Aycliffe North & Middridge,E06000047,County Durham,E14001382,Newton Aycliffe and Spennymoor,false,true,
E05016154,Aycliffe South,E06000047,County Durham,E14001382,Newton Aycliffe and Spennymoor,false,true,
E05016155,Barnard Castle,E06000047,County Durham,E14001101,Bishop Auckland,false,true,
E05016156,Belmont,E06000047,County Durham,E14001173,City of Durham,false,true,
E05016157,Benfieldside,E06000047,County Durham,E14001106,Blaydon and Consett,false,true,
E05016158,Bishop Auckland,E06000047,County Durham,E14001101,Bishop Auckland,false,true,
E05016159,Blackhalls & Hesledens,E06000047,County Durham,E14001211,Easington,false,true,
E05016160,Bowburn & Coxhoe,E06000047,County Durham,E14001382,Newton Aycliffe and Spennymoor,false,true,
E05016161,Brandon,E06000047,County Durham,E14001173,City of Durham,false,true,
E05016162,Castle Eden & Passfield,E06000047,County Durham,E14001211,Easington,false,true,
E05016163,Chester-le-Street North,E06000047,County Durham,E14001389,North Durham,false,true,
E05016164,Chester-le-Street South,E06000047,County Durham,E14001389,North Durham,false,true,
E05016165,Chilton,E06000047,County Durham,E14001382,Newton Aycliffe and Spennymoor,false,true,
E05016166,Consett North,E06000047,County Durham,E14001106,Blaydon and Consett,false,true,
E05016167,Consett South,E06000047,County Durham,E14001389,North Durham,true,true,12.9901
E05016167,Consett South,E06000047,County Durham,E14001106,Blaydon and Consett,true,false,3.3433
E05016168,Craghead & South Moor,E06000047,County Durham,E14001389,North Durham,false,true,
E05016169,Crook,E06000047,County Durham,E14001101,Bishop Auckland,false,true,
E05016170,Dalton & Dawdon,E06000047,County Durham,E14001211,Easington,false,true,
E05016171,Deerness,E06000047,County Durham,E14001173,City of Durham,false,true,
E05016172,Delves Lane,E06000047,County Durham,E14001106,Blaydon and Consett,false,true,
E05016173,Derwent & Pont Valley,E06000047,County Durham,E14001106,Blaydon and Consett,false,true,
E05016174,Easington & Shotton,E06000047,County Durham,E14001211,Easington,true,true,40.3908
E05016174,Easington & Shotton,E06000047,County Durham,E14001173,City of Durham,true,false,6.3939
E05016175,"Elvet, Gilesgate & Shincliffe",E06000047,County Durham,E14001173,City of Durham,false,true,
E05016176,Evenwood,E06000047,County Durham,E14001101,Bishop Auckland,false,true,
E05016177,Ferryhill,E06000047,County Durham,E14001382,Newton Aycliffe and Spennymoor,false,true,
E05016178,Framwellgate & Newton Hall,E06000047,County Durham,E14001173,City of Durham,false,true,
E05016179,Horden & Dene House,E06000047,County Durham,E14001211,Easington,false,true,
E05016180,Lanchester & Burnhope,E06000047,County Durham,E14001389,North Durham,false,true,
E05016181,Langley & Esh,E06000047,County Durham,E14001173,City of Durham,false,true,
E05016182,Lower Teesdale,E06000047,County Durham,E14001101,Bishop Auckland,false,true,
E05016183,Lumley & West Rainton,E06000047,County Durham,E14001389,North Durham,true,true,16.2314
E05016183,Lumley & West Rainton,E06000047,County Durham,E14001173,City of Durham,true,false,8.4065
E05016184,Murton,E06000047,County Durham,E14001211,Easington,false,true,
E05016185,Neville's Cross,E06000047,County Durham,E14001173,City of Durham,false,true,
E05016186,North Lodge,E06000047,County Durham,E14001389,North Durham,false,true,
E05016187,Pelton,E06000047,County Durham,E14001389,North Durham,false,true,
E05016188,Peterlee,E06000047,County Durham,E14001211,Easington,false,true,
E05016189,Pittington & Sherburn,E06000047,County Durham,E14001173,City of Durham,false,true,
E05016190,Sacriston & Witton Gilbert,E06000047,County Durham,E14001389,North Durham,true,true,19.1449
E05016190,Sacriston & Witton Gilbert,E06000047,County Durham,E14001173,City of Durham,true,false,11.0825
E05016191,Seaham,E06000047,County Durham,E14001211,Easington,false,true,
E05016192,Sedgefield,E06000047,County Durham,E14001382,Newton Aycliffe and Spennymoor,false,true,
E05016193,Shildon & Dene Valley,E06000047,County Durham,E14001101,Bishop Auckland,false,true,
E05016194,Spennymoor,E06000047,County Durham,E14001382,Newton Aycliffe and Spennymoor,true,true,13.6949
E05016194,Spennymoor,E06000047,County Durham,E14001101,Bishop Auckland,true,false,7.8316
E05016195,Stanley,E06000047,County Durham,E14001389,North Durham,false,true,
E05016196,Thornley & Wheatley Hill,E06000047,County Durham,E14001211,Easington,false,true,
E05016197,Trimdon & Wingate,E06000047,County Durham,E14001211,Easington,true,true,14.4565
E05016197,Trimdon & Wingate,E06000047,County Durham,E14001382,Newton Aycliffe and Spennymoor,true,false,12.261
E05016198,Tudhoe,E06000047,County Durham,E14001382,Newton Aycliffe and Spennymoor,false,true,
E05016199,Upper Teesdale,E06000047,County Durham,E14001101,Bishop Auckland,false,true,
E05016200,Weardale,E06000047,County Durham,E14001101,Bishop Auckland,true,true,404.2667
E05016200,Weardale,E06000047,County Durham,E14001389,North Durham,true,false,50.3559
E05016201,West Auckland,E06000047,County Durham,E14001101,Bishop Auckland,false,true,
E05016202,Willington & Hunwick,E06000047,County Durham,E14001173,City of Durham,true,true,38.5465
E05016202,Willington & Hunwick,E06000047,County Durham,E14001101,Bishop Auckland,true,false,3.488
E05016203,Avondale Grange,E06000061,North Northamptonshire,E14001311,Kettering,false,true,
E05016204,Barton Seagrave & Burton Latimer,E06000061,North Northamptonshire,E14001311,Kettering,false,true,
E05016205,Brickhill & Queensway,E06000061,North Northamptonshire,E14001571,Wellingborough and Rushden,false,true,
E05016206,Corby West,E06000061,North Northamptonshire,E14001179,Corby and East Northamptonshire,true,true,3.8333
E05016207,Croyland & Swanspool,E06000061,North Northamptonshire,E14001571,Wellingborough and Rushden,true,true,3.8632
E05016208,Desborough,E06000061,North Northamptonshire,E14001311,Kettering,false,true,
E05016209,Earls Barton,E06000061,North Northamptonshire,E14001192,Daventry,false,true,
E05016210,Finedon,E06000061,North Northamptonshire,E14001571,Wellingborough and Rushden,false,true,
E05016211,Geddington & Stanion,E06000061,North Northamptonshire,E14001311,Kettering,false,true,
E05016212,Gretton & Weldon,E06000061,North Northamptonshire,E14001179,Corby and East Northamptonshire,false,true,
E05016213,Hatton Park,E06000061,North Northamptonshire,E14001571,Wellingborough and Rushden,true,true,6.4062
E05016213,Hatton Park,E06000061,North Northamptonshire,E14001192,Daventry,true,false,1.7184
E05016214,Higham Ferrers,E06000061,North Northamptonshire,E14001571,Wellingborough and Rushden,false,true,
E05016215,Irchester,E06000061,North Northamptonshire,E14001490,South Northamptonshire,true,true,40.3918
E05016215,Irchester,E06000061,North Northamptonshire,E14001571,Wellingborough and Rushden,true,false,11.2859
E05016215,Irchester,E06000061,North Northamptonshire,E14001192,Daventry,true,false,10.5156
E05016216,Irthlingborough,E06000061,North Northamptonshire,E14001179,Corby and East Northamptonshire,true,true,14.9017
E05016216,Irthlingborough,E06000061,North Northamptonshire,E14001571,Wellingborough and Rushden,true,false,6.847
E05016217,Ise,E06000061,North Northamptonshire,E14001311,Kettering,true,true,7.6746
E05016218,Kettering Central,E06000061,North Northamptonshire,E14001311,Kettering,true,true,2.0363
E05016219,Kettering North,E06000061,North Northamptonshire,E14001311,Kettering,false,true,
E05016220,Kingswood,E06000061,North Northamptonshire,E14001179,Corby and East Northamptonshire,false,true,
E05016220,Kingswood,E06000061,North Northamptonshire,E14001311,Kettering,false,true,
E05016221,Lloyds & Corby Village,E06000061,North Northamptonshire,E14001179,Corby and East Northamptonshire,false,true,
E05016222,Oakley,E06000061,North Northamptonshire,E14001179,Corby and East Northamptonshire,false,true,
E05016223,Oundle,E06000061,North Northamptonshire,E14001179,Corby and East Northamptonshire,false,true,
E05016224,Pemberton,E06000061,North Northamptonshire,E14001571,Wellingborough and Rushden,false,true,
E05016225,Pipers Hill,E06000061,North Northamptonshire,E14001311,Kettering,false,true,
E05016226,Raunds,E06000061,North Northamptonshire,E14001179,Corby and East Northamptonshire,false,true,
E05016227,Rothwell & Mawsley,E06000061,North Northamptonshire,E14001311,Kettering,false,true,
E05016228,Rushden Lakes,E06000061,North Northamptonshire,E14001571,Wellingborough and Rushden,false,true,
E05016229,Rushden South,E06000061,North Northamptonshire,E14001571,Wellingborough and Rushden,false,true,
E05016230,St Michael,E06000061,North Northamptonshire,E14001311,Kettering,false,true,
E05016231,St Peter,E06000061,North Northamptonshire,E14001311,Kettering,false,true,
E05016232,Thrapston,E06000061,North Northamptonshire,E14001179,Corby and East Northamptonshire,false,true,
E05016233,Victoria,E06000061,North Northamptonshire,E14001571,Wellingborough and Rushden,false,true,
E05016234,St Cleer & Menheniot,E06000052,Cornwall,E14001486,South East Cornwall,false,true,
E05016235,Liskeard Central,E06000052,Cornwall,E14001486,South East Cornwall,false,true,
E05016236,"Bromham, Rowde & Roundway",E06000054,Wiltshire,E14001356,Melksham and Devizes,false,true,
E05016237,Calne Central,E06000054,Wiltshire,E14001168,Chippenham,false,true,
E05016238,Calne North,E06000054,Wiltshire,E14001168,Chippenham,false,true,
E05016239,Calne Rural,E06000054,Wiltshire,E14001168,Chippenham,true,true,106.7142
E05016239,Calne Rural,E06000054,Wiltshire,E14001356,Melksham and Devizes,true,false,6.8793
E05016239,Calne Rural,E06000054,Wiltshire,E14001482,South Cotswolds,true,false,0.6784
E05016240,Calne South,E06000054,Wiltshire,E14001356,Melksham and Devizes,false,true,
E05016241,Ethandune,E06000054,Wiltshire,E14001498,South West Wiltshire,false,true,
E05016242,Kington,E06000054,Wiltshire,E14001482,South Cotswolds,true,true,64.7216
E05016242,Kington,E06000054,Wiltshire,E14001168,Chippenham,true,false,0.094
E05016243,Westbury East,E06000054,Wiltshire,E14001498,South West Wiltshire,false,true,
E05016244,Westbury North,E06000054,Wiltshire,E14001498,South West Wiltshire,false,true,
E05016245,Penistone East,E08000038,Barnsley,E14001423,Penistone and Stocksbridge,false,true,
E05016246,Stocksbridge and Upper Don,E08000039,Sheffield,E14001423,Penistone and Stocksbridge,false,true,
E05016247,Bradford-on-Avon North,E06000054,Wiltshire,E14001356,Melksham and Devizes,false,true,
E05016248,Bradford-on-Avon South,E06000054,Wiltshire,E14001356,Melksham and Devizes,false,true,
E05016249,Brinkworth,E06000054,Wiltshire,E14001482,South Cotswolds,true,true,89.909
E05016249,Brinkworth,E06000054,Wiltshire,E14001168,Chippenham,true,false,0.0047
E05016250,Calne Chilvester & Abberd,E06000054,Wiltshire,E14001168,Chippenham,false,true,
E05016251,Chippenham Hardens & Central,E06000054,Wiltshire,E14001168,Chippenham,false,true,
E05016252,Chippenham Pewsham,E06000054,Wiltshire,E14001168,Chippenham,false,true,
E05016253,Melksham Forest,E06000054,Wiltshire,E14001356,Melksham and Devizes,false,true,
E05016254,Melksham South,E06000054,Wiltshire,E14001356,Melksham and Devizes,false,true,
E05016255,Royal Wootton Bassett South & West,E06000054,Wiltshire,E14001168,Chippenham,false,true,
E05016256,Salisbury Milford,E06000054,Wiltshire,E14001460,Salisbury,false,true,
E05016257,Salisbury St Francis & Stratford,E06000054,Wiltshire,E14001460,Salisbury,false,true,
E05016258,Southwick,E06000054,Wiltshire,E14001498,South West Wiltshire,false,true,
E05016259,Trowbridge Drynham,E06000054,Wiltshire,E14001498,South West Wiltshire,false,true,
E05016260,Trowbridge Grove,E06000054,Wiltshire,E14001498,South West Wiltshire,false,true,
E05016261,Trowbridge Lambrok,E06000054,Wiltshire,E14001498,South West Wiltshire,false,true,
N08000101,Abbey,N09000001,Antrim and Newtownabbey,N05000002,Belfast North,true,,
N08000101,Abbey,N09000001,Antrim and Newtownabbey,N05000005,East Antrim,true,,
N08000102,Aldergrove,N09000001,Antrim and Newtownabbey,N05000014,South Antrim,false,true,
N08000103,Antrim Centre,N09000001,Antrim and Newtownabbey,N05000014,South Antrim,false,true,
N08000104,Ballyclare East,N09000001,Antrim and Newtownabbey,N05000014,South Antrim,false,true,
N08000105,Ballyclare West,N09000001,Antrim and Newtownabbey,N05000014,South Antrim,false,true,
N08000106,Ballyduff,N09000001,Antrim and Newtownabbey,N05000014,South Antrim,false,true,
N08000107,Ballyhenry,N09000001,Antrim and Newtownabbey,N05000002,Belfast North,false,true,
N08000108,Ballynure,N09000001,Antrim and Newtownabbey,N05000014,South Antrim,false,true,
N08000109,Ballyrobert,N09000001,Antrim and Newtownabbey,N05000014,South Antrim,false,true,
N08000110,Burnthill,N09000001,Antrim and Newtownabbey,N05000014,South Antrim,false,true,
N08000111,Carnmoney,N09000001,Antrim and Newtownabbey,N05000014,South Antrim,false,true,
N08000112,Carnmoney Hill,N09000001,Antrim and Newtownabbey,N05000002,Belfast North,false,true,
N08000113,Clady,N09000001,Antrim and Newtownabbey,N05000014,South Antrim,false,true,
N08000114,Collinbridge,N09000001,Antrim and Newtownabbey,N05000002,Belfast North,false,true,
N08000115,Cranfield,N09000001,Antrim and Newtownabbey,N05000014,South Antrim,false,true,
N08000116,Crumlin,N09000001,Antrim and Newtownabbey,N05000014,South Antrim,false,true,
N08000117,Doagh,N09000001,Antrim and Newtownabbey,N05000014,South Antrim,false,true,
N08000118,Fairview,N09000001,Antrim and Newtownabbey,N05000014,South Antrim,false,true,
N08000119,Fountain Hill,N09000001,Antrim and Newtownabbey,N05000014,South Antrim,false,true,
N08000120,Glebe,N09000001,Antrim and Newtownabbey,N05000002,Belfast North,false,true,
N08000121,Glengormley,N09000001,Antrim and Newtownabbey,N05000002,Belfast North,false,true,
N08000122,Greystone,N09000001,Antrim and Newtownabbey,N05000014,South Antrim,false,true,
N08000123,Hightown,N09000001,Antrim and Newtownabbey,N05000002,Belfast North,false,true,
N08000124,Jordanstown,N09000001,Antrim and Newtownabbey,N05000005,East Antrim,false,true,
N08000125,Mallusk,N09000001,Antrim and Newtownabbey,N05000014,South Antrim,false,true,
N08000126,Monkstown,N09000001,Antrim and Newtownabbey,N05000005,East Antrim,false,true,
N08000127,Mossley,N09000001,Antrim and Newtownabbey,N05000014,South Antrim,false,true,
N08000128,O'Neill,N09000001,Antrim and Newtownabbey,N05000002,Belfast North,false,true,
N08000129,Parkgate,N09000001,Antrim and Newtownabbey,N05000014,South Antrim,false,true,
N08000130,Randalstown,N09000001,Antrim and Newtownabbey,N05000014,South Antrim,false,true,
N08000131,Rathcoole,N09000001,Antrim and Newtownabbey,N05000002,Belfast North,false,true,
N08000132,Rostulla,N09000001,Antrim and Newtownabbey,N05000005,East Antrim,false,true,
N08000133,Shilvodan,N09000001,Antrim and Newtownabbey,N05000014,South Antrim,false,true,
N08000134,Springfarm,N09000001,Antrim and Newtownabbey,N05000014,South Antrim,false,true,
N08000135,Steeple,N09000001,Antrim and Newtownabbey,N05000014,South Antrim,false,true,
N08000136,Stiles,N09000001,Antrim and Newtownabbey,N05000014,South Antrim,false,true,
N08000137,Templepatrick,N09000001,Antrim and Newtownabbey,N05000014,South Antrim,false,true,
N08000138,Toome,N09000001,Antrim and Newtownabbey,N05000014,South Antrim,false,true,
N08000139,Valley,N09000001,Antrim and Newtownabbey,N05000002,Belfast North,false,true,
N08000140,Whitehouse,N09000001,Antrim and Newtownabbey,N05000002,Belfast North,false,true,
N08000201,Aghagallon,N09000002,"Armagh City, Banbridge and Craigavon",N05000009,Lagan Valley,false,true,
N08000202,Ballybay,N09000002,"Armagh City, Banbridge and Craigavon",N05000017,Upper Bann,false,true,
N08000203,Banbridge East,N09000002,"Armagh City, Banbridge and Craigavon",N05000015,South Down,true,,
N08000203,Banbridge East,N09000002,"Armagh City, Banbridge and Craigavon",N05000017,Upper Bann,true,,
N08000204,Banbridge North,N09000002,"Armagh City, Banbridge and Craigavon",N05000017,Upper Bann,false,true,
N08000205,Banbridge South,N09000002,"Armagh City, Banbridge and Craigavon",N05000017,Upper Bann,false,true,
N08000206,Banbridge West,N09000002,"Armagh City, Banbridge and Craigavon",N05000017,Upper Bann,false,true,
N08000207,Blackwatertown,N09000002,"Armagh City, Banbridge and Craigavon",N05000007,Fermanagh and South Tyrone,false,true,
N08000208,Bleary,N09000002,"Armagh City, Banbridge and Craigavon",N05000017,Upper Bann,false,true,
N08000209,Brownlow,N09000002,"Armagh City, Banbridge and Craigavon",N05000017,Upper Bann,false,true,
N08000210,Cathedral,N09000002,"Armagh City, Banbridge and Craigavon",N05000011,Newry and Armagh,false,true,
N08000211,Corcrain,N09000002,"Armagh City, Banbridge and Craigavon",N05000017,Upper Bann,false,true,
N08000212,Craigavon Centre,N09000002,"Armagh City, Banbridge and Craigavon",N05000017,Upper Bann,false,true,
N08000213,Demesne,N09000002,"Armagh City, Banbridge and Craigavon",N05000011,Newry and Armagh,false,true,
N08000214,Derrytrasna,N09000002,"Armagh City, Banbridge and Craigavon",N05000017,Upper Bann,false,true,
N08000215,Donaghcloney,N09000002,"Armagh City, Banbridge and Craigavon",N05000017,Upper Bann,true,,
N08000215,Donaghcloney,N09000002,"Armagh City, Banbridge and Craigavon",N05000009,Lagan Valley,true,,
N08000216,Dromore,N09000002,"Armagh City, Banbridge and Craigavon",N05000009,Lagan Valley,false,true,
N08000217,Gilford,N09000002,"Armagh City, Banbridge and Craigavon",N05000017,Upper Bann,false,true,
N08000218,Gransha,N09000002,"Armagh City, Banbridge and Craigavon",N05000009,Lagan Valley,true,,
N08000218,Gransha,N09000002,"Armagh City, Banbridge and Craigavon",N05000015,South Down,true,,
N08000219,Hamiltonsbawn,N09000002,"Armagh City, Banbridge and Craigavon",N05000011,Newry and Armagh,false,true,
N08000220,Keady,N09000002,"Armagh City, Banbridge and Craigavon",N05000011,Newry and Armagh,false,true,
N08000221,Kernan,N09000002,"Armagh City, Banbridge and Craigavon",N05000017,Upper Bann,false,true,
N08000222,Killycomain,N09000002,"Armagh City, Banbridge and Craigavon",N05000017,Upper Bann,false,true,
N08000223,Knocknashane,N09000002,"Armagh City, Banbridge and Craigavon",N05000017,Upper Bann,false,true,
N08000224,Lough Road,N09000002,"Armagh City, Banbridge and Craigavon",N05000017,Upper Bann,false,true,
N08000225,Loughbrickland,N09000002,"Armagh City, Banbridge and Craigavon",N05000015,South Down,false,true,
N08000226,Loughgall,N09000002,"Armagh City, Banbridge and Craigavon",N05000010,Mid Ulster,true,,
N08000226,Loughgall,N09000002,"Armagh City, Banbridge and Craigavon",N05000017,Upper Bann,true,,
N08000227,Magheralin,N09000002,"Armagh City, Banbridge and Craigavon",N05000009,Lagan Valley,false,true,
N08000228,Mahon,N09000002,"Armagh City, Banbridge and Craigavon",N05000017,Upper Bann,false,true,
N08000229,Markethill,N09000002,"Armagh City, Banbridge and Craigavon",N05000011,Newry and Armagh,false,true,
N08000230,Mourneview,N09000002,"Armagh City, Banbridge and Craigavon",N05000017,Upper Bann,false,true,
N08000231,Navan,N09000002,"Armagh City, Banbridge and Craigavon",N05000011,Newry and Armagh,false,true,
N08000232,Parklake,N09000002,"Armagh City, Banbridge and Craigavon",N05000017,Upper Bann,false,true,
N08000233,Quilly,N09000002,"Armagh City, Banbridge and Craigavon",N05000009,Lagan Valley,false,true,
N08000234,Rathfriland,N09000002,"Armagh City, Banbridge and Craigavon",N05000015,South Down,false,true,
N08000235,Richhill,N09000002,"Armagh City, Banbridge and Craigavon",N05000011,Newry and Armagh,false,true,
N08000236,Seagahan,N09000002,"Armagh City, Banbridge and Craigavon",N05000011,Newry and Armagh,false,true,
N08000237,Shankill,N09000002,"Armagh City, Banbridge and Craigavon",N05000017,Upper Bann,false,true,
N08000238,Tandragee,N09000002,"Armagh City, Banbridge and Craigavon",N05000011,Newry and Armagh,false,true,
N08000239,The Birches,N09000002,"Armagh City, Banbridge and Craigavon",N05000017,Upper Bann,true,,
N08000239,The Birches,N09000002,"Armagh City, Banbridge and Craigavon",N05000010,Mid Ulster,true,,
N08000240,The Mall,N09000002,"Armagh City, Banbridge and Craigavon",N05000011,Newry and Armagh,false,true,
N08000241,Waringstown,N09000002,"Armagh City, Banbridge and Craigavon",N05000017,Upper Bann,false,true,
N08000301,Andersonstown,N09000003,Belfast,N05000004,Belfast West,false,true,
N08000302,Ardoyne,N09000003,Belfast,N05000002,Belfast North,false,true,
N08000303,Ballygomartin,N09000003,Belfast,N05000004,Belfast West,false,true,
N08000304,Ballymacarrett,N09000003,Belfast,N05000001,Belfast East,false,true,
N08000305,Ballymurphy,N09000003,Belfast,N05000004,Belfast West,false,true,
N08000306,Ballysillan,N09000003,Belfast,N05000002,Belfast North,false,true,
N08000307,Beechmount,N09000003,Belfast,N05000004,Belfast West,false,true,
N08000308,Beersbridge,N09000003,Belfast,N05000001,Belfast East,false,true,
N08000309,Bellevue,N09000003,Belfast,N05000002,Belfast North,false,true,
N08000310,Belmont,N09000003,Belfast,N05000001,Belfast East,false,true,
N08000311,Belvoir,N09000003,Belfast,N05000003,Belfast South and Mid Down,false,true,
N08000312,Blackstaff,N09000003,Belfast,N05000003,Belfast South and Mid Down,false,true,
N08000313,Bloomfield,N09000003,Belfast,N05000001,Belfast East,false,true,
N08000314,Cavehill,N09000003,Belfast,N05000002,Belfast North,false,true,
N08000315,Central,N09000003,Belfast,N05000003,Belfast South and Mid Down,false,true,
N08000316,Chichester Park,N09000003,Belfast,N05000002,Belfast North,false,true,
N08000317,Cliftonville,N09000003,Belfast,N05000002,Belfast North,false,true,
N08000318,Clonard,N09000003,Belfast,N05000004,Belfast West,false,true,
N08000319,Collin Glen,N09000003,Belfast,N05000004,Belfast West,false,true,
N08000320,Connswater,N09000003,Belfast,N05000001,Belfast East,false,true,
N08000321,Cregagh,N09000003,Belfast,N05000001,Belfast East,false,true,
N08000322,Duncairn,N09000003,Belfast,N05000002,Belfast North,false,true,
N08000323,Dunmurry,N09000003,Belfast,N05000004,Belfast West,false,true,
N08000324,Falls,N09000003,Belfast,N05000004,Belfast West,false,true,
N08000325,Falls Park,N09000003,Belfast,N05000004,Belfast West,false,true,
N08000326,Finaghy,N09000003,Belfast,N05000003,Belfast South and Mid Down,false,true,
N08000327,Forth River,N09000003,Belfast,N05000002,Belfast North,false,true,
N08000328,Fortwilliam,N09000003,Belfast,N05000002,Belfast North,false,true,
N08000329,Garnerville,N09000003,Belfast,N05000013,North Down,false,true,
N08000330,Gilnahirk,N09000003,Belfast,N05000001,Belfast East,false,true,
N08000331,Hillfoot,N09000003,Belfast,N05000001,Belfast East,false,true,
N08000332,Innisfayle,N09000003,Belfast,N05000002,Belfast North,false,true,
N08000333,Knock,N09000003,Belfast,N05000001,Belfast East,false,true,
N08000334,Ladybrook,N09000003,Belfast,N05000004,Belfast West,false,true,
N08000335,Lagmore,N09000003,Belfast,N05000004,Belfast West,false,true,
N08000336,Legoniel,N09000003,Belfast,N05000002,Belfast North,false,true,
N08000337,Malone,N09000003,Belfast,N05000003,Belfast South and Mid Down,false,true,
N08000338,Merok,N09000003,Belfast,N05000001,Belfast East,false,true,
N08000339,Musgrave,N09000003,Belfast,N05000003,Belfast South and Mid Down,false,true,
N08000340,New Lodge,N09000003,Belfast,N05000002,Belfast North,false,true,
N08000341,Orangefield,N09000003,Belfast,N05000001,Belfast East,false,true,
N08000342,Ormeau,N09000003,Belfast,N05000003,Belfast South and Mid Down,false,true,
N08000343,Poleglass,N09000003,Belfast,N05000004,Belfast West,false,true,
N08000344,Ravenhill,N09000003,Belfast,N05000003,Belfast South and Mid Down,false,true,
N08000345,Rosetta,N09000003,Belfast,N05000003,Belfast South and Mid Down,false,true,
N08000346,Sandown,N09000003,Belfast,N05000001,Belfast East,false,true,
N08000347,Shandon,N09000003,Belfast,N05000001,Belfast East,false,true,
N08000348,Shankill,N09000003,Belfast,N05000004,Belfast West,false,true,
N08000349,Shaw's Road,N09000003,Belfast,N05000004,Belfast West,false,true,
N08000350,Stewartstown,N09000003,Belfast,N05000004,Belfast West,false,true,
N08000351,Stormont,N09000003,Belfast,N05000001,Belfast East,false,true,
N08000352,Stranmillis,N09000003,Belfast,N05000003,Belfast South and Mid Down,false,true,
N08000353,Sydenham,N09000003,Belfast,N05000001,Belfast East,false,true,
N08000354,Turf Lodge,N09000003,Belfast,N05000004,Belfast West,false,true,
N08000355,Twinbrook,N09000003,Belfast,N05000004,Belfast West,false,true,
N08000356,Upper Malone,N09000003,Belfast,N05000003,Belfast South and Mid Down,false,true,
N08000357,Water Works,N09000003,Belfast,N05000002,Belfast North,false,true,
N08000358,Windsor,N09000003,Belfast,N05000003,Belfast South and Mid Down,false,true,
N08000359,Woodstock,N09000003,Belfast,N05000001,Belfast East,false,true,
N08000360,Woodvale,N09000003,Belfast,N05000004,Belfast West,false,true,
N08000401,Aghadowey,N09000004,Causeway Coast and Glens,N05000006,East Londonderry,false,true,
N08000402,Altahullion,N09000004,Causeway Coast and Glens,N05000006,East Londonderry,false,true,
N08000403,Atlantic,N09000004,Causeway Coast and Glens,N05000006,East Londonderry,false,true,
N08000404,Ballycastle,N09000004,Causeway Coast and Glens,N05000012,North Antrim,false,true,
N08000405,Ballykelly,N09000004,Causeway Coast and Glens,N05000006,East Londonderry,false,true,
N08000406,Ballymoney East,N09000004,Causeway Coast and Glens,N05000012,North Antrim,false,true,
N08000407,Ballymoney North,N09000004,Causeway Coast and Glens,N05000012,North Antrim,false,true,
N08000408,Ballymoney South,N09000004,Causeway Coast and Glens,N05000012,North Antrim,false,true,
N08000409,Castlerock,N09000004,Causeway Coast and Glens,N05000006,East Londonderry,false,true,
N08000410,Churchland,N09000004,Causeway Coast and Glens,N05000006,East Londonderry,false,true,
N08000411,Clogh Mills,N09000004,Causeway Coast and Glens,N05000012,North Antrim,false,true,
N08000412,Coolessan,N09000004,Causeway Coast and Glens,N05000006,East Londonderry,false,true,
N08000413,Dervock,N09000004,Causeway Coast and Glens,N05000012,North Antrim,false,true,
N08000414,Drumsurn,N09000004,Causeway Coast and Glens,N05000006,East Londonderry,false,true,
N08000415,Dundooan,N09000004,Causeway Coast and Glens,N05000006,East Londonderry,false,true,
N08000416,Dungiven,N09000004,Causeway Coast and Glens,N05000006,East Londonderry,false,true,
N08000417,Dunloy,N09000004,Causeway Coast and Glens,N05000012,North Antrim,false,true,
N08000418,Feeny,N09000004,Causeway Coast and Glens,N05000006,East Londonderry,false,true,
N08000419,Garvagh,N09000004,Causeway Coast and Glens,N05000006,East Londonderry,false,true,
N08000420,Giant's Causeway,N09000004,Causeway Coast and Glens,N05000012,North Antrim,false,true,
N08000421,Greysteel,N09000004,Causeway Coast and Glens,N05000006,East Londonderry,false,true,
N08000422,Greystone,N09000004,Causeway Coast and Glens,N05000006,East Londonderry,false,true,
N08000423,Hopefield,N09000004,Causeway Coast and Glens,N05000006,East Londonderry,false,true,
N08000424,Kilrea,N09000004,Causeway Coast and Glens,N05000006,East Londonderry,false,true,
N08000425,Kinbane,N09000004,Causeway Coast and Glens,N05000012,North Antrim,false,true,
N08000426,Loughguile and Stranocum,N09000004,Causeway Coast and Glens,N05000012,North Antrim,false,true,
N08000427,Lurigethan,N09000004,Causeway Coast and Glens,N05000005,East Antrim,false,true,
N08000428,Macosquin,N09000004,Causeway Coast and Glens,N05000006,East Londonderry,false,true,
N08000429,Magilligan,N09000004,Causeway Coast and Glens,N05000006,East Londonderry,false,true,
N08000430,Mountsandel,N09000004,Causeway Coast and Glens,N05000006,East Londonderry,false,true,
N08000431,Portrush and Dunluce,N09000004,Causeway Coast and Glens,N05000006,East Londonderry,false,true,
N08000432,Portstewart,N09000004,Causeway Coast and Glens,N05000006,East Londonderry,false,true,
N08000433,Quarry,N09000004,Causeway Coast and Glens,N05000006,East Londonderry,false,true,
N08000434,Rasharkin,N09000004,Causeway Coast and Glens,N05000012,North Antrim,false,true,
N08000435,Roeside,N09000004,Causeway Coast and Glens,N05000006,East Londonderry,false,true,
N08000436,Route,N09000004,Causeway Coast and Glens,N05000012,North Antrim,false,true,
N08000437,Torr Head and Rathlin,N09000004,Causeway Coast and Glens,N05000012,North Antrim,false,true,
N08000438,University,N09000004,Causeway Coast and Glens,N05000006,East Londonderry,false,true,
N08000439,Waterside,N09000004,Causeway Coast and Glens,N05000006,East Londonderry,false,true,
N08000440,Windy Hall,N09000004,Causeway Coast and Glens,N05000006,East Londonderry,false,true,
N08000501,Artigarvan,N09000005,Derry City and Strabane,N05000018,West Tyrone,false,true,
N08000502,Ballycolman,N09000005,Derry City and Strabane,N05000018,West Tyrone,false,true,
N08000503,Ballymagroarty,N09000005,Derry City and Strabane,N05000008,Foyle,false,true,
N08000504,Brandywell,N09000005,Derry City and Strabane,N05000008,Foyle,false,true,
N08000505,Carn Hill,N09000005,Derry City and Strabane,N05000008,Foyle,false,true,
N08000506,Castlederg,N09000005,Derry City and Strabane,N05000018,West Tyrone,false,true,
N08000507,Caw,N09000005,Derry City and Strabane,N05000008,Foyle,false,true,
N08000508,City Walls,N09000005,Derry City and Strabane,N05000008,Foyle,false,true,
N08000509,Claudy,N09000005,Derry City and Strabane,N05000006,East Londonderry,false,true,
N08000510,Clondermot,N09000005,Derry City and Strabane,N05000008,Foyle,false,true,
N08000511,Creggan,N09000005,Derry City and Strabane,N05000008,Foyle,false,true,
N08000512,Creggan South,N09000005,Derry City and Strabane,N05000008,Foyle,false,true,
N08000513,Culmore,N09000005,Derry City and Strabane,N05000008,Foyle,false,true,
N08000514,Drumahoe,N09000005,Derry City and Strabane,N05000008,Foyle,false,true,
N08000515,Dunnamanagh,N09000005,Derry City and Strabane,N05000018,West Tyrone,false,true,
N08000516,Ebrington,N09000005,Derry City and Strabane,N05000008,Foyle,false,true,
N08000517,Eglinton,N09000005,Derry City and Strabane,N05000006,East Londonderry,false,true,
N08000518,Enagh,N09000005,Derry City and Strabane,N05000008,Foyle,false,true,
N08000519,Finn,N09000005,Derry City and Strabane,N05000018,West Tyrone,false,true,
N08000520,Foyle Springs,N09000005,Derry City and Strabane,N05000008,Foyle,false,true,
N08000521,Galliagh,N09000005,Derry City and Strabane,N05000008,Foyle,false,true,
N08000522,Glenderg,N09000005,Derry City and Strabane,N05000018,West Tyrone,false,true,
N08000523,Glenelly Valley,N09000005,Derry City and Strabane,N05000018,West Tyrone,false,true,
N08000524,Kilfennan,N09000005,Derry City and Strabane,N05000008,Foyle,false,true,
N08000525,Lisnagelvin,N09000005,Derry City and Strabane,N05000008,Foyle,false,true,
N08000526,Madam's Bank,N09000005,Derry City and Strabane,N05000008,Foyle,false,true,
N08000527,New Buildings,N09000005,Derry City and Strabane,N05000008,Foyle,false,true,
N08000528,Newtownstewart,N09000005,Derry City and Strabane,N05000018,West Tyrone,false,true,
N08000529,Northland,N09000005,Derry City and Strabane,N05000008,Foyle,false,true,
N08000530,Park,N09000005,Derry City and Strabane,N05000006,East Londonderry,false,true,
N08000531,Shantallow,N09000005,Derry City and Strabane,N05000008,Foyle,false,true,
N08000532,Shantallow East,N09000005,Derry City and Strabane,N05000008,Foyle,false,true,
N08000533,Sheriff's Mountain,N09000005,Derry City and Strabane,N05000008,Foyle,false,true,
N08000534,Sion Mills,N09000005,Derry City and Strabane,N05000018,West Tyrone,false,true,
N08000535,Skeoge,N09000005,Derry City and Strabane,N05000008,Foyle,false,true,
N08000536,Slievekirk,N09000005,Derry City and Strabane,N05000018,West Tyrone,false,true,
N08000537,Springtown,N09000005,Derry City and Strabane,N05000008,Foyle,false,true,
N08000538,Strabane North,N09000005,Derry City and Strabane,N05000018,West Tyrone,false,true,
N08000539,Strabane West,N09000005,Derry City and Strabane,N05000018,West Tyrone,false,true,
N08000540,Victoria,N09000005,Derry City and Strabane,N05000008,Foyle,false,true,
N08000601,Ballinamallard,N09000006,Fermanagh and Omagh,N05000007,Fermanagh and South Tyrone,false,true,
N08000602,Belcoo and Garrison,N09000006,Fermanagh and Omagh,N05000007,Fermanagh and South Tyrone,false,true,
N08000603,Belleek and Boa,N09000006,Fermanagh and Omagh,N05000007,Fermanagh and South Tyrone,false,true,
N08000604,Beragh,N09000006,Fermanagh and Omagh,N05000018,West Tyrone,false,true,
N08000605,"Boho, Cleenish and Letterbreen",N09000006,Fermanagh and Omagh,N05000007,Fermanagh and South Tyrone,false,true,
N08000606,Brookeborough,N09000006,Fermanagh and Omagh,N05000007,Fermanagh and South Tyrone,false,true,
N08000607,Camowen,N09000006,Fermanagh and Omagh,N05000018,West Tyrone,false,true,
N08000608,Castlecoole,N09000006,Fermanagh and Omagh,N05000007,Fermanagh and South Tyrone,false,true,
N08000609,Coolnagard,N09000006,Fermanagh and Omagh,N05000018,West Tyrone,false,true,
N08000610,Dergmoney,N09000006,Fermanagh and Omagh,N05000018,West Tyrone,false,true,
N08000611,Derrygonnelly,N09000006,Fermanagh and Omagh,N05000007,Fermanagh and South Tyrone,false,true,
N08000612,Derrylin,N09000006,Fermanagh and Omagh,N05000007,Fermanagh and South Tyrone,false,true,
N08000613,Donagh,N09000006,Fermanagh and Omagh,N05000007,Fermanagh and South Tyrone,false,true,
N08000614,Dromore,N09000006,Fermanagh and Omagh,N05000018,West Tyrone,false,true,
N08000615,Drumnakilly,N09000006,Fermanagh and Omagh,N05000018,West Tyrone,false,true,
N08000616,Drumquin,N09000006,Fermanagh and Omagh,N05000018,West Tyrone,false,true,
N08000617,Ederney and Kesh,N09000006,Fermanagh and Omagh,N05000007,Fermanagh and South Tyrone,false,true,
N08000618,Erne,N09000006,Fermanagh and Omagh,N05000007,Fermanagh and South Tyrone,false,true,
N08000619,Fairy Water,N09000006,Fermanagh and Omagh,N05000018,West Tyrone,false,true,
N08000620,Fintona,N09000006,Fermanagh and Omagh,N05000018,West Tyrone,false,true,
N08000621,Florence Court and Kinawley,N09000006,Fermanagh and Omagh,N05000007,Fermanagh and South Tyrone,false,true,
N08000622,Gortin,N09000006,Fermanagh and Omagh,N05000018,West Tyrone,false,true,
N08000623,Gortrush,N09000006,Fermanagh and Omagh,N05000018,West Tyrone,false,true,
N08000624,Irvinestown,N09000006,Fermanagh and Omagh,N05000007,Fermanagh and South Tyrone,false,true,
N08000625,Killyclogher,N09000006,Fermanagh and Omagh,N05000018,West Tyrone,false,true,
N08000626,Lisbellaw,N09000006,Fermanagh and Omagh,N05000007,Fermanagh and South Tyrone,false,true,
N08000627,Lisnarrick,N09000006,Fermanagh and Omagh,N05000007,Fermanagh and South Tyrone,false,true,
N08000628,Lisnaskea,N09000006,Fermanagh and Omagh,N05000007,Fermanagh and South Tyrone,false,true,
N08000629,Maguiresbridge,N09000006,Fermanagh and Omagh,N05000007,Fermanagh and South Tyrone,false,true,
N08000630,Newtownbutler,N09000006,Fermanagh and Omagh,N05000007,Fermanagh and South Tyrone,false,true,
N08000631,Newtownsaville,N09000006,Fermanagh and Omagh,N05000018,West Tyrone,false,true,
N08000632,Owenkillew,N09000006,Fermanagh and Omagh,N05000018,West Tyrone,false,true,
N08000633,Portora,N09000006,Fermanagh and Omagh,N05000007,Fermanagh and South Tyrone,false,true,
N08000634,Rosslea,N09000006,Fermanagh and Omagh,N05000007,Fermanagh and South Tyrone,false,true,
N08000635,Rossorry,N09000006,Fermanagh and Omagh,N05000007,Fermanagh and South Tyrone,false,true,
N08000636,Sixmilecross,N09000006,Fermanagh and Omagh,N05000018,West Tyrone,false,true,
N08000637,Strule,N09000006,Fermanagh and Omagh,N05000018,West Tyrone,false,true,
N08000638,Tempo,N09000006,Fermanagh and Omagh,N05000007,Fermanagh and South Tyrone,false,true,
N08000639,Termon,N09000006,Fermanagh and Omagh,N05000018,West Tyrone,false,true,
N08000640,Trillick,N09000006,Fermanagh and Omagh,N05000018,West Tyrone,false,true,
N08000701,Ballinderry,N09000007,Lisburn and Castlereagh,N05000009,Lagan Valley,false,true,
N08000702,Ballyhanwood,N09000007,Lisburn and Castlereagh,N05000001,Belfast East,false,true,
N08000703,Ballymacash,N09000007,Lisburn and Castlereagh,N05000009,Lagan Valley,false,true,
N08000704,Ballymacbrennan,N09000007,Lisburn and Castlereagh,N05000009,Lagan Valley,false,true,
N08000705,Ballymacoss,N09000007,Lisburn and Castlereagh,N05000009,Lagan Valley,false,true,
N08000706,Beechill,N09000007,Lisburn and Castlereagh,N05000003,Belfast South and Mid Down,false,true,
N08000707,Blaris,N09000007,Lisburn and Castlereagh,N05000009,Lagan Valley,false,true,
N08000708,Cairnshill,N09000007,Lisburn and Castlereagh,N05000003,Belfast South and Mid Down,false,true,
N08000709,Carrowreagh,N09000007,Lisburn and Castlereagh,N05000001,Belfast East,false,true,
N08000710,Carryduff East,N09000007,Lisburn and Castlereagh,N05000003,Belfast South and Mid Down,false,true,
N08000711,Carryduff West,N09000007,Lisburn and Castlereagh,N05000003,Belfast South and Mid Down,false,true,
N08000712,Derryaghy,N09000007,Lisburn and Castlereagh,N05000004,Belfast West,false,true,
N08000713,Dromara,N09000007,Lisburn and Castlereagh,N05000009,Lagan Valley,false,true,
N08000714,Drumbo,N09000007,Lisburn and Castlereagh,N05000003,Belfast South and Mid Down,false,true,
N08000715,Dundonald,N09000007,Lisburn and Castlereagh,N05000001,Belfast East,false,true,
N08000716,Enler,N09000007,Lisburn and Castlereagh,N05000001,Belfast East,false,true,
N08000717,Galwally,N09000007,Lisburn and Castlereagh,N05000003,Belfast South and Mid Down,false,true,
N08000718,Glenavy,N09000007,Lisburn and Castlereagh,N05000014,South Antrim,false,true,
N08000719,Graham's Bridge,N09000007,Lisburn and Castlereagh,N05000001,Belfast East,false,true,
N08000720,Harmony Hill,N09000007,Lisburn and Castlereagh,N05000009,Lagan Valley,false,true,
N08000721,Hilden,N09000007,Lisburn and Castlereagh,N05000009,Lagan Valley,false,true,
N08000722,Hillhall,N09000007,Lisburn and Castlereagh,N05000009,Lagan Valley,false,true,
N08000723,Hillsborough,N09000007,Lisburn and Castlereagh,N05000009,Lagan Valley,false,true,
N08000724,Knockbracken,N09000007,Lisburn and Castlereagh,N05000003,Belfast South and Mid Down,false,true,
N08000725,Knockmore,N09000007,Lisburn and Castlereagh,N05000009,Lagan Valley,false,true,
N08000726,Lagan,N09000007,Lisburn and Castlereagh,N05000009,Lagan Valley,false,true,
N08000727,Lagan Valley,N09000007,Lisburn and Castlereagh,N05000009,Lagan Valley,false,true,
N08000728,Lambeg,N09000007,Lisburn and Castlereagh,N05000009,Lagan Valley,false,true,
N08000729,Lisnagarvey,N09000007,Lisburn and Castlereagh,N05000009,Lagan Valley,false,true,
N08000730,Maghaberry,N09000007,Lisburn and Castlereagh,N05000009,Lagan Valley,false,true,
N08000731,Magheralave,N09000007,Lisburn and Castlereagh,N05000009,Lagan Valley,false,true,
N08000732,Maze,N09000007,Lisburn and Castlereagh,N05000009,Lagan Valley,false,true,
N08000733,Moira,N09000007,Lisburn and Castlereagh,N05000009,Lagan Valley,false,true,
N08000734,Moneyreagh,N09000007,Lisburn and Castlereagh,N05000003,Belfast South and Mid Down,false,true,
N08000735,Newtownbreda,N09000007,Lisburn and Castlereagh,N05000003,Belfast South and Mid Down,false,true,
N08000736,Old Warren,N09000007,Lisburn and Castlereagh,N05000009,Lagan Valley,false,true,
N08000737,Ravernet,N09000007,Lisburn and Castlereagh,N05000009,Lagan Valley,false,true,
N08000738,Stonyford,N09000007,Lisburn and Castlereagh,N05000014,South Antrim,false,true,
N08000739,Wallace Park,N09000007,Lisburn and Castlereagh,N05000009,Lagan Valley,false,true,
N08000740,White Mountain,N09000007,Lisburn and Castlereagh,N05000009,Lagan Valley,false,true,
N08000801,Academy,N09000008,Mid and East Antrim,N05000012,North Antrim,false,true,
N08000802,Ahoghill,N09000008,Mid and East Antrim,N05000012,North Antrim,false,true,
N08000803,Ardeevin,N09000008,Mid and East Antrim,N05000012,North Antrim,false,true,
N08000804,Ballee and Harryville,N09000008,Mid and East Antrim,N05000012,North Antrim,false,true,
N08000805,Ballycarry and Glynn,N09000008,Mid and East Antrim,N05000005,East Antrim,false,true,
N08000806,Ballykeel,N09000008,Mid and East Antrim,N05000012,North Antrim,false,true,
N08000807,Boneybefore,N09000008,Mid and East Antrim,N05000005,East Antrim,false,true,
N08000808,Braidwater,N09000008,Mid and East Antrim,N05000012,North Antrim,false,true,
N08000809,Broughshane,N09000008,Mid and East Antrim,N05000012,North Antrim,false,true,
N08000810,Burleigh Hill,N09000008,Mid and East Antrim,N05000005,East Antrim,false,true,
N08000811,Cairncastle,N09000008,Mid and East Antrim,N05000005,East Antrim,false,true,
N08000812,Carnlough and Glenarm,N09000008,Mid and East Antrim,N05000005,East Antrim,false,true,
N08000813,Castle,N09000008,Mid and East Antrim,N05000005,East Antrim,false,true,
N08000814,Castle Demesne,N09000008,Mid and East Antrim,N05000012,North Antrim,false,true,
N08000815,Craigyhill,N09000008,Mid and East Antrim,N05000005,East Antrim,false,true,
N08000816,Cullybackey,N09000008,Mid and East Antrim,N05000012,North Antrim,false,true,
N08000817,Curran and Inver,N09000008,Mid and East Antrim,N05000005,East Antrim,false,true,
N08000818,Fair Green,N09000008,Mid and East Antrim,N05000012,North Antrim,false,true,
N08000819,Galgorm,N09000008,Mid and East Antrim,N05000012,North Antrim,false,true,
N08000820,Gardenmore,N09000008,Mid and East Antrim,N05000005,East Antrim,false,true,
N08000821,Glenravel,N09000008,Mid and East Antrim,N05000005,East Antrim,false,true,
N08000822,Glenwhirry,N09000008,Mid and East Antrim,N05000005,East Antrim,false,true,
N08000823,Gortalee,N09000008,Mid and East Antrim,N05000005,East Antrim,false,true,
N08000824,Grange,N09000008,Mid and East Antrim,N05000012,North Antrim,false,true,
N08000825,Greenisland,N09000008,Mid and East Antrim,N05000005,East Antrim,false,true,
N08000826,Islandmagee,N09000008,Mid and East Antrim,N05000005,East Antrim,false,true,
N08000827,Kells,N09000008,Mid and East Antrim,N05000012,North Antrim,false,true,
N08000828,Kilroot,N09000008,Mid and East Antrim,N05000005,East Antrim,false,true,
N08000829,Kilwaughter,N09000008,Mid and East Antrim,N05000005,East Antrim,false,true,
N08000830,Kirkinriola,N09000008,Mid and East Antrim,N05000012,North Antrim,false,true,
N08000831,Love Lane,N09000008,Mid and East Antrim,N05000005,East Antrim,false,true,
N08000832,Maine,N09000008,Mid and East Antrim,N05000012,North Antrim,false,true,
N08000833,Park,N09000008,Mid and East Antrim,N05000012,North Antrim,false,true,
N08000834,Portglenone,N09000008,Mid and East Antrim,N05000012,North Antrim,false,true,
N08000835,Slemish,N09000008,Mid and East Antrim,N05000005,East Antrim,false,true,
N08000836,Sunnylands,N09000008,Mid and East Antrim,N05000005,East Antrim,false,true,
N08000837,The Maidens,N09000008,Mid and East Antrim,N05000005,East Antrim,false,true,
N08000838,Victoria,N09000008,Mid and East Antrim,N05000005,East Antrim,false,true,
N08000839,Whitehead South,N09000008,Mid and East Antrim,N05000005,East Antrim,false,true,
N08000840,Woodburn,N09000008,Mid and East Antrim,N05000005,East Antrim,false,true,
N08000901,Ardboe,N09000009,Mid Ulster,N05000010,Mid Ulster,false,true,
N08000902,Augher and Clogher,N09000009,Mid Ulster,N05000007,Fermanagh and South Tyrone,false,true,
N08000903,Aughnacloy,N09000009,Mid Ulster,N05000007,Fermanagh and South Tyrone,false,true,
N08000904,Ballygawley,N09000009,Mid Ulster,N05000007,Fermanagh and South Tyrone,false,true,
N08000905,Ballymaguigan,N09000009,Mid Ulster,N05000010,Mid Ulster,false,true,
N08000906,Ballysaggart,N09000009,Mid Ulster,N05000007,Fermanagh and South Tyrone,false,true,
N08000907,Bellaghy,N09000009,Mid Ulster,N05000010,Mid Ulster,false,true,
N08000908,Caledon,N09000009,Mid Ulster,N05000007,Fermanagh and South Tyrone,false,true,
N08000909,Castlecaulfield,N09000009,Mid Ulster,N05000007,Fermanagh and South Tyrone,true,,
N08000909,Castlecaulfield,N09000009,Mid Ulster,N05000010,Mid Ulster,true,,
N08000910,Castledawson,N09000009,Mid Ulster,N05000010,Mid Ulster,false,true,
N08000911,Coagh,N09000009,Mid Ulster,N05000010,Mid Ulster,false,true,
N08000912,Coalisland North,N09000009,Mid Ulster,N05000010,Mid Ulster,false,true,
N08000913,Coalisland South,N09000009,Mid Ulster,N05000010,Mid Ulster,false,true,
N08000914,Cookstown East,N09000009,Mid Ulster,N05000010,Mid Ulster,false,true,
N08000915,Cookstown South,N09000009,Mid Ulster,N05000010,Mid Ulster,false,true,
N08000916,Cookstown West,N09000009,Mid Ulster,N05000010,Mid Ulster,false,true,
N08000917,Coolshinny,N09000009,Mid Ulster,N05000010,Mid Ulster,false,true,
N08000918,Donaghmore,N09000009,Mid Ulster,N05000010,Mid Ulster,false,true,
N08000919,Draperstown,N09000009,Mid Ulster,N05000010,Mid Ulster,false,true,
N08000920,Fivemiletown,N09000009,Mid Ulster,N05000007,Fermanagh and South Tyrone,false,true,
N08000921,Glebe,N09000009,Mid Ulster,N05000010,Mid Ulster,false,true,
N08000922,Killyman,N09000009,Mid Ulster,N05000010,Mid Ulster,false,true,
N08000923,Killymeal,N09000009,Mid Ulster,N05000007,Fermanagh and South Tyrone,false,true,
N08000924,Lissan,N09000009,Mid Ulster,N05000010,Mid Ulster,false,true,
N08000925,Loughry,N09000009,Mid Ulster,N05000010,Mid Ulster,false,true,
N08000926,Lower Glenshane,N09000009,Mid Ulster,N05000010,Mid Ulster,false,true,
N08000927,Maghera,N09000009,Mid Ulster,N05000010,Mid Ulster,false,true,
N08000928,Moy,N09000009,Mid Ulster,N05000007,Fermanagh and South Tyrone,false,true,
N08000929,Moygashel,N09000009,Mid Ulster,N05000007,Fermanagh and South Tyrone,false,true,
N08000930,Mullaghmore,N09000009,Mid Ulster,N05000007,Fermanagh and South Tyrone,false,true,
N08000931,Oaklands,N09000009,Mid Ulster,N05000010,Mid Ulster,false,true,
N08000932,Pomeroy,N09000009,Mid Ulster,N05000018,West Tyrone,false,true,
N08000933,Stewartstown,N09000009,Mid Ulster,N05000010,Mid Ulster,false,true,
N08000934,Swatragh,N09000009,Mid Ulster,N05000010,Mid Ulster,false,true,
N08000935,Tamlaght O'Crilly,N09000009,Mid Ulster,N05000010,Mid Ulster,false,true,
N08000936,The Loup,N09000009,Mid Ulster,N05000010,Mid Ulster,false,true,
N08000937,Tobermore,N09000009,Mid Ulster,N05000010,Mid Ulster,false,true,
N08000938,Town Parks East,N09000009,Mid Ulster,N05000010,Mid Ulster,false,true,
N08000939,Valley,N09000009,Mid Ulster,N05000010,Mid Ulster,false,true,
N08000940,Washing Bay,N09000009,Mid Ulster,N05000010,Mid Ulster,false,true,
N08001001,Abbey,N09000010,"Newry, Mourne and Down",N05000011,Newry and Armagh,false,true,
N08001002,Annalong,N09000010,"Newry, Mourne and Down",N05000015,South Down,false,true,
N08001003,Ballybot,N09000010,"Newry, Mourne and Down",N05000011,Newry and Armagh,false,true,
N08001004,Ballydugan,N09000010,"Newry, Mourne and Down",N05000015,South Down,false,true,
N08001005,Ballynahinch,N09000010,"Newry, Mourne and Down",N05000016,Strangford,false,true,
N08001006,Ballyward,N09000010,"Newry, Mourne and Down",N05000015,South Down,true,,
N08001006,Ballyward,N09000010,"Newry, Mourne and Down",N05000016,Strangford,true,,
N08001007,Bessbrook,N09000010,"Newry, Mourne and Down",N05000011,Newry and Armagh,false,true,
N08001008,Binnian,N09000010,"Newry, Mourne and Down",N05000015,South Down,false,true,
N08001009,Burren,N09000010,"Newry, Mourne and Down",N05000015,South Down,false,true,
N08001010,Camlough,N09000010,"Newry, Mourne and Down",N05000011,Newry and Armagh,false,true,
N08001011,Castlewellan,N09000010,"Newry, Mourne and Down",N05000015,South Down,false,true,
N08001012,Cathedral,N09000010,"Newry, Mourne and Down",N05000015,South Down,false,true,
N08001013,Crossgar and Killyleagh,N09000010,"Newry, Mourne and Down",N05000016,Strangford,false,true,
N08001014,Crossmaglen,N09000010,"Newry, Mourne and Down",N05000011,Newry and Armagh,false,true,
N08001015,Damolly,N09000010,"Newry, Mourne and Down",N05000011,Newry and Armagh,false,true,
N08001016,Derryboy,N09000010,"Newry, Mourne and Down",N05000016,Strangford,false,true,
N08001017,Derryleckagh,N09000010,"Newry, Mourne and Down",N05000015,South Down,false,true,
N08001018,Donard,N09000010,"Newry, Mourne and Down",N05000015,South Down,false,true,
N08001019,Drumalane,N09000010,"Newry, Mourne and Down",N05000011,Newry and Armagh,false,true,
N08001020,Drumaness,N09000010,"Newry, Mourne and Down",N05000016,Strangford,false,true,
N08001021,Dundrum,N09000010,"Newry, Mourne and Down",N05000015,South Down,false,true,
N08001022,Fathom,N09000010,"Newry, Mourne and Down",N05000011,Newry and Armagh,false,true,
N08001023,Forkhill,N09000010,"Newry, Mourne and Down",N05000011,Newry and Armagh,false,true,
N08001024,Hilltown,N09000010,"Newry, Mourne and Down",N05000015,South Down,false,true,
N08001025,Kilkeel,N09000010,"Newry, Mourne and Down",N05000015,South Down,false,true,
N08001026,Kilmore,N09000010,"Newry, Mourne and Down",N05000016,Strangford,false,true,
N08001027,Knocknashinna,N09000010,"Newry, Mourne and Down",N05000015,South Down,false,true,
N08001028,Lecale,N09000010,"Newry, Mourne and Down",N05000015,South Down,false,true,
N08001029,Lisnacree,N09000010,"Newry, Mourne and Down",N05000015,South Down,false,true,
N08001030,Mayobridge,N09000010,"Newry, Mourne and Down",N05000015,South Down,false,true,
N08001031,Mullaghbane,N09000010,"Newry, Mourne and Down",N05000011,Newry and Armagh,false,true,
N08001032,Murlough,N09000010,"Newry, Mourne and Down",N05000015,South Down,false,true,
N08001033,Newtownhamilton,N09000010,"Newry, Mourne and Down",N05000011,Newry and Armagh,false,true,
N08001034,Quoile,N09000010,"Newry, Mourne and Down",N05000016,Strangford,true,,
N08001034,Quoile,N09000010,"Newry, Mourne and Down",N05000015,South Down,true,,
N08001035,Rostrevor,N09000010,"Newry, Mourne and Down",N05000015,South Down,false,true,
N08001036,Saintfield,N09000010,"Newry, Mourne and Down",N05000003,Belfast South and Mid Down,false,true,
N08001037,St. Patrick's,N09000010,"Newry, Mourne and Down",N05000011,Newry and Armagh,false,true,
N08001038,Strangford,N09000010,"Newry, Mourne and Down",N05000016,Strangford,true,,
N08001038,Strangford,N09000010,"Newry, Mourne and Down",N05000015,South Down,true,,
N08001039,Tollymore,N09000010,"Newry, Mourne and Down",N05000015,South Down,false,true,
N08001040,Warrenpoint,N09000010,"Newry, Mourne and Down",N05000015,South Down,false,true,
N08001041,Whitecross,N09000010,"Newry, Mourne and Down",N05000011,Newry and Armagh,false,true,
N08001101,Ballycrochan,N09000011,Ards and North Down,N05000013,North Down,false,true,
N08001102,Ballygowan,N09000011,Ards and North Down,N05000016,Strangford,false,true,
N08001103,Ballygrainey,N09000011,Ards and North Down,N05000013,North Down,false,true,
N08001104,Ballyholme,N09000011,Ards and North Down,N05000013,North Down,false,true,
N08001105,Ballymagee,N09000011,Ards and North Down,N05000013,North Down,false,true,
N08001106,Ballywalter,N09000011,Ards and North Down,N05000016,Strangford,false,true,
N08001107,Bloomfield,N09000011,Ards and North Down,N05000013,North Down,false,true,
N08001108,Broadway,N09000011,Ards and North Down,N05000013,North Down,false,true,
N08001109,Bryansburn,N09000011,Ards and North Down,N05000013,North Down,false,true,
N08001110,Carrowdore,N09000011,Ards and North Down,N05000013,North Down,true,,
N08001110,Carrowdore,N09000011,Ards and North Down,N05000016,Strangford,true,,
N08001111,Castle,N09000011,Ards and North Down,N05000013,North Down,false,true,
N08001112,Clandeboye,N09000011,Ards and North Down,N05000013,North Down,false,true,
N08001113,Comber North,N09000011,Ards and North Down,N05000016,Strangford,false,true,
N08001114,Comber South,N09000011,Ards and North Down,N05000016,Strangford,false,true,
N08001115,Comber West,N09000011,Ards and North Down,N05000016,Strangford,false,true,
N08001116,Conway Square,N09000011,Ards and North Down,N05000016,Strangford,false,true,
N08001117,Cronstown,N09000011,Ards and North Down,N05000016,Strangford,false,true,
N08001118,Cultra,N09000011,Ards and North Down,N05000013,North Down,false,true,
N08001119,Donaghadee,N09000011,Ards and North Down,N05000013,North Down,false,true,
N08001120,Glen,N09000011,Ards and North Down,N05000016,Strangford,false,true,
N08001121,Gregstown,N09000011,Ards and North Down,N05000016,Strangford,false,true,
N08001122,Groomsport,N09000011,Ards and North Down,N05000013,North Down,false,true,
N08001123,Harbour,N09000011,Ards and North Down,N05000013,North Down,false,true,
N08001124,Helen's Bay,N09000011,Ards and North Down,N05000013,North Down,false,true,
N08001125,Holywood,N09000011,Ards and North Down,N05000013,North Down,false,true,
N08001126,Kilcooley,N09000011,Ards and North Down,N05000013,North Down,false,true,
N08001127,Killinchy,N09000011,Ards and North Down,N05000016,Strangford,false,true,
N08001128,Kircubbin,N09000011,Ards and North Down,N05000016,Strangford,false,true,
N08001129,Loughries,N09000011,Ards and North Down,N05000013,North Down,true,,
N08001129,Loughries,N09000011,Ards and North Down,N05000016,Strangford,true,,
N08001130,Loughview,N09000011,Ards and North Down,N05000013,North Down,false,true,
N08001131,Movilla,N09000011,Ards and North Down,N05000016,Strangford,false,true,
N08001132,Portaferry,N09000011,Ards and North Down,N05000016,Strangford,false,true,
N08001133,Portavogie,N09000011,Ards and North Down,N05000016,Strangford,false,true,
N08001134,Rathgael,N09000011,Ards and North Down,N05000013,North Down,false,true,
N08001135,Rathmore,N09000011,Ards and North Down,N05000013,North Down,false,true,
N08001136,Scrabo,N09000011,Ards and North Down,N05000016,Strangford,false,true,
N08001137,Silverbirch,N09000011,Ards and North Down,N05000013,North Down,false,true,
N08001138,Silverstream,N09000011,Ards and North Down,N05000013,North Down,false,true,
N08001139,Warren,N09000011,Ards and North Down,N05000013,North Down,false,true,
N08001140,West Winds,N09000011,Ards and North Down,N05000016,Strangford,false,true,
S13002516,South Kintyre,S12000035,Argyll and Bute,S14000067,"Argyll, Bute and South Lochaber",false,true,
S13002517,Kintyre and the Islands,S12000035,Argyll and Bute,S14000067,"Argyll, Bute and South Lochaber",false,true,
S13002518,Mid Argyll,S12000035,Argyll and Bute,S14000067,"Argyll, Bute and South Lochaber",false,true,
S13002519,Oban South and the Isles,S12000035,Argyll and Bute,S14000067,"Argyll, Bute and South Lochaber",false,true,
S13002520,Oban North and Lorn,S12000035,Argyll and Bute,S14000067,"Argyll, Bute and South Lochaber",false,true,
S13002521,Cowal,S12000035,Argyll and Bute,S14000067,"Argyll, Bute and South Lochaber",false,true,
S13002522,Dunoon,S12000035,Argyll and Bute,S14000067,"Argyll, Bute and South Lochaber",false,true,
S13002523,Isle of Bute,S12000035,Argyll and Bute,S14000067,"Argyll, Bute and South Lochaber",false,true,
S13002524,Lomond North,S12000035,Argyll and Bute,S14000067,"Argyll, Bute and South Lochaber",false,true,
S13002525,Helensburgh Central,S12000035,Argyll and Bute,S14000067,"Argyll, Bute and South Lochaber",false,true,
S13002526,Helensburgh and Lomond South,S12000035,Argyll and Bute,S14000067,"Argyll, Bute and South Lochaber",false,true,
S13002545,Strathmartine,S12000042,Dundee City,S14000075,Dundee Central,false,true,
S13002546,Lochee,S12000042,Dundee City,S14000075,Dundee Central,false,true,
S13002547,West End,S12000042,Dundee City,S14000075,Dundee Central,false,true,
S13002548,Coldside,S12000042,Dundee City,S14000075,Dundee Central,false,true,
S13002549,Maryfield,S12000042,Dundee City,S14000075,Dundee Central,false,true,
S13002551,East End,S12000042,Dundee City,S14000075,Dundee Central,true,true,3.7098
S13002551,East End,S12000042,Dundee City,S14000066,Arbroath and Broughty Ferry,true,false,1.6452
S13002552,The Ferry,S12000042,Dundee City,S14000066,Arbroath and Broughty Ferry,false,true,
S13002608,An Taobh Siar agus Nis,S12000013,Na h-Eileanan Siar,S14000027,Na h-Eileanan an Iar,false,true,
S13002734,Stromness and South Isles,S12000023,Orkney Islands,S14000051,Orkney and Shetland,false,true,
S13002735,West Mainland,S12000023,Orkney Islands,S14000051,Orkney and Shetland,false,true,
S13002737,North Isles,S12000023,Orkney Islands,S14000051,Orkney and Shetland,false,true,
S13002761,Tweeddale West,S12000026,Scottish Borders,S14000074,"Dumfriesshire, Clydesdale and Tweeddale",false,true,
S13002762,Tweeddale East,S12000026,Scottish Borders,S14000074,"Dumfriesshire, Clydesdale and Tweeddale",true,true,197.4276
S13002762,Tweeddale East,S12000026,Scottish Borders,S14000108,"Berwickshire, Roxburgh and Selkirk",true,false,77.9296
S13002763,Galashiels and District,S12000026,Scottish Borders,S14000108,"Berwickshire, Roxburgh and Selkirk",false,true,
S13002764,Selkirkshire,S12000026,Scottish Borders,S14000108,"Berwickshire, Roxburgh and Selkirk",false,true,
S13002765,Leaderdale and Melrose,S12000026,Scottish Borders,S14000108,"Berwickshire, Roxburgh and Selkirk",false,true,
S13002766,Mid Berwickshire,S12000026,Scottish Borders,S14000108,"Berwickshire, Roxburgh and Selkirk",false,true,
S13002767,East Berwickshire,S12000026,Scottish Borders,S14000108,"Berwickshire, Roxburgh and Selkirk",false,true,
S13002768,Kelso and District,S12000026,Scottish Borders,S14000108,"Berwickshire, Roxburgh and Selkirk",false,true,
S13002769,Jedburgh and District,S12000026,Scottish Borders,S14000108,"Berwickshire, Roxburgh and Selkirk",false,true,
S13002770,Hawick and Denholm,S12000026,Scottish Borders,S14000108,"Berwickshire, Roxburgh and Selkirk",false,true,
S13002771,Hawick and Hermitage,S12000026,Scottish Borders,S14000108,"Berwickshire, Roxburgh and Selkirk",false,true,
S13002772,North Isles,S12000027,Shetland Islands,S14000051,Orkney and Shetland,false,true,
S13002773,Shetland North,S12000027,Shetland Islands,S14000051,Orkney and Shetland,false,true,
S13002777,Lerwick North and Bressay,S12000027,Shetland Islands,S14000051,Orkney and Shetland,false,true,
S13002820,Linlithgow,S12000040,West Lothian,S14000068,Bathgate and Linlithgow,false,true,
S13002821,"Broxburn, Uphall and Winchburgh",S12000040,West Lothian,S14000095,Livingston,true,true,30.691
S13002821,"Broxburn, Uphall and Winchburgh",S12000040,West Lothian,S14000068,Bathgate and Linlithgow,true,false,8.3532
S13002822,Livingston North,S12000040,West Lothian,S14000095,Livingston,false,true,
S13002823,Livingston South,S12000040,West Lothian,S14000095,Livingston,false,true,
S13002824,East Livingston and East Calder,S12000040,West Lothian,S14000095,Livingston,false,true,
S13002825,Fauldhouse and the Breich Valley,S12000040,West Lothian,S14000095,Livingston,false,true,
S13002826,Whitburn and Blackburn,S12000040,West Lothian,S14000068,Bathgate and Linlithgow,false,true,
S13002827,Bathgate,S12000040,West Lothian,S14000068,Bathgate and Linlithgow,false,true,
S13002828,Armadale and Blackridge,S12000040,West Lothian,S14000068,Bathgate and Linlithgow,false,true,
S13002830,North East,S12000042,Dundee City,S14000066,Arbroath and Broughty Ferry,false,true,
S13002835,Dyce/Bucksburn/Danestone,S12000033,Aberdeen City,S14000060,Aberdeen North,false,true,
S13002836,Bridge of Don,S12000033,Aberdeen City,S14000060,Aberdeen North,false,true,
S13002837,Kingswells/Sheddocksley/Summerhill,S12000033,Aberdeen City,S14000060,Aberdeen North,false,true,
S13002838,Northfield/Mastrick North,S12000033,Aberdeen City,S14000060,Aberdeen North,false,true,
S13002839,Hilton/Woodside/Stockethill,S12000033,Aberdeen City,S14000060,Aberdeen North,false,true,
S13002840,Tillydrone/Seaton/Old Aberdeen,S12000033,Aberdeen City,S14000060,Aberdeen North,false,true,
S13002841,Midstocket/Rosemount,S12000033,Aberdeen City,S14000060,Aberdeen North,true,true,2.8478
S13002841,Midstocket/Rosemount,S12000033,Aberdeen City,S14000061,Aberdeen South,true,false,0.4695
S13002842,George St/Harbour,S12000033,Aberdeen City,S14000061,Aberdeen South,false,true,
S13002843,Lower Deeside,S12000033,Aberdeen City,S14000061,Aberdeen South,false,true,
S13002844,Hazlehead/Queens Cross/Countesswells,S12000033,Aberdeen City,S14000061,Aberdeen South,false,true,
S13002845,Airyhall/Broomhill/Garthdee,S12000033,Aberdeen City,S14000061,Aberdeen South,false,true,
S13002846,Torry/Ferryhill,S12000033,Aberdeen City,S14000061,Aberdeen South,false,true,
S13002847,Kincorth/Nigg/Cove,S12000033,Aberdeen City,S14000061,Aberdeen South,false,true,
S13002848,Banff and District,S12000034,Aberdeenshire,S14000062,Aberdeenshire North and Moray East,false,true,
S13002849,Troup,S12000034,Aberdeenshire,S14000062,Aberdeenshire North and Moray East,false,true,
S13002850,Fraserburgh and District,S12000034,Aberdeenshire,S14000062,Aberdeenshire North and Moray East,false,true,
S13002851,Central Buchan,S12000034,Aberdeenshire,S14000091,Gordon and Buchan,true,true,194.4228
S13002851,Central Buchan,S12000034,Aberdeenshire,S14000062,Aberdeenshire North and Moray East,true,false,190.9946
S13002852,Peterhead North and Rattray,S12000034,Aberdeenshire,S14000062,Aberdeenshire North and Moray East,false,true,
S13002853,Peterhead South and Cruden,S12000034,Aberdeenshire,S14000062,Aberdeenshire North and Moray East,false,true,
S13002854,Turriff and District,S12000034,Aberdeenshire,S14000091,Gordon and Buchan,false,true,
S13002855,Mid Formartine,S12000034,Aberdeenshire,S14000091,Gordon and Buchan,false,true,
S13002856,Ellon and District,S12000034,Aberdeenshire,S14000091,Gordon and Buchan,false,true,
S13002857,West Garioch,S12000034,Aberdeenshire,S14000091,Gordon and Buchan,true,true,221.9208
S13002857,West Garioch,S12000034,Aberdeenshire,S14000111,West Aberdeenshire and Kincardine,true,false,17.8698
S13002858,Inverurie and District,S12000034,Aberdeenshire,S14000091,Gordon and Buchan,false,true,
S13002859,East Garioch,S12000034,Aberdeenshire,S14000091,Gordon and Buchan,true,true,103.3415
S13002859,East Garioch,S12000034,Aberdeenshire,S14000111,West Aberdeenshire and Kincardine,true,false,17.406
S13002860,Westhill and District,S12000034,Aberdeenshire,S14000111,West Aberdeenshire and Kincardine,false,true,
S13002861,"Huntly, Strathbogie and Howe of Alford",S12000034,Aberdeenshire,S14000091,Gordon and Buchan,true,true,652.5033
S13002861,"Huntly, Strathbogie and Howe of Alford",S12000034,Aberdeenshire,S14000111,West Aberdeenshire and Kincardine,true,false,147.6948
S13002862,"Aboyne, Upper Deeside and Donside",S12000034,Aberdeenshire,S14000111,West Aberdeenshire and Kincardine,false,true,
S13002863,Banchory and Mid Deeside,S12000034,Aberdeenshire,S14000111,West Aberdeenshire and Kincardine,false,true,
S13002864,North Kincardine,S12000034,Aberdeenshire,S14000111,West Aberdeenshire and Kincardine,false,true,
S13002865,Stonehaven and Lower Deeside,S12000034,Aberdeenshire,S14000111,West Aberdeenshire and Kincardine,false,true,
S13002866,Mearns,S12000034,Aberdeenshire,S14000111,West Aberdeenshire and Kincardine,false,true,
S13002867,Kirriemuir and Dean,S12000041,Angus,S14000065,Angus and Perthshire Glens,false,true,
S13002868,Brechin and Edzell,S12000041,Angus,S14000065,Angus and Perthshire Glens,false,true,
S13002869,Forfar and District,S12000041,Angus,S14000065,Angus and Perthshire Glens,false,true,
S13002870,Monifieth and Sidlaw,S12000041,Angus,S14000065,Angus and Perthshire Glens,true,true,101.9525
S13002870,Monifieth and Sidlaw,S12000041,Angus,S14000066,Arbroath and Broughty Ferry,true,false,54.1147
S13002871,Carnoustie and District,S12000041,Angus,S14000066,Arbroath and Broughty Ferry,false,true,
S13002872,"Arbroath West, Letham and Friockheim",S12000041,Angus,S14000066,Arbroath and Broughty Ferry,false,true,
S13002873,Arbroath East and Lunan,S12000041,Angus,S14000066,Arbroath and Broughty Ferry,false,true,
S13002874,Montrose and District,S12000041,Angus,S14000065,Angus and Perthshire Glens,false,true,
S13002875,Clackmannanshire West,S12000005,Clackmannanshire,S14000064,Alloa and Grangemouth,false,true,
S13002876,Clackmannanshire North,S12000005,Clackmannanshire,S14000064,Alloa and Grangemouth,false,true,
S13002877,Clackmannanshire Central,S12000005,Clackmannanshire,S14000064,Alloa and Grangemouth,false,true,
S13002878,Clackmannanshire South,S12000005,Clackmannanshire,S14000064,Alloa and Grangemouth,false,true,
S13002879,Clackmannanshire East,S12000005,Clackmannanshire,S14000076,Dunfermline and Dollar,true,true,58.7578
S13002879,Clackmannanshire East,S12000005,Clackmannanshire,S14000064,Alloa and Grangemouth,true,false,11.8472
S13002880,Stranraer and the Rhins,S12000006,Dumfries and Galloway,S14000073,Dumfries and Galloway,false,true,
S13002881,Mid Galloway and Wigtown West,S12000006,Dumfries and Galloway,S14000073,Dumfries and Galloway,false,true,
S13002882,Dee and Glenkens,S12000006,Dumfries and Galloway,S14000073,Dumfries and Galloway,false,true,
S13002883,Castle Douglas and Crocketford,S12000006,Dumfries and Galloway,S14000073,Dumfries and Galloway,false,true,
S13002884,Abbey,S12000006,Dumfries and Galloway,S14000073,Dumfries and Galloway,false,true,
S13002885,North West Dumfries,S12000006,Dumfries and Galloway,S14000073,Dumfries and Galloway,false,true,
S13002886,Mid and Upper Nithsdale,S12000006,Dumfries and Galloway,S14000074,"Dumfriesshire, Clydesdale and Tweeddale",true,true,665.2105
S13002886,Mid and Upper Nithsdale,S12000006,Dumfries and Galloway,S14000073,Dumfries and Galloway,true,false,197.2829
S13002887,Lochar,S12000006,Dumfries and Galloway,S14000074,"Dumfriesshire, Clydesdale and Tweeddale",true,true,169.875
S13002887,Lochar,S12000006,Dumfries and Galloway,S14000073,Dumfries and Galloway,true,false,27.8451
S13002888,Nith,S12000006,Dumfries and Galloway,S14000073,Dumfries and Galloway,false,true,
S13002889,Annandale South,S12000006,Dumfries and Galloway,S14000074,"Dumfriesshire, Clydesdale and Tweeddale",false,true,
S13002890,Annandale North,S12000006,Dumfries and Galloway,S14000074,"Dumfriesshire, Clydesdale and Tweeddale",false,true,
S13002891,Annandale East and Eskdale,S12000006,Dumfries and Galloway,S14000074,"Dumfriesshire, Clydesdale and Tweeddale",false,true,
S13002892,Annick,S12000008,East Ayrshire,S14000110,Kilmarnock and Loudoun,false,true,
S13002893,Kilmarnock North,S12000008,East Ayrshire,S14000110,Kilmarnock and Loudoun,false,true,
S13002894,Kilmarnock West and Crosshouse,S12000008,East Ayrshire,S14000110,Kilmarnock and Loudoun,false,true,
S13002895,Kilmarnock East and Hurlford,S12000008,East Ayrshire,S14000110,Kilmarnock and Loudoun,false,true,
S13002896,Kilmarnock South,S12000008,East Ayrshire,S14000110,Kilmarnock and Loudoun,false,true,
S13002897,Irvine Valley,S12000008,East Ayrshire,S14000110,Kilmarnock and Loudoun,false,true,
S13002898,Ballochmyle,S12000008,East Ayrshire,S14000110,Kilmarnock and Loudoun,false,true,
S13002899,Cumnock and New Cumnock,S12000008,East Ayrshire,S14000107,"Ayr, Carrick and Cumnock",true,true,307.4516
S13002899,Cumnock and New Cumnock,S12000008,East Ayrshire,S14000110,Kilmarnock and Loudoun,true,false,6.6183
S13002900,Doon Valley,S12000008,East Ayrshire,S14000107,"Ayr, Carrick and Cumnock",false,true,
S13002901,Milngavie,S12000045,East Dunbartonshire,S14000097,Mid Dunbartonshire,false,true,
S13002902,Bearsden North,S12000045,East Dunbartonshire,S14000097,Mid Dunbartonshire,false,true,
S13002903,Bearsden South,S12000045,East Dunbartonshire,S14000097,Mid Dunbartonshire,false,true,
S13002904,Bishopbriggs North and Campsie,S12000045,East Dunbartonshire,S14000097,Mid Dunbartonshire,false,true,
S13002905,Bishopbriggs South,S12000045,East Dunbartonshire,S14000097,Mid Dunbartonshire,false,true,
S13002906,Lenzie and Kirkintilloch South,S12000045,East Dunbartonshire,S14000097,Mid Dunbartonshire,true,true,7.6453
S13002906,Lenzie and Kirkintilloch South,S12000045,East Dunbartonshire,S14000072,Cumbernauld and Kirkintilloch,true,false,3.4486
S13002907,Kirkintilloch East and North and Twechar,S12000045,East Dunbartonshire,S14000072,Cumbernauld and Kirkintilloch,true,true,17.315
S13002907,Kirkintilloch East and North and Twechar,S12000045,East Dunbartonshire,S14000097,Mid Dunbartonshire,true,false,2.399
S13002908,Musselburgh,S12000010,East Lothian,S14000078,Edinburgh East and Musselburgh,true,true,9.7062
S13002908,Musselburgh,S12000010,East Lothian,S14000096,Lothian East,true,false,3.7591
S13002909,"Preston, Seton and Gosford",S12000010,East Lothian,S14000096,Lothian East,false,true,
S13002910,"Tranent, Wallyford and Macmerry",S12000010,East Lothian,S14000096,Lothian East,false,true,
S13002911,North Berwick Coastal,S12000010,East Lothian,S14000096,Lothian East,false,true,
S13002912,Haddington and Lammermuir,S12000010,East Lothian,S14000096,Lothian East,false,true,
S13002913,Dunbar and East Linton,S12000010,East Lothian,S14000096,Lothian East,false,true,
S13002914,"Barrhead, Liboside and Uplawmoor",S12000011,East Renfrewshire,S14000021,East Renfrewshire,false,true,
S13002915,Newton Mearns North and Neilston,S12000011,East Renfrewshire,S14000021,East Renfrewshire,false,true,
S13002916,Giffnock and Thornliebank,S12000011,East Renfrewshire,S14000021,East Renfrewshire,false,true,
S13002917,"Clarkston, Netherlee and Williamwood",S12000011,East Renfrewshire,S14000021,East Renfrewshire,false,true,
S13002918,Newton Mearns South and Eaglesham,S12000011,East Renfrewshire,S14000021,East Renfrewshire,false,true,
S13002919,Almond,S12000036,City of Edinburgh,S14000082,Edinburgh West,true,true,70.3916
S13002919,Almond,S12000036,City of Edinburgh,S14000079,Edinburgh North and Leith,true,false,1.6571
S13002919,Almond,S12000036,City of Edinburgh,S14000081,Edinburgh South West,true,false,0.0
S13002920,Pentland Hills,S12000036,City of Edinburgh,S14000081,Edinburgh South West,true,true,61.8685
S13002920,Pentland Hills,S12000036,City of Edinburgh,S14000082,Edinburgh West,true,false,18.3244
S13002921,Drum Brae/Gyle,S12000036,City of Edinburgh,S14000082,Edinburgh West,true,true,6.3668
S13002921,Drum Brae/Gyle,S12000036,City of Edinburgh,S14000081,Edinburgh South West,true,false,0.8521
S13002922,Forth,S12000036,City of Edinburgh,S14000079,Edinburgh North and Leith,false,true,
S13002923,Inverleith,S12000036,City of Edinburgh,S14000082,Edinburgh West,true,true,4.2614
S13002923,Inverleith,S12000036,City of Edinburgh,S14000079,Edinburgh North and Leith,true,false,3.4713
S13002924,Corstorphine/Murrayfield,S12000036,City of Edinburgh,S14000082,Edinburgh West,false,true,
S13002925,Sighthill/Gorgie,S12000036,City of Edinburgh,S14000081,Edinburgh South West,true,true,5.2742
S13002925,Sighthill/Gorgie,S12000036,City of Edinburgh,S14000082,Edinburgh West,true,false,0.7323
S13002926,Colinton/Fairmilehead,S12000036,City of Edinburgh,S14000081,Edinburgh South West,true,true,15.8671
S13002926,Colinton/Fairmilehead,S12000036,City of Edinburgh,S14000080,Edinburgh South,true,false,4.114
S13002927,Fountainbridge/Craiglockhart,S12000036,City of Edinburgh,S14000081,Edinburgh South West,false,true,
S13002928,Morningside,S12000036,City of Edinburgh,S14000080,Edinburgh South,true,true,5.7232
S13002928,Morningside,S12000036,City of Edinburgh,S14000081,Edinburgh South West,true,false,0.4753
S13002929,City Centre,S12000036,City of Edinburgh,S14000078,Edinburgh East and Musselburgh,true,true,1.9717
S13002929,City Centre,S12000036,City of Edinburgh,S14000079,Edinburgh North and Leith,true,false,1.9255
S13002929,City Centre,S12000036,City of Edinburgh,S14000082,Edinburgh West,true,false,0.577
S13002929,City Centre,S12000036,City of Edinburgh,S14000081,Edinburgh South West,true,false,0.5003
S13002930,Leith Walk,S12000036,City of Edinburgh,S14000079,Edinburgh North and Leith,true,true,2.2901
S13002930,Leith Walk,S12000036,City of Edinburgh,S14000078,Edinburgh East and Musselburgh,true,false,0.372
S13002931,Leith,S12000036,City of Edinburgh,S14000079,Edinburgh North and Leith,true,true,4.9295
S13002931,Leith,S12000036,City of Edinburgh,S14000078,Edinburgh East and Musselburgh,true,false,0.639
S13002932,Craigentinny/Duddingston,S12000036,City of Edinburgh,S14000078,Edinburgh East and Musselburgh,false,true,
S13002933,Southside/Newington,S12000036,City of Edinburgh,S14000080,Edinburgh South,true,true,6.546
S13002933,Southside/Newington,S12000036,City of Edinburgh,S14000078,Edinburgh East and Musselburgh,true,false,0.8643
S13002934,Liberton/Gilmerton,S12000036,City of Edinburgh,S14000080,Edinburgh South,false,true,
S13002935,Portobello/Craigmillar,S12000036,City of Edinburgh,S14000078,Edinburgh East and Musselburgh,false,true,
S13002936,Bo'ness and Blackness,S12000014,Falkirk,S14000068,Bathgate and Linlithgow,false,true,
S13002937,Grangemouth,S12000014,Falkirk,S14000064,Alloa and Grangemouth,false,true,
S13002938,Denny and Banknock,S12000014,Falkirk,S14000083,Falkirk,false,true,
S13002939,"Carse, Kinnaird and Tryst",S12000014,Falkirk,S14000064,Alloa and Grangemouth,false,true,
S13002940,Bonnybridge and Larbert,S12000014,Falkirk,S14000083,Falkirk,true,true,16.9238
S13002940,Bonnybridge and Larbert,S12000014,Falkirk,S14000064,Alloa and Grangemouth,true,false,15.8078
S13002941,Falkirk North,S12000014,Falkirk,S14000083,Falkirk,false,true,
S13002942,Falkirk South,S12000014,Falkirk,S14000083,Falkirk,false,true,
S13002943,Lower Braes,S12000014,Falkirk,S14000083,Falkirk,false,true,
S13002944,Upper Braes,S12000014,Falkirk,S14000083,Falkirk,false,true,
S13002946,Dunfermline North,S12000047,Fife,S14000076,Dunfermline and Dollar,true,true,13.7513
S13002946,Dunfermline North,S12000047,Fife,S14000071,Cowdenbeath and Kirkcaldy,true,false,4.5574
S13002947,Dunfermline Central,S12000047,Fife,S14000076,Dunfermline and Dollar,false,true,
S13002948,Dunfermline South,S12000047,Fife,S14000076,Dunfermline and Dollar,false,true,
S13002949,Rosyth,S12000047,Fife,S14000076,Dunfermline and Dollar,false,true,
S13002950,Inverkeithing and Dalgety Bay,S12000047,Fife,S14000071,Cowdenbeath and Kirkcaldy,false,true,
S13002953,"Burntisland, Kinghorn and Western Kirkcaldy",S12000047,Fife,S14000071,Cowdenbeath and Kirkcaldy,false,true,
S13002954,Kirkcaldy North,S12000047,Fife,S14000071,Cowdenbeath and Kirkcaldy,false,true,
S13002955,Kirkcaldy Central,S12000047,Fife,S14000071,Cowdenbeath and Kirkcaldy,false,true,
S13002956,Kirkcaldy East,S12000047,Fife,S14000071,Cowdenbeath and Kirkcaldy,false,true,
S13002958,"Glenrothes North, Leslie and Markinch",S12000047,Fife,S14000090,Glenrothes and Mid Fife,false,true,
S13002959,Glenrothes Central and Thornton,S12000047,Fife,S14000090,Glenrothes and Mid Fife,false,true,
S13002960,Howe of Fife and Tay Coast,S12000047,Fife,S14000100,North East Fife,false,true,
S13002961,Tay Bridgehead,S12000047,Fife,S14000100,North East Fife,false,true,
S13002962,St Andrews,S12000047,Fife,S14000100,North East Fife,false,true,
S13002963,East Neuk and Landward,S12000047,Fife,S14000100,North East Fife,false,true,
S13002964,Cupar,S12000047,Fife,S14000100,North East Fife,false,true,
S13002965,"Leven, Kennoway and Largo",S12000047,Fife,S14000100,North East Fife,false,true,
S13002966,"Buckhaven, Methil and Wemyss Villages",S12000047,Fife,S14000090,Glenrothes and Mid Fife,false,true,
S13002967,Linn,S12000049,Glasgow City,S14000087,Glasgow South,false,true,
S13002968,Newlands/Auldburn,S12000049,Glasgow City,S14000087,Glasgow South,true,true,9.3897
S13002968,Newlands/Auldburn,S12000049,Glasgow City,S14000088,Glasgow South West,true,false,0.6197
S13002969,Greater Pollok,S12000049,Glasgow City,S14000088,Glasgow South West,false,true,
S13002970,Cardonald,S12000049,Glasgow City,S14000101,Paisley and Renfrewshire North,true,true,3.7854
S13002970,Cardonald,S12000049,Glasgow City,S14000088,Glasgow South West,true,false,3.503
S13002971,Govan,S12000049,Glasgow City,S14000088,Glasgow South West,false,true,
S13002972,Pollokshields,S12000049,Glasgow City,S14000088,Glasgow South West,true,true,5.4634
S13002972,Pollokshields,S12000049,Glasgow City,S14000087,Glasgow South,true,false,0.8426
S13002973,Langside,S12000049,Glasgow City,S14000087,Glasgow South,false,true,
S13002974,Southside Central,S12000049,Glasgow City,S14000084,Glasgow East,true,true,3.6926
S13002974,Southside Central,S12000049,Glasgow City,S14000087,Glasgow South,true,false,0.7059
S13002975,Calton,S12000049,Glasgow City,S14000084,Glasgow East,true,true,5.9414
S13002975,Calton,S12000049,Glasgow City,S14000086,Glasgow North East,true,false,0.4183
S13002976,Anderston/City/Yorkhill,S12000049,Glasgow City,S14000085,Glasgow North,true,true,4.1797
S13002976,Anderston/City/Yorkhill,S12000049,Glasgow City,S14000086,Glasgow North East,true,false,0.6898
S13002976,Anderston/City/Yorkhill,S12000049,Glasgow City,S14000084,Glasgow East,true,false,0.6028
S13002977,Hillhead,S12000049,Glasgow City,S14000085,Glasgow North,false,true,
S13002978,Victoria Park,S12000049,Glasgow City,S14000089,Glasgow West,false,true,
S13002979,Garscadden/Scotstounhill,S12000049,Glasgow City,S14000089,Glasgow West,true,true,5.3495
S13002979,Garscadden/Scotstounhill,S12000049,Glasgow City,S14000106,West Dunbartonshire,true,false,0.6367
S13002980,Drumchapel/Anniesland,S12000049,Glasgow City,S14000089,Glasgow West,false,true,
S13002981,Maryhill,S12000049,Glasgow City,S14000085,Glasgow North,false,true,
S13002982,Canal,S12000049,Glasgow City,S14000085,Glasgow North,false,true,
S13002983,Springburn/Robroyston,S12000049,Glasgow City,S14000086,Glasgow North East,false,true,
S13002984,East Centre,S12000049,Glasgow City,S14000086,Glasgow North East,false,true,
S13002985,Shettleston,S12000049,Glasgow City,S14000084,Glasgow East,false,true,
S13002986,Baillieston,S12000049,Glasgow City,S14000084,Glasgow East,true,true,7.7476
S13002986,Baillieston,S12000049,Glasgow City,S14000086,Glasgow North East,true,false,2.3277
S13002988,Dennistoun,S12000049,Glasgow City,S14000086,Glasgow North East,false,true,
S13002989,Partick East/Kelvindale,S12000049,Glasgow City,S14000089,Glasgow West,true,true,2.2439
S13002989,Partick East/Kelvindale,S12000049,Glasgow City,S14000085,Glasgow North,true,false,1.6758
S13002990,"North, West and Central Sutherland",S12000017,Highland,S14000069,"Caithness, Sutherland and Easter Ross",false,true,
S13002991,Thurso and Northwest Caithness,S12000017,Highland,S14000069,"Caithness, Sutherland and Easter Ross",false,true,
S13002992,Wick and East Caithness,S12000017,Highland,S14000069,"Caithness, Sutherland and Easter Ross",false,true,
S13002993,East Sutherland and Edderton,S12000017,Highland,S14000069,"Caithness, Sutherland and Easter Ross",false,true,
S13002994,"Wester Ross, Strathpeffer and Lochalsh",S12000017,Highland,S14000094,"Inverness, Skye and West Ross-shire",true,true,2574.3346
S13002994,"Wester Ross, Strathpeffer and Lochalsh",S12000017,Highland,S14000069,"Caithness, Sutherland and Easter Ross",true,false,2373.3609
S13002995,Cromarty Firth,S12000017,Highland,S14000069,"Caithness, Sutherland and Easter Ross",false,true,
S13002996,Tain and Easter Ross,S12000017,Highland,S14000069,"Caithness, Sutherland and Easter Ross",false,true,
S13002997,Dingwall and Seaforth,S12000017,Highland,S14000069,"Caithness, Sutherland and Easter Ross",false,true,
S13002998,Black Isle,S12000017,Highland,S14000069,"Caithness, Sutherland and Easter Ross",false,true,
S13002999,Eilean á Chèo,S12000017,Highland,S14000094,"Inverness, Skye and West Ross-shire",false,true,
S13003000,Caol and Mallaig,S12000017,Highland,S14000094,"Inverness, Skye and West Ross-shire",false,true,
S13003001,Aird and Loch Ness,S12000017,Highland,S14000094,"Inverness, Skye and West Ross-shire",true,true,2229.3172
S13003001,Aird and Loch Ness,S12000017,Highland,S14000069,"Caithness, Sutherland and Easter Ross",true,false,230.5643
S13003002,Inverness West,S12000017,Highland,S14000094,"Inverness, Skye and West Ross-shire",false,true,
S13003003,Inverness Central,S12000017,Highland,S14000094,"Inverness, Skye and West Ross-shire",false,true,
S13003004,Inverness Ness-side,S12000017,Highland,S14000094,"Inverness, Skye and West Ross-shire",false,true,
S13003005,Inverness Millburn,S12000017,Highland,S14000094,"Inverness, Skye and West Ross-shire",false,true,
S13003006,Culloden and Ardersier,S12000017,Highland,S14000098,"Moray West, Nairn and Strathspey",true,true,80.3994
S13003006,Culloden and Ardersier,S12000017,Highland,S14000094,"Inverness, Skye and West Ross-shire",true,false,11.5502
S13003007,Nairn and Cawdor,S12000017,Highland,S14000098,"Moray West, Nairn and Strathspey",false,true,
S13003008,Inverness South,S12000017,Highland,S14000094,"Inverness, Skye and West Ross-shire",false,true,
S13003009,Badenoch and Strathspey,S12000017,Highland,S14000098,"Moray West, Nairn and Strathspey",false,true,
S13003010,Fort William and Ardnamurchan,S12000017,Highland,S14000067,"Argyll, Bute and South Lochaber",true,true,2137.77
S13003010,Fort William and Ardnamurchan,S12000017,Highland,S14000094,"Inverness, Skye and West Ross-shire",true,false,452.9972
S13003011,Inverclyde East,S12000018,Inverclyde,S14000093,Inverclyde and Renfrewshire West,false,true,
S13003012,Inverclyde East Central,S12000018,Inverclyde,S14000093,Inverclyde and Renfrewshire West,false,true,
S13003013,Inverclyde Central,S12000018,Inverclyde,S14000093,Inverclyde and Renfrewshire West,false,true,
S13003014,Inverclyde North,S12000018,Inverclyde,S14000093,Inverclyde and Renfrewshire West,false,true,
S13003015,Inverclyde West,S12000018,Inverclyde,S14000093,Inverclyde and Renfrewshire West,false,true,
S13003016,Inverclyde South West,S12000018,Inverclyde,S14000093,Inverclyde and Renfrewshire West,false,true,
S13003017,Inverclyde South,S12000018,Inverclyde,S14000093,Inverclyde and Renfrewshire West,false,true,
S13003018,Penicuik,S12000019,Midlothian,S14000045,Midlothian,false,true,
S13003019,Bonnyrigg,S12000019,Midlothian,S14000045,Midlothian,false,true,
S13003020,Dalkeith,S12000019,Midlothian,S14000045,Midlothian,false,true,
S13003021,Midlothian West,S12000019,Midlothian,S14000045,Midlothian,false,true,
S13003022,Midlothian East,S12000019,Midlothian,S14000045,Midlothian,false,true,
S13003023,Midlothian South,S12000019,Midlothian,S14000045,Midlothian,false,true,
S13003024,Speyside Glenlivet,S12000020,Moray,S14000098,"Moray West, Nairn and Strathspey",false,true,
S13003025,Keith and Cullen,S12000020,Moray,S14000062,Aberdeenshire North and Moray East,false,true,
S13003026,Buckie,S12000020,Moray,S14000062,Aberdeenshire North and Moray East,false,true,
S13003027,Fochabers Lhanbryde,S12000020,Moray,S14000098,"Moray West, Nairn and Strathspey",true,true,142.7418
S13003027,Fochabers Lhanbryde,S12000020,Moray,S14000062,Aberdeenshire North and Moray East,true,false,87.1009
S13003028,Heldon and Laich,S12000020,Moray,S14000098,"Moray West, Nairn and Strathspey",false,true,
S13003029,Elgin City North,S12000020,Moray,S14000098,"Moray West, Nairn and Strathspey",false,true,
S13003030,Elgin City South,S12000020,Moray,S14000098,"Moray West, Nairn and Strathspey",false,true,
S13003031,Forres,S12000020,Moray,S14000098,"Moray West, Nairn and Strathspey",false,true,
S13003032,Irvine West,S12000021,North Ayrshire,S14000109,Central Ayrshire,true,true,8.107
S13003032,Irvine West,S12000021,North Ayrshire,S14000048,North Ayrshire and Arran,true,false,0.0733
S13003033,Irvine East,S12000021,North Ayrshire,S14000109,Central Ayrshire,false,true,
S13003034,Kilwinning,S12000021,North Ayrshire,S14000048,North Ayrshire and Arran,true,true,42.3766
S13003034,Kilwinning,S12000021,North Ayrshire,S14000109,Central Ayrshire,true,false,9.7416
S13003041,Irvine South,S12000021,North Ayrshire,S14000109,Central Ayrshire,true,true,29.0953
S13003042,Kilsyth,S12000050,North Lanarkshire,S14000072,Cumbernauld and Kirkintilloch,false,true,
S13003043,Cumbernauld North,S12000050,North Lanarkshire,S14000072,Cumbernauld and Kirkintilloch,false,true,
S13003044,Cumbernauld South,S12000050,North Lanarkshire,S14000072,Cumbernauld and Kirkintilloch,false,true,
S13003045,Cumbernauld East,S12000050,North Lanarkshire,S14000072,Cumbernauld and Kirkintilloch,false,true,
S13003047,"Gartcosh, Glenboig and Moodiesburn",S12000050,North Lanarkshire,S14000070,Coatbridge and Bellshill,false,true,
S13003048,Coatbridge North,S12000050,North Lanarkshire,S14000070,Coatbridge and Bellshill,false,true,
S13003049,Airdrie North,S12000050,North Lanarkshire,S14000063,Airdrie and Shotts,false,true,
S13003050,Airdrie Central,S12000050,North Lanarkshire,S14000063,Airdrie and Shotts,true,true,4.9941
S13003050,Airdrie Central,S12000050,North Lanarkshire,S14000070,Coatbridge and Bellshill,true,false,0.0555
S13003051,Coatbridge West,S12000050,North Lanarkshire,S14000070,Coatbridge and Bellshill,false,true,
S13003052,Coatbridge South,S12000050,North Lanarkshire,S14000070,Coatbridge and Bellshill,false,true,
S13003053,Airdrie South,S12000050,North Lanarkshire,S14000063,Airdrie and Shotts,false,true,
S13003054,Fortissat,S12000050,North Lanarkshire,S14000063,Airdrie and Shotts,false,true,
S13003055,Thorniewood,S12000050,North Lanarkshire,S14000070,Coatbridge and Bellshill,false,true,
S13003056,Bellshill,S12000050,North Lanarkshire,S14000070,Coatbridge and Bellshill,false,true,
S13003057,Mossend and Holytown,S12000050,North Lanarkshire,S14000063,Airdrie and Shotts,true,true,9.1286
S13003057,Mossend and Holytown,S12000050,North Lanarkshire,S14000070,Coatbridge and Bellshill,true,false,1.9721
S13003058,Motherwell West,S12000050,North Lanarkshire,S14000099,"Motherwell, Wishaw and Carluke",false,true,
S13003059,Motherwell North,S12000050,North Lanarkshire,S14000099,"Motherwell, Wishaw and Carluke",true,true,5.0244
S13003059,Motherwell North,S12000050,North Lanarkshire,S14000063,Airdrie and Shotts,true,false,4.2445
S13003060,Motherwell South East and Ravenscraig,S12000050,North Lanarkshire,S14000099,"Motherwell, Wishaw and Carluke",false,true,
S13003061,Murdostoun,S12000050,North Lanarkshire,S14000063,Airdrie and Shotts,true,true,10.3597
S13003061,Murdostoun,S12000050,North Lanarkshire,S14000099,"Motherwell, Wishaw and Carluke",true,false,5.4572
S13003062,Wishaw,S12000050,North Lanarkshire,S14000099,"Motherwell, Wishaw and Carluke",false,true,
S13003063,Carse of Gowrie,S12000048,Perth and Kinross,S14000103,Perth and Kinross-shire,false,true,
S13003064,Strathmore,S12000048,Perth and Kinross,S14000065,Angus and Perthshire Glens,true,true,231.7942
S13003064,Strathmore,S12000048,Perth and Kinross,S14000103,Perth and Kinross-shire,true,false,28.6697
S13003065,Blairgowrie and Glens,S12000048,Perth and Kinross,S14000065,Angus and Perthshire Glens,false,true,
S13003066,Highland,S12000048,Perth and Kinross,S14000065,Angus and Perthshire Glens,false,true,
S13003067,Strathtay,S12000048,Perth and Kinross,S14000065,Angus and Perthshire Glens,true,true,663.5817
S13003067,Strathtay,S12000048,Perth and Kinross,S14000103,Perth and Kinross-shire,true,false,8.2243
S13003068,Strathearn,S12000048,Perth and Kinross,S14000103,Perth and Kinross-shire,false,true,
S13003069,Strathallan,S12000048,Perth and Kinross,S14000105,Stirling and Strathallan,true,true,237.2749
S13003069,Strathallan,S12000048,Perth and Kinross,S14000103,Perth and Kinross-shire,true,false,124.3035
S13003071,Almond and Earn,S12000048,Perth and Kinross,S14000103,Perth and Kinross-shire,false,true,
S13003072,Perth City South,S12000048,Perth and Kinross,S14000103,Perth and Kinross-shire,false,true,
S13003073,Perth City North,S12000048,Perth and Kinross,S14000103,Perth and Kinross-shire,false,true,
S13003074,Perth City Centre,S12000048,Perth and Kinross,S14000103,Perth and Kinross-shire,false,true,
S13003075,Renfrew North and Braehead,S12000038,Renfrewshire,S14000101,Paisley and Renfrewshire North,false,true,
S13003076,Renfrew South and Gallowhill,S12000038,Renfrewshire,S14000101,Paisley and Renfrewshire North,false,true,
S13003077,Paisley Northeast and Ralston,S12000038,Renfrewshire,S14000101,Paisley and Renfrewshire North,false,true,
S13003078,Paisley Northwest,S12000038,Renfrewshire,S14000101,Paisley and Renfrewshire North,true,true,9.5542
S13003078,Paisley Northwest,S12000038,Renfrewshire,S14000102,Paisley and Renfrewshire South,true,false,2.7776
S13003079,Paisley East and Central,S12000038,Renfrewshire,S14000102,Paisley and Renfrewshire South,false,true,
S13003080,Paisley Southeast,S12000038,Renfrewshire,S14000102,Paisley and Renfrewshire South,false,true,
S13003081,Paisley Southwest,S12000038,Renfrewshire,S14000102,Paisley and Renfrewshire South,false,true,
S13003082,Johnstone South and Elderslie,S12000038,Renfrewshire,S14000102,Paisley and Renfrewshire South,false,true,
S13003083,"Johnstone North, Kilbarchan, Howwood and Lochwinnoch",S12000038,Renfrewshire,S14000102,Paisley and Renfrewshire South,false,true,
S13003084,"Houston, Crosslee and Linwood",S12000038,Renfrewshire,S14000102,Paisley and Renfrewshire South,true,true,13.1053
S13003084,"Houston, Crosslee and Linwood",S12000038,Renfrewshire,S14000093,Inverclyde and Renfrewshire West,true,false,12.0425
S13003084,"Houston, Crosslee and Linwood",S12000038,Renfrewshire,S14000101,Paisley and Renfrewshire North,true,false,0.7147
S13003085,"Bishopton, Bridge of Weir and Langbank",S12000038,Renfrewshire,S14000101,Paisley and Renfrewshire North,true,true,42.5621
S13003085,"Bishopton, Bridge of Weir and Langbank",S12000038,Renfrewshire,S14000093,Inverclyde and Renfrewshire West,true,false,22.1507
S13003086,Erskine and Inchinnan,S12000038,Renfrewshire,S14000101,Paisley and Renfrewshire North,false,true,
S13003087,Troon,S12000028,South Ayrshire,S14000109,Central Ayrshire,false,true,
S13003088,Prestwick,S12000028,South Ayrshire,S14000109,Central Ayrshire,false,true,
S13003089,Ayr North,S12000028,South Ayrshire,S14000107,"Ayr, Carrick and Cumnock",true,true,6.0629
S13003089,Ayr North,S12000028,South Ayrshire,S14000109,Central Ayrshire,true,false,0.6966
S13003090,Ayr East,S12000028,South Ayrshire,S14000107,"Ayr, Carrick and Cumnock",false,true,
S13003091,Ayr West,S12000028,South Ayrshire,S14000107,"Ayr, Carrick and Cumnock",false,true,
S13003092,Kyle,S12000028,South Ayrshire,S14000109,Central Ayrshire,false,true,
S13003093,"Maybole, North Carrick and Coylton",S12000028,South Ayrshire,S14000107,"Ayr, Carrick and Cumnock",true,true,323.4872
S13003093,"Maybole, North Carrick and Coylton",S12000028,South Ayrshire,S14000109,Central Ayrshire,true,false,5.8182
S13003094,Girvan and South Carrick,S12000028,South Ayrshire,S14000107,"Ayr, Carrick and Cumnock",false,true,
S13003095,Clydesdale West,S12000029,South Lanarkshire,S14000099,"Motherwell, Wishaw and Carluke",true,true,54.8798
S13003095,Clydesdale West,S12000029,South Lanarkshire,S14000092,Hamilton and Clyde Valley,true,false,6.876
S13003096,Clydesdale North,S12000029,South Lanarkshire,S14000099,"Motherwell, Wishaw and Carluke",true,true,116.2344
S13003096,Clydesdale North,S12000029,South Lanarkshire,S14000092,Hamilton and Clyde Valley,true,false,37.7167
S13003097,Clydesdale East,S12000029,South Lanarkshire,S14000074,"Dumfriesshire, Clydesdale and Tweeddale",false,true,
S13003098,Clydesdale South,S12000029,South Lanarkshire,S14000074,"Dumfriesshire, Clydesdale and Tweeddale",true,true,184.9615
S13003098,Clydesdale South,S12000029,South Lanarkshire,S14000092,Hamilton and Clyde Valley,true,false,115.7581
S13003099,Avondale and Stonehouse,S12000029,South Lanarkshire,S14000077,East Kilbride and Strathaven,false,true,
S13003100,East Kilbride South,S12000029,South Lanarkshire,S14000077,East Kilbride and Strathaven,false,true,
S13003101,East Kilbride Central South,S12000029,South Lanarkshire,S14000077,East Kilbride and Strathaven,false,true,
S13003102,East Kilbride Central North,S12000029,South Lanarkshire,S14000077,East Kilbride and Strathaven,false,true,
S13003103,East Kilbride West,S12000029,South Lanarkshire,S14000077,East Kilbride and Strathaven,false,true,
S13003104,East Kilbride East,S12000029,South Lanarkshire,S14000077,East Kilbride and Strathaven,false,true,
S13003105,Rutherglen South,S12000029,South Lanarkshire,S14000104,Rutherglen,false,true,
S13003106,Rutherglen Central and North,S12000029,South Lanarkshire,S14000104,Rutherglen,false,true,
S13003107,Cambuslang West,S12000029,South Lanarkshire,S14000104,Rutherglen,false,true,
S13003108,Cambuslang East,S12000029,South Lanarkshire,S14000104,Rutherglen,false,true,
S13003109,Blantyre,S12000029,South Lanarkshire,S14000104,Rutherglen,false,true,
S13003110,Bothwell and Uddingston,S12000029,South Lanarkshire,S14000104,Rutherglen,false,true,
S13003111,Hamilton North and East,S12000029,South Lanarkshire,S14000092,Hamilton and Clyde Valley,false,true,
S13003112,Hamilton West and Earnock,S12000029,South Lanarkshire,S14000092,Hamilton and Clyde Valley,false,true,
S13003113,Hamilton South,S12000029,South Lanarkshire,S14000092,Hamilton and Clyde Valley,false,true,
S13003114,Larkhall,S12000029,South Lanarkshire,S14000092,Hamilton and Clyde Valley,false,true,
S13003115,Trossachs and Teith,S12000030,Stirling,S14000105,Stirling and Strathallan,false,true,
S13003116,Forth and Endrick,S12000030,Stirling,S14000105,Stirling and Strathallan,false,true,
S13003117,Dunblane and Bridge of Allan,S12000030,Stirling,S14000105,Stirling and Strathallan,false,true,
S13003118,Stirling North,S12000030,Stirling,S14000105,Stirling and Strathallan,false,true,
S13003119,Stirling West,S12000030,Stirling,S14000105,Stirling and Strathallan,false,true,
S13003120,Stirling East,S12000030,Stirling,S14000105,Stirling and Strathallan,false,true,
S13003121,Bannockburn,S12000030,Stirling,S14000105,Stirling and Strathallan,false,true,
S13003122,Lomond,S12000039,West Dunbartonshire,S14000106,West Dunbartonshire,false,true,
S13003123,Leven,S12000039,West Dunbartonshire,S14000106,West Dunbartonshire,false,true,
S13003124,Dumbarton,S12000039,West Dunbartonshire,S14000106,West Dunbartonshire,false,true,
S13003125,Kilpatrick,S12000039,West Dunbartonshire,S14000106,West Dunbartonshire,false,true,
S13003126,Clydebank Central,S12000039,West Dunbartonshire,S14000106,West Dunbartonshire,false,true,
S13003127,Clydebank Waterfront,S12000039,West Dunbartonshire,S14000106,West Dunbartonshire,false,true,
S13003128,Cowdenbeath,S12000047,Fife,S14000071,Cowdenbeath and Kirkcaldy,true,true,30.9962
S13003128,Cowdenbeath,S12000047,Fife,S14000090,Glenrothes and Mid Fife,true,false,5.2644
S13003129,Glenrothes West and Kinglassie,S12000047,Fife,S14000090,Glenrothes and Mid Fife,false,true,
S13003130,"Lochgelly, Cardenden and Benarty",S12000047,Fife,S14000090,Glenrothes and Mid Fife,false,true,
S13003131,West Fife and Coastal Villages,S12000047,Fife,S14000076,Dunfermline and Dollar,false,true,
S13003132,Kinross-shire,S12000048,Perth and Kinross,S14000103,Perth and Kinross-shire,false,true,
S13003133,North East,S12000049,Glasgow City,S14000086,Glasgow North East,false,true,
S13003134,"Stepps, Chryston and Muirhead",S12000050,North Lanarkshire,S14000072,Cumbernauld and Kirkintilloch,false,true,
S13003135,Barraigh agus Bhatarsaigh,S12000013,Na h-Eileanan Siar,S14000027,Na h-Eileanan an Iar,false,true,
S13003136,Loch a Tuath,S12000013,Na h-Eileanan Siar,S14000027,Na h-Eileanan an Iar,false,true,
S13003137,Na Hearadh,S12000013,Na h-Eileanan Siar,S14000027,Na h-Eileanan an Iar,false,true,
S13003138,Sgìr Ùige agus Càrlabhagh,S12000013,Na h-Eileanan Siar,S14000027,Na h-Eileanan an Iar,false,true,
S13003139,Sgìre an Rubha,S12000013,Na h-Eileanan Siar,S14000027,Na h-Eileanan an Iar,false,true,
S13003140,Sgìre nan Loch,S12000013,Na h-Eileanan Siar,S14000027,Na h-Eileanan an Iar,false,true,
S13003141,Steòrnabhagh a Deas,S12000013,Na h-Eileanan Siar,S14000027,Na h-Eileanan an Iar,false,true,
S13003142,Steòrnabhagh a Tuath,S12000013,Na h-Eileanan Siar,S14000027,Na h-Eileanan an Iar,false,true,
S13003143,"Uibhist a Deas, Èirisgeigh agus Beinn na Faoghla",S12000013,Na h-Eileanan Siar,S14000027,Na h-Eileanan an Iar,false,true,
S13003144,Uibhist a Tuath,S12000013,Na h-Eileanan Siar,S14000027,Na h-Eileanan an Iar,false,true,
S13003145,Ardrossan,S12000021,North Ayrshire,S14000048,North Ayrshire and Arran,false,true,
S13003146,Arran,S12000021,North Ayrshire,S14000048,North Ayrshire and Arran,false,true,
S13003147,Garnock Valley,S12000021,North Ayrshire,S14000048,North Ayrshire and Arran,false,true,
S13003148,North Coast,S12000021,North Ayrshire,S14000048,North Ayrshire and Arran,false,true,
S13003149,Saltcoats and Stevenston,S12000021,North Ayrshire,S14000048,North Ayrshire and Arran,false,true,
S13003150,"East Mainland, South Ronaldsay and Burray",S12000023,Orkney Islands,S14000051,Orkney and Shetland,false,true,
S13003151,Kirkwall East,S12000023,Orkney Islands,S14000051,Orkney and Shetland,false,true,
S13003152,Kirkwall West and Orphir,S12000023,Orkney Islands,S14000051,Orkney and Shetland,false,true,
S13003153,Lerwick South,S12000027,Shetland Islands,S14000051,Orkney and Shetland,false,true,
S13003154,Shetland Central,S12000027,Shetland Islands,S14000051,Orkney and Shetland,false,true,
S13003155,Shetland South,S12000027,Shetland Islands,S14000051,Orkney and Shetland,false,true,
S13003156,Shetland West,S12000027,Shetland Islands,S14000051,Orkney and Shetland,false,true,
W05001039,Bishopston,W06000011,Swansea,W07000097,Gower,false,true,
W05001040,Bôn-y-maen,W06000011,Swansea,W07000103,Neath and Swansea East,false,true,
W05001041,Castle,W06000011,Swansea,W07000108,Swansea West,false,true,
W05001042,Clydach,W06000011,Swansea,W07000097,Gower,true,true,24.9126
W05001042,Clydach,W06000011,Swansea,W07000103,Neath and Swansea East,true,false,8.5658
W05001043,Cockett,W06000011,Swansea,W07000097,Gower,false,true,
W05001044,Cwmbwrla,W06000011,Swansea,W07000108,Swansea West,false,true,
W05001045,Dunvant and Killay,W06000011,Swansea,W07000097,Gower,false,true,
W05001046,Fairwood,W06000011,Swansea,W07000097,Gower,false,true,
W05001047,Gorseinon and Penyrheol,W06000011,Swansea,W07000097,Gower,false,true,
W05001048,Gower,W06000011,Swansea,W07000097,Gower,false,true,
W05001049,Gowerton,W06000011,Swansea,W07000097,Gower,false,true,
W05001050,Landore,W06000011,Swansea,W07000108,Swansea West,false,true,
W05001051,Llangyfelach,W06000011,Swansea,W07000097,Gower,false,true,
W05001052,Llansamlet,W06000011,Swansea,W07000103,Neath and Swansea East,false,true,
W05001053,Llwchwr,W06000011,Swansea,W07000097,Gower,false,true,
W05001054,Mayals,W06000011,Swansea,W07000097,Gower,false,true,
W05001055,Morriston,W06000011,Swansea,W07000108,Swansea West,false,true,
W05001056,Mumbles,W06000011,Swansea,W07000097,Gower,false,true,
W05001057,Mynydd-bach,W06000011,Swansea,W07000108,Swansea West,false,true,
W05001058,Pen-clawdd,W06000011,Swansea,W07000097,Gower,false,true,
W05001059,Penderry,W06000011,Swansea,W07000108,Swansea West,false,true,
W05001060,Penllergaer,W06000011,Swansea,W07000097,Gower,false,true,
W05001061,Pennard,W06000011,Swansea,W07000097,Gower,false,true,
W05001062,Pontarddulais,W06000011,Swansea,W07000097,Gower,false,true,
W05001063,Pontlliw and Tircoed,W06000011,Swansea,W07000097,Gower,false,true,
W05001064,Sketty,W06000011,Swansea,W07000108,Swansea West,false,true,
W05001065,St Thomas,W06000011,Swansea,W07000103,Neath and Swansea East,false,true,
W05001066,Townhill,W06000011,Swansea,W07000108,Swansea West,false,true,
W05001067,Uplands,W06000011,Swansea,W07000108,Swansea West,false,true,
W05001068,Waterfront,W06000011,Swansea,W07000103,Neath and Swansea East,true,true,3.8715
W05001068,Waterfront,W06000011,Swansea,W07000108,Swansea West,true,false,1.817
W05001069,Waunarlwydd,W06000011,Swansea,W07000097,Gower,false,true,
W05001070,West Cross,W06000011,Swansea,W07000097,Gower,false,true,
W05001071,Aberaman,W06000016,Rhondda Cynon Taf,W07000099,Merthyr Tydfil and Aberdare,false,true,
W05001072,Abercynon,W06000016,Rhondda Cynon Taf,W07000106,Pontypridd,false,true,
W05001073,Aberdare East,W06000016,Rhondda Cynon Taf,W07000099,Merthyr Tydfil and Aberdare,false,true,
W05001074,Aberdare West and Llwydcoed,W06000016,Rhondda Cynon Taf,W07000099,Merthyr Tydfil and Aberdare,false,true,
W05001075,Beddau and Tyn-y-nant,W06000016,Rhondda Cynon Taf,W07000106,Pontypridd,false,true,
W05001076,Brynna and Llanharan,W06000016,Rhondda Cynon Taf,W07000106,Pontypridd,false,true,
W05001077,Church Village,W06000016,Rhondda Cynon Taf,W07000106,Pontypridd,false,true,
W05001078,Cilfynydd,W06000016,Rhondda Cynon Taf,W07000106,Pontypridd,false,true,
W05001079,Cwm Clydach,W06000016,Rhondda Cynon Taf,W07000107,Rhondda and Ogmore,false,true,
W05001080,Cwmbach,W06000016,Rhondda Cynon Taf,W07000099,Merthyr Tydfil and Aberdare,false,true,
W05001081,Cymer,W06000016,Rhondda Cynon Taf,W07000107,Rhondda and Ogmore,true,true,5.1533
W05001081,Cymer,W06000016,Rhondda Cynon Taf,W07000106,Pontypridd,true,false,0.305
W05001082,Ferndale and Maerdy,W06000016,Rhondda Cynon Taf,W07000107,Rhondda and Ogmore,false,true,
W05001083,Gilfach-goch,W06000016,Rhondda Cynon Taf,W07000107,Rhondda and Ogmore,false,true,
W05001084,Glyn-coch,W06000016,Rhondda Cynon Taf,W07000106,Pontypridd,false,true,
W05001085,Graig and Pontypridd West,W06000016,Rhondda Cynon Taf,W07000106,Pontypridd,false,true,
W05001086,Hawthorn and Lower Rhydfelen,W06000016,Rhondda Cynon Taf,W07000106,Pontypridd,false,true,
W05001087,"Hirwaun, Penderyn and Rhigos",W06000016,Rhondda Cynon Taf,W07000099,Merthyr Tydfil and Aberdare,false,true,
W05001088,Llanharry,W06000016,Rhondda Cynon Taf,W07000106,Pontypridd,false,true,
W05001089,Llantrisant and Talbot Green,W06000016,Rhondda Cynon Taf,W07000106,Pontypridd,false,true,
W05001090,Llantwit Fardre,W06000016,Rhondda Cynon Taf,W07000106,Pontypridd,false,true,
W05001091,Llwyn-y-pia,W06000016,Rhondda Cynon Taf,W07000107,Rhondda and Ogmore,false,true,
W05001092,Mountain Ash,W06000016,Rhondda Cynon Taf,W07000106,Pontypridd,true,true,12.0127
W05001092,Mountain Ash,W06000016,Rhondda Cynon Taf,W07000099,Merthyr Tydfil and Aberdare,true,false,0.741
W05001093,Penrhiw-ceibr,W06000016,Rhondda Cynon Taf,W07000106,Pontypridd,false,true,
W05001094,Pentre,W06000016,Rhondda Cynon Taf,W07000107,Rhondda and Ogmore,false,true,
W05001095,Pen-y-graig,W06000016,Rhondda Cynon Taf,W07000107,Rhondda and Ogmore,false,true,
W05001096,Pen-y-waun,W06000016,Rhondda Cynon Taf,W07000099,Merthyr Tydfil and Aberdare,false,true,
W05001097,Pontyclun Central,W06000016,Rhondda Cynon Taf,W07000092,Cardiff West,false,true,
W05001098,Pontyclun East,W06000016,Rhondda Cynon Taf,W07000092,Cardiff West,false,true,
W05001099,Pontyclun West,W06000016,Rhondda Cynon Taf,W07000092,Cardiff West,true,true,4.4653
W05001099,Pontyclun West,W06000016,Rhondda Cynon Taf,W07000106,Pontypridd,true,false,2.2424
W05001100,Pontypridd Town,W06000016,Rhondda Cynon Taf,W07000106,Pontypridd,false,true,
W05001101,Porth,W06000016,Rhondda Cynon Taf,W07000107,Rhondda and Ogmore,false,true,
W05001102,Rhydfelen Central,W06000016,Rhondda Cynon Taf,W07000106,Pontypridd,false,true,
W05001103,Taff's Well,W06000016,Rhondda Cynon Taf,W07000090,Cardiff North,false,true,
W05001104,Ton-teg,W06000016,Rhondda Cynon Taf,W07000106,Pontypridd,false,true,
W05001105,Tonypandy,W06000016,Rhondda Cynon Taf,W07000107,Rhondda and Ogmore,false,true,
W05001106,Tonyrefail East,W06000016,Rhondda Cynon Taf,W07000107,Rhondda and Ogmore,false,true,
W05001107,Tonyrefail West,W06000016,Rhondda Cynon Taf,W07000107,Rhondda and Ogmore,false,true,
W05001108,Trallwng,W06000016,Rhondda Cynon Taf,W07000106,Pontypridd,false,true,
W05001109,Trealaw,W06000016,Rhondda Cynon Taf,W07000107,Rhondda and Ogmore,false,true,
W05001110,Treforest,W06000016,Rhondda Cynon Taf,W07000106,Pontypridd,false,true,
W05001111,Treherbert,W06000016,Rhondda Cynon Taf,W07000107,Rhondda and Ogmore,false,true,
W05001112,Treorchy,W06000016,Rhondda Cynon Taf,W07000107,Rhondda and Ogmore,false,true,
W05001113,Tylorstown and Ynyshir,W06000016,Rhondda Cynon Taf,W07000107,Rhondda and Ogmore,false,true,
W05001114,Upper Rhydfelen and Glyn-taf,W06000016,Rhondda Cynon Taf,W07000106,Pontypridd,false,true,
W05001115,Ynysybwl,W06000016,Rhondda Cynon Taf,W07000106,Pontypridd,false,true,
W05001116,Ystrad,W06000016,Rhondda Cynon Taf,W07000107,Rhondda and Ogmore,false,true,
W05001117,Aber-craf and Ystradgynlais,W06000023,Powys,W07000085,"Brecon, Radnor and Cwm Tawe",false,true,
W05001118,"Banwy, Llanfihangel and Llanwddyn",W06000023,Powys,W07000102,Montgomeryshire and Glyndŵr,false,true,
W05001119,Berriew and Castle Caereinion,W06000023,Powys,W07000102,Montgomeryshire and Glyndŵr,false,true,
W05001120,Brecon East,W06000023,Powys,W07000085,"Brecon, Radnor and Cwm Tawe",false,true,
W05001121,Brecon West,W06000023,Powys,W07000085,"Brecon, Radnor and Cwm Tawe",false,true,
W05001122,Bronllys and Felin-fach,W06000023,Powys,W07000085,"Brecon, Radnor and Cwm Tawe",false,true,
W05001123,Builth,W06000023,Powys,W07000085,"Brecon, Radnor and Cwm Tawe",false,true,
W05001124,Caersws,W06000023,Powys,W07000102,Montgomeryshire and Glyndŵr,false,true,
W05001125,Churchstoke,W06000023,Powys,W07000102,Montgomeryshire and Glyndŵr,false,true,
W05001126,Crickhowell with Cwmdu and Tretower,W06000023,Powys,W07000085,"Brecon, Radnor and Cwm Tawe",false,true,
W05001127,Cwm-twrch,W06000023,Powys,W07000085,"Brecon, Radnor and Cwm Tawe",false,true,
W05001128,Disserth and Trecoed with Newbridge,W06000023,Powys,W07000085,"Brecon, Radnor and Cwm Tawe",false,true,
W05001129,Dolforwyn,W06000023,Powys,W07000102,Montgomeryshire and Glyndŵr,false,true,
W05001130,Forden and Montgomery,W06000023,Powys,W07000102,Montgomeryshire and Glyndŵr,false,true,
W05001131,Glantwymyn,W06000023,Powys,W07000102,Montgomeryshire and Glyndŵr,false,true,
W05001132,Glasbury,W06000023,Powys,W07000085,"Brecon, Radnor and Cwm Tawe",false,true,
W05001133,Guilsfield,W06000023,Powys,W07000102,Montgomeryshire and Glyndŵr,false,true,
W05001134,Gwernyfed,W06000023,Powys,W07000085,"Brecon, Radnor and Cwm Tawe",false,true,
W05001135,Hay,W06000023,Powys,W07000085,"Brecon, Radnor and Cwm Tawe",false,true,
W05001136,Ithon Valley,W06000023,Powys,W07000085,"Brecon, Radnor and Cwm Tawe",false,true,
W05001137,Kerry,W06000023,Powys,W07000102,Montgomeryshire and Glyndŵr,false,true,
W05001138,Knighton with Beguildy,W06000023,Powys,W07000085,"Brecon, Radnor and Cwm Tawe",false,true,
W05001139,Llanafanfawr with Garth,W06000023,Powys,W07000085,"Brecon, Radnor and Cwm Tawe",false,true,
W05001140,Llanbrynmair,W06000023,Powys,W07000102,Montgomeryshire and Glyndŵr,false,true,
W05001141,Llandinam with Dolfor,W06000023,Powys,W07000102,Montgomeryshire and Glyndŵr,false,true,
W05001142,Llandrindod North,W06000023,Powys,W07000085,"Brecon, Radnor and Cwm Tawe",false,true,
W05001143,Llandrindod South,W06000023,Powys,W07000085,"Brecon, Radnor and Cwm Tawe",false,true,
W05001144,Llandrinio,W06000023,Powys,W07000102,Montgomeryshire and Glyndŵr,false,true,
W05001145,Llandysilio,W06000023,Powys,W07000102,Montgomeryshire and Glyndŵr,false,true,
W05001146,Llanelwedd,W06000023,Powys,W07000085,"Brecon, Radnor and Cwm Tawe",false,true,
W05001147,Llanfair Caereinion and Llanerfyl,W06000023,Powys,W07000102,Montgomeryshire and Glyndŵr,false,true,
W05001148,Llanfyllin,W06000023,Powys,W07000102,Montgomeryshire and Glyndŵr,false,true,
W05001149,Llangattock and Llangynidr,W06000023,Powys,W07000085,"Brecon, Radnor and Cwm Tawe",false,true,
W05001150,Llangors with Bwlch,W06000023,Powys,W07000085,"Brecon, Radnor and Cwm Tawe",false,true,
W05001151,Llangunllo with Norton,W06000023,Powys,W07000085,"Brecon, Radnor and Cwm Tawe",false,true,
W05001152,Llangyniew and Meifod,W06000023,Powys,W07000102,Montgomeryshire and Glyndŵr,false,true,
W05001153,Llanidloes,W06000023,Powys,W07000102,Montgomeryshire and Glyndŵr,false,true,
W05001154,Llanrhaeadr-ym-Mochnant and Llansilin,W06000023,Powys,W07000102,Montgomeryshire and Glyndŵr,false,true,
W05001155,Llansantffraid,W06000023,Powys,W07000102,Montgomeryshire and Glyndŵr,false,true,
W05001156,Llanwrtyd Wells,W06000023,Powys,W07000085,"Brecon, Radnor and Cwm Tawe",false,true,
W05001157,Llanyre with Nantmel,W06000023,Powys,W07000085,"Brecon, Radnor and Cwm Tawe",false,true,
W05001158,Machynlleth,W06000023,Powys,W07000102,Montgomeryshire and Glyndŵr,false,true,
W05001159,Maescar and Llywel,W06000023,Powys,W07000085,"Brecon, Radnor and Cwm Tawe",false,true,
W05001160,Newtown Central and South,W06000023,Powys,W07000102,Montgomeryshire and Glyndŵr,false,true,
W05001161,Newtown East,W06000023,Powys,W07000102,Montgomeryshire and Glyndŵr,false,true,
W05001162,Newtown North,W06000023,Powys,W07000102,Montgomeryshire and Glyndŵr,false,true,
W05001163,Newtown West,W06000023,Powys,W07000102,Montgomeryshire and Glyndŵr,false,true,
W05001164,Old Radnor,W06000023,Powys,W07000085,"Brecon, Radnor and Cwm Tawe",false,true,
W05001165,Presteigne,W06000023,Powys,W07000085,"Brecon, Radnor and Cwm Tawe",false,true,
W05001166,Rhayader,W06000023,Powys,W07000085,"Brecon, Radnor and Cwm Tawe",false,true,
W05001167,Rhiwcynon,W06000023,Powys,W07000102,Montgomeryshire and Glyndŵr,false,true,
W05001168,Talgarth,W06000023,Powys,W07000085,"Brecon, Radnor and Cwm Tawe",false,true,
W05001169,Talybont-on-Usk,W06000023,Powys,W07000085,"Brecon, Radnor and Cwm Tawe",false,true,
W05001170,Tawe Uchaf,W06000023,Powys,W07000085,"Brecon, Radnor and Cwm Tawe",false,true,
W05001171,Trelystan and Trewern,W06000023,Powys,W07000102,Montgomeryshire and Glyndŵr,false,true,
W05001172,Welshpool Castle,W06000023,Powys,W07000102,Montgomeryshire and Glyndŵr,false,true,
W05001173,Welshpool Gungrog,W06000023,Powys,W07000102,Montgomeryshire and Glyndŵr,false,true,
W05001174,Welshpool Llanerchyddol,W06000023,Powys,W07000102,Montgomeryshire and Glyndŵr,false,true,
W05001175,Ynyscedwyn,W06000023,Powys,W07000085,"Brecon, Radnor and Cwm Tawe",false,true,
W05001176,Yscir with Honddu Isaf and Llanddew,W06000023,Powys,W07000085,"Brecon, Radnor and Cwm Tawe",false,true,
W05001177,Abergwili,W06000010,Carmarthenshire,W07000087,Caerfyrddin,false,true,
W05001178,Ammanford,W06000010,Carmarthenshire,W07000087,Caerfyrddin,false,true,
W05001179,Betws,W06000010,Carmarthenshire,W07000087,Caerfyrddin,false,true,
W05001180,Bigyn,W06000010,Carmarthenshire,W07000098,Llanelli,false,true,
W05001181,Burry Port,W06000010,Carmarthenshire,W07000098,Llanelli,false,true,
W05001182,Bynea,W06000010,Carmarthenshire,W07000098,Llanelli,false,true,
W05001183,Carmarthen Town North and South,W06000010,Carmarthenshire,W07000087,Caerfyrddin,false,true,
W05001184,Carmarthen Town West,W06000010,Carmarthenshire,W07000087,Caerfyrddin,false,true,
W05001185,Cenarth and Llangeler,W06000010,Carmarthenshire,W07000087,Caerfyrddin,false,true,
W05001186,Cilycwm,W06000010,Carmarthenshire,W07000087,Caerfyrddin,false,true,
W05001187,Cwarter Bach,W06000010,Carmarthenshire,W07000087,Caerfyrddin,false,true,
W05001188,Cynwyl Elfed,W06000010,Carmarthenshire,W07000087,Caerfyrddin,false,true,
W05001189,Dafen and Felinfoel,W06000010,Carmarthenshire,W07000098,Llanelli,false,true,
W05001190,Elli,W06000010,Carmarthenshire,W07000098,Llanelli,false,true,
W05001191,Garnant,W06000010,Carmarthenshire,W07000087,Caerfyrddin,false,true,
W05001192,Glanamman,W06000010,Carmarthenshire,W07000087,Caerfyrddin,false,true,
W05001193,Glanymor,W06000010,Carmarthenshire,W07000098,Llanelli,false,true,
W05001194,Glyn,W06000010,Carmarthenshire,W07000098,Llanelli,false,true,
W05001195,Gorslas,W06000010,Carmarthenshire,W07000098,Llanelli,false,true,
W05001196,Hendy,W06000010,Carmarthenshire,W07000098,Llanelli,false,true,
W05001197,Hengoed,W06000010,Carmarthenshire,W07000098,Llanelli,false,true,
W05001198,Kidwelly and St Ishmael,W06000010,Carmarthenshire,W07000098,Llanelli,false,true,
W05001199,Laugharne Township,W06000010,Carmarthenshire,W07000087,Caerfyrddin,false,true,
W05001200,Llanboidy,W06000010,Carmarthenshire,W07000087,Caerfyrddin,false,true,
W05001201,Llanddarog,W06000010,Carmarthenshire,W07000087,Caerfyrddin,false,true,
W05001202,Llandeilo,W06000010,Carmarthenshire,W07000087,Caerfyrddin,false,true,
W05001203,Llandovery,W06000010,Carmarthenshire,W07000087,Caerfyrddin,false,true,
W05001204,Llandybie,W06000010,Carmarthenshire,W07000087,Caerfyrddin,false,true,
W05001205,Llanegwad,W06000010,Carmarthenshire,W07000087,Caerfyrddin,false,true,
W05001206,Llanfihangel Aberbythych,W06000010,Carmarthenshire,W07000087,Caerfyrddin,false,true,
W05001207,Llanfihangel-ar-Arth,W06000010,Carmarthenshire,W07000087,Caerfyrddin,false,true,
W05001208,Llangadog,W06000010,Carmarthenshire,W07000087,Caerfyrddin,false,true,
W05001209,Llangennech,W06000010,Carmarthenshire,W07000098,Llanelli,false,true,
W05001210,Llangunnor,W06000010,Carmarthenshire,W07000087,Caerfyrddin,false,true,
W05001211,Llangyndeyrn,W06000010,Carmarthenshire,W07000098,Llanelli,false,true,
W05001212,Llannon,W06000010,Carmarthenshire,W07000098,Llanelli,false,true,
W05001213,Llanybydder,W06000010,Carmarthenshire,W07000087,Caerfyrddin,false,true,
W05001214,Lliedi,W06000010,Carmarthenshire,W07000098,Llanelli,false,true,
W05001215,Llwynhendy,W06000010,Carmarthenshire,W07000098,Llanelli,false,true,
W05001216,Manordeilo and Salem,W06000010,Carmarthenshire,W07000087,Caerfyrddin,false,true,
W05001217,Pembrey,W06000010,Carmarthenshire,W07000098,Llanelli,false,true,
W05001218,Penygroes,W06000010,Carmarthenshire,W07000087,Caerfyrddin,false,true,
W05001219,Pontyberem,W06000010,Carmarthenshire,W07000098,Llanelli,false,true,
W05001220,Saron,W06000010,Carmarthenshire,W07000087,Caerfyrddin,false,true,
W05001221,St Clears and Llansteffan,W06000010,Carmarthenshire,W07000087,Caerfyrddin,false,true,
W05001222,Swiss Valley,W06000010,Carmarthenshire,W07000098,Llanelli,false,true,
W05001223,Trelech,W06000010,Carmarthenshire,W07000087,Caerfyrddin,false,true,
W05001224,Trimsaran,W06000010,Carmarthenshire,W07000098,Llanelli,false,true,
W05001225,Tycroes,W06000010,Carmarthenshire,W07000098,Llanelli,false,true,
W05001226,Tyisha,W06000010,Carmarthenshire,W07000098,Llanelli,false,true,
W05001227,Whitland,W06000010,Carmarthenshire,W07000087,Caerfyrddin,false,true,
W05001228,Aberkenfig,W06000013,Bridgend,W07000086,Bridgend,false,true,
W05001229,Blackmill,W06000013,Bridgend,W07000107,Rhondda and Ogmore,false,true,
W05001230,Brackla East and Coychurch Lower,W06000013,Bridgend,W07000086,Bridgend,false,true,
W05001231,Brackla East Central,W06000013,Bridgend,W07000086,Bridgend,false,true,
W05001232,Brackla West,W06000013,Bridgend,W07000086,Bridgend,false,true,
W05001233,Brackla West Central,W06000013,Bridgend,W07000086,Bridgend,false,true,
W05001234,Bridgend Central,W06000013,Bridgend,W07000086,Bridgend,false,true,
W05001235,"Bryntirion, Laleston and Merthyr Mawr",W06000013,Bridgend,W07000086,Bridgend,false,true,
W05001236,Caerau,W06000013,Bridgend,W07000081,Aberafan Maesteg,false,true,
W05001237,Cefn-glas,W06000013,Bridgend,W07000086,Bridgend,false,true,
W05001238,Coity Higher,W06000013,Bridgend,W07000086,Bridgend,false,true,
W05001239,Cornelly,W06000013,Bridgend,W07000081,Aberafan Maesteg,false,true,
W05001240,Garw Valley,W06000013,Bridgend,W07000107,Rhondda and Ogmore,false,true,
W05001241,Llangynwyd,W06000013,Bridgend,W07000081,Aberafan Maesteg,false,true,
W05001242,Maesteg East,W06000013,Bridgend,W07000081,Aberafan Maesteg,false,true,
W05001243,Maesteg West,W06000013,Bridgend,W07000081,Aberafan Maesteg,false,true,
W05001244,Nant-y-moel,W06000013,Bridgend,W07000107,Rhondda and Ogmore,false,true,
W05001245,Newton,W06000013,Bridgend,W07000086,Bridgend,false,true,
W05001246,Nottage,W06000013,Bridgend,W07000086,Bridgend,false,true,
W05001247,Ogmore Vale,W06000013,Bridgend,W07000107,Rhondda and Ogmore,false,true,
W05001248,Oldcastle,W06000013,Bridgend,W07000086,Bridgend,false,true,
W05001249,Pencoed and Penprysg,W06000013,Bridgend,W07000086,Bridgend,false,true,
W05001250,Pen-y-fai,W06000013,Bridgend,W07000086,Bridgend,false,true,
W05001251,Porthcawl East Central,W06000013,Bridgend,W07000086,Bridgend,false,true,
W05001252,Porthcawl West Central,W06000013,Bridgend,W07000086,Bridgend,false,true,
W05001253,"Pyle, Kenfig Hill and Cefn Cribwr",W06000013,Bridgend,W07000086,Bridgend,true,true,7.4721
W05001253,"Pyle, Kenfig Hill and Cefn Cribwr",W06000013,Bridgend,W07000081,Aberafan Maesteg,true,false,3.2254
W05001254,Rest Bay,W06000013,Bridgend,W07000086,Bridgend,false,true,
W05001255,St Bride's Minor and Ynysawdre,W06000013,Bridgend,W07000086,Bridgend,false,true,
W05001256,Abertillery and Six Bells,W06000019,Blaenau Gwent,W07000084,Blaenau Gwent and Rhymney,false,true,
W05001257,Beaufort,W06000019,Blaenau Gwent,W07000084,Blaenau Gwent and Rhymney,false,true,
W05001258,Blaina,W06000019,Blaenau Gwent,W07000084,Blaenau Gwent and Rhymney,false,true,
W05001259,Brynmawr,W06000019,Blaenau Gwent,W07000084,Blaenau Gwent and Rhymney,false,true,
W05001260,Cwm,W06000019,Blaenau Gwent,W07000084,Blaenau Gwent and Rhymney,false,true,
W05001261,Cwmtillery,W06000019,Blaenau Gwent,W07000084,Blaenau Gwent and Rhymney,false,true,
W05001262,Ebbw Vale North,W06000019,Blaenau Gwent,W07000084,Blaenau Gwent and Rhymney,false,true,
W05001263,Ebbw Vale South,W06000019,Blaenau Gwent,W07000084,Blaenau Gwent and Rhymney,false,true,
W05001264,Georgetown,W06000019,Blaenau Gwent,W07000084,Blaenau Gwent and Rhymney,false,true,
W05001265,Llanhilleth,W06000019,Blaenau Gwent,W07000084,Blaenau Gwent and Rhymney,false,true,
W05001266,Nantyglo,W06000019,Blaenau Gwent,W07000084,Blaenau Gwent and Rhymney,false,true,
W05001267,Rassau and Garnlydan,W06000019,Blaenau Gwent,W07000084,Blaenau Gwent and Rhymney,false,true,
W05001268,Sirhowy,W06000019,Blaenau Gwent,W07000084,Blaenau Gwent and Rhymney,false,true,
W05001269,Tredegar,W06000019,Blaenau Gwent,W07000084,Blaenau Gwent and Rhymney,false,true,
W05001270,Adamsdown,W06000015,Cardiff,W07000089,Cardiff East,false,true,
W05001271,Butetown,W06000015,Cardiff,W07000091,Cardiff South and Penarth,false,true,
W05001272,Caerau,W06000015,Cardiff,W07000092,Cardiff West,false,true,
W05001273,Canton,W06000015,Cardiff,W07000092,Cardiff West,false,true,
W05001274,Cathays,W06000015,Cardiff,W07000091,Cardiff South and Penarth,false,true,
W05001275,Cyncoed,W06000015,Cardiff,W07000089,Cardiff East,false,true,
W05001276,Ely,W06000015,Cardiff,W07000092,Cardiff West,false,true,
W05001277,Fairwater,W06000015,Cardiff,W07000092,Cardiff West,false,true,
W05001278,Gabalfa,W06000015,Cardiff,W07000090,Cardiff North,false,true,
W05001279,Grangetown,W06000015,Cardiff,W07000091,Cardiff South and Penarth,false,true,
W05001280,Heath,W06000015,Cardiff,W07000090,Cardiff North,false,true,
W05001281,Lisvane and Thornhill,W06000015,Cardiff,W07000090,Cardiff North,false,true,
W05001282,Llandaff,W06000015,Cardiff,W07000092,Cardiff West,false,true,
W05001283,Llandaff North,W06000015,Cardiff,W07000090,Cardiff North,false,true,
W05001284,Llanishen,W06000015,Cardiff,W07000090,Cardiff North,false,true,
W05001285,Llanrumney,W06000015,Cardiff,W07000089,Cardiff East,false,true,
W05001286,Pentwyn,W06000015,Cardiff,W07000089,Cardiff East,false,true,
W05001287,Pentyrch and St Fagans,W06000015,Cardiff,W07000092,Cardiff West,false,true,
W05001288,Penylan,W06000015,Cardiff,W07000089,Cardiff East,false,true,
W05001289,Plasnewydd,W06000015,Cardiff,W07000089,Cardiff East,false,true,
W05001290,Pontprennau and Old St Mellons,W06000015,Cardiff,W07000090,Cardiff North,false,true,
W05001291,Radyr,W06000015,Cardiff,W07000092,Cardiff West,false,true,
W05001292,Rhiwbina,W06000015,Cardiff,W07000090,Cardiff North,false,true,
W05001293,Riverside,W06000015,Cardiff,W07000092,Cardiff West,false,true,
W05001294,Rumney,W06000015,Cardiff,W07000089,Cardiff East,false,true,
W05001295,Splott,W06000015,Cardiff,W07000091,Cardiff South and Penarth,false,true,
W05001296,Trowbridge,W06000015,Cardiff,W07000089,Cardiff East,false,true,
W05001297,Whitchurch and Tongwynlais,W06000015,Cardiff,W07000090,Cardiff North,false,true,
W05001298,Aberaeron and Aberarth,W06000008,Ceredigion,W07000093,Ceredigion Preseli,false,true,
W05001299,Aberporth and Y Ferwig,W06000008,Ceredigion,W07000093,Ceredigion Preseli,false,true,
W05001300,Aberystwyth Morfa a Glais,W06000008,Ceredigion,W07000093,Ceredigion Preseli,false,true,
W05001301,Aberystwyth Penparcau,W06000008,Ceredigion,W07000093,Ceredigion Preseli,false,true,
W05001302,Aberystwyth Rheidol,W06000008,Ceredigion,W07000093,Ceredigion Preseli,false,true,
W05001303,Beulah and Llangoedmor,W06000008,Ceredigion,W07000093,Ceredigion Preseli,false,true,
W05001304,Borth,W06000008,Ceredigion,W07000093,Ceredigion Preseli,false,true,
W05001305,Ceulan a Maesmawr,W06000008,Ceredigion,W07000093,Ceredigion Preseli,false,true,
W05001306,Ciliau Aeron,W06000008,Ceredigion,W07000093,Ceredigion Preseli,false,true,
W05001307,Faenor,W06000008,Ceredigion,W07000093,Ceredigion Preseli,false,true,
W05001308,Lampeter,W06000008,Ceredigion,W07000093,Ceredigion Preseli,false,true,
W05001309,Llannarth,W06000008,Ceredigion,W07000093,Ceredigion Preseli,false,true,
W05001310,Llanbadarn Fawr,W06000008,Ceredigion,W07000093,Ceredigion Preseli,false,true,
W05001311,Llandyfriog,W06000008,Ceredigion,W07000093,Ceredigion Preseli,false,true,
W05001312,Llandysilio and Llangrannog,W06000008,Ceredigion,W07000093,Ceredigion Preseli,false,true,
W05001313,Llandysul North and Troedyraur,W06000008,Ceredigion,W07000093,Ceredigion Preseli,false,true,
W05001314,Llandysul South,W06000008,Ceredigion,W07000093,Ceredigion Preseli,false,true,
W05001315,Llanfarian,W06000008,Ceredigion,W07000093,Ceredigion Preseli,false,true,
W05001316,Llanfihangel Ystrad,W06000008,Ceredigion,W07000093,Ceredigion Preseli,false,true,
W05001317,Llangeitho,W06000008,Ceredigion,W07000093,Ceredigion Preseli,false,true,
W05001318,Llangybi,W06000008,Ceredigion,W07000093,Ceredigion Preseli,false,true,
W05001319,Llanrhystyd,W06000008,Ceredigion,W07000093,Ceredigion Preseli,false,true,
W05001320,Llansanffraid,W06000008,Ceredigion,W07000093,Ceredigion Preseli,false,true,
W05001321,Llanwenog,W06000008,Ceredigion,W07000093,Ceredigion Preseli,false,true,
W05001322,Lledrod,W06000008,Ceredigion,W07000093,Ceredigion Preseli,false,true,
W05001323,Melindwr,W06000008,Ceredigion,W07000093,Ceredigion Preseli,false,true,
W05001324,Mwldan,W06000008,Ceredigion,W07000093,Ceredigion Preseli,false,true,
W05001325,New Quay and Llanllwchaearn,W06000008,Ceredigion,W07000093,Ceredigion Preseli,false,true,
W05001326,Penbryn,W06000008,Ceredigion,W07000093,Ceredigion Preseli,false,true,
W05001327,Teifi,W06000008,Ceredigion,W07000093,Ceredigion Preseli,false,true,
W05001328,Tirymynach,W06000008,Ceredigion,W07000093,Ceredigion Preseli,false,true,
W05001329,Trefeurig,W06000008,Ceredigion,W07000093,Ceredigion Preseli,false,true,
W05001330,Tregaron and Ystrad Fflur,W06000008,Ceredigion,W07000093,Ceredigion Preseli,false,true,
W05001331,Ystwyth,W06000008,Ceredigion,W07000093,Ceredigion Preseli,false,true,
W05001332,Alyn Valley,W06000004,Denbighshire,W07000094,Clwyd East,false,true,
W05001333,Bodelwyddan,W06000004,Denbighshire,W07000095,Clwyd North,false,true,
W05001334,Denbigh Caledfryn Henllan,W06000004,Denbighshire,W07000095,Clwyd North,false,true,
W05001335,Denbigh Lower,W06000004,Denbighshire,W07000095,Clwyd North,false,true,
W05001336,Dyserth,W06000004,Denbighshire,W07000094,Clwyd East,false,true,
W05001337,Edeirnion,W06000004,Denbighshire,W07000096,Dwyfor Meirionnydd,false,true,
W05001338,Efenechdyd,W06000004,Denbighshire,W07000083,Bangor Aberconwy,false,true,
W05001339,Llandyrnog,W06000004,Denbighshire,W07000094,Clwyd East,false,true,
W05001340,Llanfair Dyffryn Clwyd Gwyddelwern,W06000004,Denbighshire,W07000094,Clwyd East,false,true,
W05001341,Llangollen,W06000004,Denbighshire,W07000094,Clwyd East,false,true,
W05001342,Llanrhaeadr-yng-Nghinmeirch,W06000004,Denbighshire,W07000083,Bangor Aberconwy,false,true,
W05001343,Moel Famau,W06000004,Denbighshire,W07000094,Clwyd East,false,true,
W05001344,Prestatyn Central,W06000004,Denbighshire,W07000094,Clwyd East,false,true,
W05001345,Prestatyn East,W06000004,Denbighshire,W07000094,Clwyd East,false,true,
W05001346,Prestatyn Meliden,W06000004,Denbighshire,W07000094,Clwyd East,false,true,
W05001347,Prestatyn North,W06000004,Denbighshire,W07000094,Clwyd East,false,true,
W05001348,Prestatyn South West,W06000004,Denbighshire,W07000094,Clwyd East,false,true,
W05001349,Rhuddlan,W06000004,Denbighshire,W07000095,Clwyd North,false,true,
W05001350,Rhyl East,W06000004,Denbighshire,W07000095,Clwyd North,false,true,
W05001351,Rhyl South,W06000004,Denbighshire,W07000095,Clwyd North,false,true,
W05001352,Rhyl South West,W06000004,Denbighshire,W07000095,Clwyd North,false,true,
W05001353,Rhyl Trellewelyn,W06000004,Denbighshire,W07000095,Clwyd North,false,true,
W05001354,Rhyl Tŷ Newydd,W06000004,Denbighshire,W07000095,Clwyd North,false,true,
W05001355,Rhyl West,W06000004,Denbighshire,W07000095,Clwyd North,false,true,
W05001356,Ruthin,W06000004,Denbighshire,W07000094,Clwyd East,false,true,
W05001357,St Asaph East,W06000004,Denbighshire,W07000095,Clwyd North,false,true,
W05001358,St Asaph West,W06000004,Denbighshire,W07000095,Clwyd North,false,true,
W05001359,Trefnant,W06000004,Denbighshire,W07000095,Clwyd North,false,true,
W05001360,Tremeirchion,W06000004,Denbighshire,W07000094,Clwyd East,false,true,
W05001361,Abersychan,W06000020,Torfaen,W07000109,Torfaen,false,true,
W05001362,Blaenavon,W06000020,Torfaen,W07000109,Torfaen,false,true,
W05001363,Coed Eva,W06000020,Torfaen,W07000109,Torfaen,false,true,
W05001364,Croesyceiliog,W06000020,Torfaen,W07000109,Torfaen,false,true,
W05001365,Fairwater,W06000020,Torfaen,W07000109,Torfaen,false,true,
W05001366,Greenmeadow,W06000020,Torfaen,W07000109,Torfaen,false,true,
W05001367,Llanfrechfa and Ponthir,W06000020,Torfaen,W07000109,Torfaen,false,true,
W05001368,Llantarnam,W06000020,Torfaen,W07000109,Torfaen,false,true,
W05001369,Llanyrafon,W06000020,Torfaen,W07000109,Torfaen,false,true,
W05001370,New Inn,W06000020,Torfaen,W07000109,Torfaen,false,true,
W05001371,Panteg,W06000020,Torfaen,W07000109,Torfaen,false,true,
W05001372,Pontnewydd,W06000020,Torfaen,W07000109,Torfaen,false,true,
W05001373,Pontnewynydd and Snatchwood,W06000020,Torfaen,W07000109,Torfaen,false,true,
W05001374,Pontypool Fawr,W06000020,Torfaen,W07000109,Torfaen,false,true,
W05001375,St. Dials,W06000020,Torfaen,W07000109,Torfaen,false,true,
W05001376,Trevethin and Penygarn,W06000020,Torfaen,W07000109,Torfaen,false,true,
W05001377,Two Locks,W06000020,Torfaen,W07000109,Torfaen,false,true,
W05001378,Upper Cwmbran,W06000020,Torfaen,W07000109,Torfaen,false,true,
W05001379,Baruc,W06000014,Vale of Glamorgan,W07000110,Vale of Glamorgan,false,true,
W05001380,Buttrills,W06000014,Vale of Glamorgan,W07000110,Vale of Glamorgan,false,true,
W05001381,Cadoc,W06000014,Vale of Glamorgan,W07000110,Vale of Glamorgan,false,true,
W05001382,Castleland,W06000014,Vale of Glamorgan,W07000110,Vale of Glamorgan,false,true,
W05001383,Cornerswell,W06000014,Vale of Glamorgan,W07000091,Cardiff South and Penarth,false,true,
W05001384,Court,W06000014,Vale of Glamorgan,W07000110,Vale of Glamorgan,false,true,
W05001385,Cowbridge,W06000014,Vale of Glamorgan,W07000110,Vale of Glamorgan,false,true,
W05001386,Dinas Powys,W06000014,Vale of Glamorgan,W07000091,Cardiff South and Penarth,false,true,
W05001387,Dyfan,W06000014,Vale of Glamorgan,W07000110,Vale of Glamorgan,false,true,
W05001388,Gibbonsdown,W06000014,Vale of Glamorgan,W07000110,Vale of Glamorgan,false,true,
W05001389,Illtyd,W06000014,Vale of Glamorgan,W07000110,Vale of Glamorgan,false,true,
W05001390,Llandough,W06000014,Vale of Glamorgan,W07000091,Cardiff South and Penarth,false,true,
W05001391,Llandow,W06000014,Vale of Glamorgan,W07000110,Vale of Glamorgan,false,true,
W05001392,Llantwit Major,W06000014,Vale of Glamorgan,W07000110,Vale of Glamorgan,false,true,
W05001393,Peterston-super-Ely,W06000014,Vale of Glamorgan,W07000110,Vale of Glamorgan,false,true,
W05001394,Plymouth,W06000014,Vale of Glamorgan,W07000091,Cardiff South and Penarth,false,true,
W05001395,Rhoose,W06000014,Vale of Glamorgan,W07000110,Vale of Glamorgan,false,true,
W05001396,St Athan,W06000014,Vale of Glamorgan,W07000110,Vale of Glamorgan,false,true,
W05001397,St Bride's Major,W06000014,Vale of Glamorgan,W07000110,Vale of Glamorgan,false,true,
W05001398,St Nicholas and Llancarfan,W06000014,Vale of Glamorgan,W07000110,Vale of Glamorgan,false,true,
W05001399,St Augustine's,W06000014,Vale of Glamorgan,W07000091,Cardiff South and Penarth,false,true,
W05001400,Stanwell,W06000014,Vale of Glamorgan,W07000091,Cardiff South and Penarth,false,true,
W05001401,Sully,W06000014,Vale of Glamorgan,W07000091,Cardiff South and Penarth,false,true,
W05001402,Wenvoe,W06000014,Vale of Glamorgan,W07000110,Vale of Glamorgan,false,true,
W05001403,Betws-yn-Rhos,W06000003,Conwy,W07000083,Bangor Aberconwy,false,true,
W05001404,Betws-y-Coed and Trefriw,W06000003,Conwy,W07000083,Bangor Aberconwy,false,true,
W05001405,Bryn,W06000003,Conwy,W07000083,Bangor Aberconwy,false,true,
W05001406,Caerhun,W06000003,Conwy,W07000083,Bangor Aberconwy,false,true,
W05001407,Colwyn,W06000003,Conwy,W07000095,Clwyd North,false,true,
W05001408,Conwy,W06000003,Conwy,W07000083,Bangor Aberconwy,false,true,
W05001409,Craig-y-don,W06000003,Conwy,W07000083,Bangor Aberconwy,false,true,
W05001410,Deganwy,W06000003,Conwy,W07000083,Bangor Aberconwy,false,true,
W05001411,Eglwys-bach a Llangernyw,W06000003,Conwy,W07000083,Bangor Aberconwy,false,true,
W05001412,Eirias,W06000003,Conwy,W07000095,Clwyd North,false,true,
W05001413,Gele and Llanddulas,W06000003,Conwy,W07000095,Clwyd North,false,true,
W05001414,Glyn,W06000003,Conwy,W07000095,Clwyd North,false,true,
W05001415,Glyn y Marl,W06000003,Conwy,W07000083,Bangor Aberconwy,false,true,
W05001416,Gogarth Mostyn,W06000003,Conwy,W07000083,Bangor Aberconwy,false,true,
W05001417,Kinmel Bay,W06000003,Conwy,W07000095,Clwyd North,false,true,
W05001418,Llandrillo-yn-Rhos,W06000003,Conwy,W07000095,Clwyd North,false,true,
W05001419,Llanrwst a Llanddoged,W06000003,Conwy,W07000083,Bangor Aberconwy,false,true,
W05001420,Llansanffraid,W06000003,Conwy,W07000083,Bangor Aberconwy,false,true,
W05001421,Llansannan,W06000003,Conwy,W07000083,Bangor Aberconwy,false,true,
W05001422,Llysfaen,W06000003,Conwy,W07000095,Clwyd North,false,true,
W05001423,Mochdre,W06000003,Conwy,W07000095,Clwyd North,false,true,
W05001424,Pandy,W06000003,Conwy,W07000083,Bangor Aberconwy,false,true,
W05001425,Penmaenmawr,W06000003,Conwy,W07000083,Bangor Aberconwy,false,true,
W05001426,Penrhyn,W06000003,Conwy,W07000083,Bangor Aberconwy,false,true,
W05001427,Pen-sarn Pentre Mawr,W06000003,Conwy,W07000095,Clwyd North,false,true,
W05001428,Rhiw,W06000003,Conwy,W07000095,Clwyd North,false,true,
W05001429,Towyn,W06000003,Conwy,W07000095,Clwyd North,false,true,
W05001430,Tudno,W06000003,Conwy,W07000083,Bangor Aberconwy,false,true,
W05001431,Uwch Aled,W06000003,Conwy,W07000083,Bangor Aberconwy,false,true,
W05001432,Uwch Conwy,W06000003,Conwy,W07000083,Bangor Aberconwy,false,true,
W05001433,Amroth and Saundersfoot North,W06000009,Pembrokeshire,W07000100,Mid and South Pembrokeshire,false,true,
W05001434,Boncath and Clydau,W06000009,Pembrokeshire,W07000093,Ceredigion Preseli,false,true,
W05001435,Burton,W06000009,Pembrokeshire,W07000100,Mid and South Pembrokeshire,false,true,
W05001436,Bro Gwaun,W06000009,Pembrokeshire,W07000093,Ceredigion Preseli,false,true,
W05001437,Camrose,W06000009,Pembrokeshire,W07000100,Mid and South Pembrokeshire,false,true,
W05001438,Carew and Jeffreyston,W06000009,Pembrokeshire,W07000100,Mid and South Pembrokeshire,false,true,
W05001439,Cilgerran and Eglwyswrw,W06000009,Pembrokeshire,W07000093,Ceredigion Preseli,false,true,
W05001440,Crymych and Mynachlog-ddu,W06000009,Pembrokeshire,W07000093,Ceredigion Preseli,false,true,
W05001441,East Williamston,W06000009,Pembrokeshire,W07000100,Mid and South Pembrokeshire,false,true,
W05001442,Fishguard: North East,W06000009,Pembrokeshire,W07000093,Ceredigion Preseli,false,true,
W05001443,Fishguard: North West,W06000009,Pembrokeshire,W07000093,Ceredigion Preseli,false,true,
W05001444,Goodwick,W06000009,Pembrokeshire,W07000093,Ceredigion Preseli,false,true,
W05001445,Haverfordwest: Castle,W06000009,Pembrokeshire,W07000100,Mid and South Pembrokeshire,false,true,
W05001446,Haverfordwest: Garth,W06000009,Pembrokeshire,W07000100,Mid and South Pembrokeshire,false,true,
W05001447,Haverfordwest: Portfield,W06000009,Pembrokeshire,W07000100,Mid and South Pembrokeshire,false,true,
W05001448,Haverfordwest: Prendergast,W06000009,Pembrokeshire,W07000100,Mid and South Pembrokeshire,false,true,
W05001449,Haverfordwest: Priory,W06000009,Pembrokeshire,W07000100,Mid and South Pembrokeshire,false,true,
W05001450,Hundleton,W06000009,Pembrokeshire,W07000100,Mid and South Pembrokeshire,false,true,
W05001451,Johnston,W06000009,Pembrokeshire,W07000100,Mid and South Pembrokeshire,false,true,
W05001452,Kilgetty and Begelly,W06000009,Pembrokeshire,W07000100,Mid and South Pembrokeshire,false,true,
W05001453,Lampeter Velfrey,W06000009,Pembrokeshire,W07000100,Mid and South Pembrokeshire,false,true,
W05001454,Lamphey,W06000009,Pembrokeshire,W07000100,Mid and South Pembrokeshire,false,true,
W05001455,Letterston,W06000009,Pembrokeshire,W07000100,Mid and South Pembrokeshire,false,true,
W05001456,Llangwm,W06000009,Pembrokeshire,W07000100,Mid and South Pembrokeshire,false,true,
W05001457,Llanrhian,W06000009,Pembrokeshire,W07000093,Ceredigion Preseli,false,true,
W05001458,Maenclochog,W06000009,Pembrokeshire,W07000093,Ceredigion Preseli,false,true,
W05001459,Manorbier and Penally,W06000009,Pembrokeshire,W07000100,Mid and South Pembrokeshire,false,true,
W05001460,Martletwy,W06000009,Pembrokeshire,W07000100,Mid and South Pembrokeshire,false,true,
W05001461,Merlin's Bridge,W06000009,Pembrokeshire,W07000100,Mid and South Pembrokeshire,false,true,
W05001462,Milford: Central,W06000009,Pembrokeshire,W07000100,Mid and South Pembrokeshire,false,true,
W05001463,Milford: East,W06000009,Pembrokeshire,W07000100,Mid and South Pembrokeshire,false,true,
W05001464,Milford: Hakin,W06000009,Pembrokeshire,W07000100,Mid and South Pembrokeshire,false,true,
W05001465,Milford: Hubberston,W06000009,Pembrokeshire,W07000100,Mid and South Pembrokeshire,false,true,
W05001466,Milford: North,W06000009,Pembrokeshire,W07000100,Mid and South Pembrokeshire,false,true,
W05001467,Milford: West,W06000009,Pembrokeshire,W07000100,Mid and South Pembrokeshire,false,true,
W05001468,Narberth: Urban,W06000009,Pembrokeshire,W07000100,Mid and South Pembrokeshire,false,true,
W05001469,Narberth: Rural,W06000009,Pembrokeshire,W07000100,Mid and South Pembrokeshire,false,true,
W05001470,Newport and Dinas,W06000009,Pembrokeshire,W07000093,Ceredigion Preseli,false,true,
W05001471,Neyland: East,W06000009,Pembrokeshire,W07000100,Mid and South Pembrokeshire,false,true,
W05001472,Neyland: West,W06000009,Pembrokeshire,W07000100,Mid and South Pembrokeshire,false,true,
W05001473,Pembroke Dock: Bufferland,W06000009,Pembrokeshire,W07000100,Mid and South Pembrokeshire,false,true,
W05001474,Pembroke Dock: Bush,W06000009,Pembrokeshire,W07000100,Mid and South Pembrokeshire,false,true,
W05001475,Pembroke Dock: Central,W06000009,Pembrokeshire,W07000100,Mid and South Pembrokeshire,false,true,
W05001476,Pembroke Dock: Market,W06000009,Pembrokeshire,W07000100,Mid and South Pembrokeshire,false,true,
W05001477,Pembroke Dock: Pennar,W06000009,Pembrokeshire,W07000100,Mid and South Pembrokeshire,false,true,
W05001478,Pembroke: Monkton and St Mary South,W06000009,Pembrokeshire,W07000100,Mid and South Pembrokeshire,false,true,
W05001479,Pembroke: St Mary North,W06000009,Pembrokeshire,W07000100,Mid and South Pembrokeshire,false,true,
W05001480,Pembroke: St Michael,W06000009,Pembrokeshire,W07000100,Mid and South Pembrokeshire,false,true,
W05001481,Rudbaxton and Spittal,W06000009,Pembrokeshire,W07000100,Mid and South Pembrokeshire,false,true,
W05001482,Saundersfoot South,W06000009,Pembrokeshire,W07000100,Mid and South Pembrokeshire,false,true,
W05001483,Solva,W06000009,Pembrokeshire,W07000100,Mid and South Pembrokeshire,false,true,
W05001484,St David's,W06000009,Pembrokeshire,W07000100,Mid and South Pembrokeshire,false,true,
W05001485,St Dogmaels,W06000009,Pembrokeshire,W07000093,Ceredigion Preseli,false,true,
W05001486,St Florence and St Mary Out Liberty,W06000009,Pembrokeshire,W07000100,Mid and South Pembrokeshire,false,true,
W05001487,St Ishmael's,W06000009,Pembrokeshire,W07000100,Mid and South Pembrokeshire,false,true,
W05001488,Tenby: North,W06000009,Pembrokeshire,W07000100,Mid and South Pembrokeshire,false,true,
W05001489,Tenby: South,W06000009,Pembrokeshire,W07000100,Mid and South Pembrokeshire,false,true,
W05001490,The Havens,W06000009,Pembrokeshire,W07000100,Mid and South Pembrokeshire,false,true,
W05001491,Wiston,W06000009,Pembrokeshire,W07000100,Mid and South Pembrokeshire,true,true,59.7841
W05001491,Wiston,W06000009,Pembrokeshire,W07000093,Ceredigion Preseli,true,false,28.3873
W05001492,Aethwy,W06000001,Isle of Anglesey,W07000112,Ynys Môn,false,true,
W05001493,Bodowyr,W06000001,Isle of Anglesey,W07000112,Ynys Môn,false,true,
W05001494,Bro Aberffraw,W06000001,Isle of Anglesey,W07000112,Ynys Môn,false,true,
W05001495,Bro'r Llynnoedd,W06000001,Isle of Anglesey,W07000112,Ynys Môn,false,true,
W05001496,Canolbarth Môn,W06000001,Isle of Anglesey,W07000112,Ynys Môn,false,true,
W05001497,Cefni,W06000001,Isle of Anglesey,W07000112,Ynys Môn,false,true,
W05001498,Crigyll,W06000001,Isle of Anglesey,W07000112,Ynys Môn,false,true,
W05001499,Lligwy,W06000001,Isle of Anglesey,W07000112,Ynys Môn,false,true,
W05001500,Parc a'r Mynydd,W06000001,Isle of Anglesey,W07000112,Ynys Môn,false,true,
W05001501,Seiriol,W06000001,Isle of Anglesey,W07000112,Ynys Môn,false,true,
W05001502,Talybolion,W06000001,Isle of Anglesey,W07000112,Ynys Môn,false,true,
W05001503,Tref Cybi,W06000001,Isle of Anglesey,W07000112,Ynys Môn,false,true,
W05001504,Twrcelyn,W06000001,Isle of Anglesey,W07000112,Ynys Môn,false,true,
W05001505,Ynys Gybi,W06000001,Isle of Anglesey,W07000112,Ynys Môn,false,true,
W05001506,Aberdyfi,W06000002,Gwynedd,W07000096,Dwyfor Meirionnydd,false,true,
W05001507,Abererch,W06000002,Gwynedd,W07000096,Dwyfor Meirionnydd,false,true,
W05001508,Abermaw,W06000002,Gwynedd,W07000096,Dwyfor Meirionnydd,false,true,
W05001509,Abersoch gyda Llanengan,W06000002,Gwynedd,W07000096,Dwyfor Meirionnydd,false,true,
W05001510,Arllechwedd,W06000002,Gwynedd,W07000083,Bangor Aberconwy,false,true,
W05001511,Arthog a Llangelynnin,W06000002,Gwynedd,W07000096,Dwyfor Meirionnydd,false,true,
W05001512,Bethel a'r Felinheli,W06000002,Gwynedd,W07000096,Dwyfor Meirionnydd,false,true,
W05001513,Bowydd a'r Rhiw,W06000002,Gwynedd,W07000096,Dwyfor Meirionnydd,false,true,
W05001514,Brithdir and Llanfachreth/Ganllwyd/Llanelltyd,W06000002,Gwynedd,W07000096,Dwyfor Meirionnydd,false,true,
W05001515,Bro Dysynni,W06000002,Gwynedd,W07000096,Dwyfor Meirionnydd,false,true,
W05001516,Cadnant,W06000002,Gwynedd,W07000096,Dwyfor Meirionnydd,false,true,
W05001517,Canol Bangor,W06000002,Gwynedd,W07000083,Bangor Aberconwy,false,true,
W05001518,Canol Bethesda,W06000002,Gwynedd,W07000083,Bangor Aberconwy,false,true,
W05001519,Canol Tref Caernarfon,W06000002,Gwynedd,W07000096,Dwyfor Meirionnydd,false,true,
W05001520,Clynnog,W06000002,Gwynedd,W07000096,Dwyfor Meirionnydd,false,true,
W05001521,Corris a Mawddwy,W06000002,Gwynedd,W07000096,Dwyfor Meirionnydd,false,true,
W05001522,Criccieth,W06000002,Gwynedd,W07000096,Dwyfor Meirionnydd,false,true,
W05001523,Cwm-y-glo,W06000002,Gwynedd,W07000096,Dwyfor Meirionnydd,false,true,
W05001524,De Dolgellau,W06000002,Gwynedd,W07000096,Dwyfor Meirionnydd,false,true,
W05001525,De Pwllheli,W06000002,Gwynedd,W07000096,Dwyfor Meirionnydd,false,true,
W05001526,Deiniolen,W06000002,Gwynedd,W07000096,Dwyfor Meirionnydd,false,true,
W05001527,Dewi,W06000002,Gwynedd,W07000083,Bangor Aberconwy,false,true,
W05001528,Diffwys a Maenofferen,W06000002,Gwynedd,W07000096,Dwyfor Meirionnydd,false,true,
W05001529,Dolbenmaen,W06000002,Gwynedd,W07000096,Dwyfor Meirionnydd,false,true,
W05001530,Dwyrain Bangor,W06000002,Gwynedd,W07000083,Bangor Aberconwy,false,true,
W05001531,Dwyrain Porthmadog,W06000002,Gwynedd,W07000096,Dwyfor Meirionnydd,false,true,
W05001532,Dyffryn Ardudwy,W06000002,Gwynedd,W07000096,Dwyfor Meirionnydd,false,true,
W05001533,Efailnewydd a Buan,W06000002,Gwynedd,W07000096,Dwyfor Meirionnydd,false,true,
W05001534,Gerlan,W06000002,Gwynedd,W07000083,Bangor Aberconwy,false,true,
W05001535,Glaslyn,W06000002,Gwynedd,W07000096,Dwyfor Meirionnydd,false,true,
W05001536,Glyder,W06000002,Gwynedd,W07000083,Bangor Aberconwy,false,true,
W05001537,Gogledd Dolgellau,W06000002,Gwynedd,W07000096,Dwyfor Meirionnydd,false,true,
W05001538,Gogledd Pwllheli,W06000002,Gwynedd,W07000096,Dwyfor Meirionnydd,false,true,
W05001539,Gorllewin Porthmadog,W06000002,Gwynedd,W07000096,Dwyfor Meirionnydd,false,true,
W05001540,Gorllewin Tywyn,W06000002,Gwynedd,W07000096,Dwyfor Meirionnydd,false,true,
W05001541,Harlech a Llanbedr,W06000002,Gwynedd,W07000096,Dwyfor Meirionnydd,false,true,
W05001542,Hendre,W06000002,Gwynedd,W07000096,Dwyfor Meirionnydd,false,true,
W05001543,Llanbedrog gyda Mynytho,W06000002,Gwynedd,W07000096,Dwyfor Meirionnydd,false,true,
W05001544,Llanberis,W06000002,Gwynedd,W07000096,Dwyfor Meirionnydd,false,true,
W05001545,Llandderfel,W06000002,Gwynedd,W07000096,Dwyfor Meirionnydd,false,true,
W05001546,Llanllyfni,W06000002,Gwynedd,W07000096,Dwyfor Meirionnydd,false,true,
W05001547,Llanrug,W06000002,Gwynedd,W07000096,Dwyfor Meirionnydd,false,true,
W05001548,Llanuwchllyn,W06000002,Gwynedd,W07000096,Dwyfor Meirionnydd,false,true,
W05001549,Llanwnda,W06000002,Gwynedd,W07000096,Dwyfor Meirionnydd,false,true,
W05001550,Llanystumdwy,W06000002,Gwynedd,W07000096,Dwyfor Meirionnydd,false,true,
W05001551,Menai,W06000002,Gwynedd,W07000096,Dwyfor Meirionnydd,false,true,
W05001552,Morfa Nefyn a Thudweiliog,W06000002,Gwynedd,W07000096,Dwyfor Meirionnydd,false,true,
W05001553,Morfa Tywyn,W06000002,Gwynedd,W07000096,Dwyfor Meirionnydd,false,true,
W05001554,Nefyn,W06000002,Gwynedd,W07000096,Dwyfor Meirionnydd,false,true,
W05001555,Peblig,W06000002,Gwynedd,W07000096,Dwyfor Meirionnydd,false,true,
W05001556,Pen draw Llŷn,W06000002,Gwynedd,W07000096,Dwyfor Meirionnydd,false,true,
W05001557,Penisa'r-waun,W06000002,Gwynedd,W07000096,Dwyfor Meirionnydd,false,true,
W05001558,Penrhyndeudraeth,W06000002,Gwynedd,W07000096,Dwyfor Meirionnydd,false,true,
W05001559,Pen-y-groes,W06000002,Gwynedd,W07000096,Dwyfor Meirionnydd,false,true,
W05001560,Rachub,W06000002,Gwynedd,W07000083,Bangor Aberconwy,false,true,
W05001561,Teigl,W06000002,Gwynedd,W07000096,Dwyfor Meirionnydd,false,true,
W05001562,Trawsfynydd,W06000002,Gwynedd,W07000096,Dwyfor Meirionnydd,false,true,
W05001563,Tre-garth a Mynydd Llandygái,W06000002,Gwynedd,W07000083,Bangor Aberconwy,false,true,
W05001564,Tryfan,W06000002,Gwynedd,W07000096,Dwyfor Meirionnydd,false,true,
W05001565,Waunfawr,W06000002,Gwynedd,W07000096,Dwyfor Meirionnydd,false,true,
W05001566,Y Bala,W06000002,Gwynedd,W07000096,Dwyfor Meirionnydd,false,true,
W05001567,Y Bontnewydd,W06000002,Gwynedd,W07000096,Dwyfor Meirionnydd,false,true,
W05001568,Y Faenol,W06000002,Gwynedd,W07000083,Bangor Aberconwy,false,true,
W05001569,Y Groeslon,W06000002,Gwynedd,W07000096,Dwyfor Meirionnydd,false,true,
W05001570,Yr Eifl,W06000002,Gwynedd,W07000096,Dwyfor Meirionnydd,false,true,
W05001571,Argoed and New Brighton,W06000005,Flintshire,W07000094,Clwyd East,false,true,
W05001572,Bagillt,W06000005,Flintshire,W07000082,Alyn and Deeside,false,true,
W05001573,Broughton North East,W06000005,Flintshire,W07000082,Alyn and Deeside,false,true,
W05001574,Broughton South,W06000005,Flintshire,W07000082,Alyn and Deeside,false,true,
W05001575,Brynford and Halkyn,W06000005,Flintshire,W07000094,Clwyd East,false,true,
W05001576,Buckley: Bistre East,W06000005,Flintshire,W07000082,Alyn and Deeside,false,true,
W05001577,Buckley: Bistre West,W06000005,Flintshire,W07000082,Alyn and Deeside,false,true,
W05001578,Buckley: Mountain,W06000005,Flintshire,W07000082,Alyn and Deeside,false,true,
W05001579,Buckley: Pentrobin,W06000005,Flintshire,W07000082,Alyn and Deeside,false,true,
W05001580,Caergwrle,W06000005,Flintshire,W07000082,Alyn and Deeside,false,true,
W05001581,Caerwys,W06000005,Flintshire,W07000094,Clwyd East,false,true,
W05001582,Cilcain,W06000005,Flintshire,W07000094,Clwyd East,false,true,
W05001583,Connah's Quay Central,W06000005,Flintshire,W07000082,Alyn and Deeside,false,true,
W05001584,Connah's Quay: Golftyn,W06000005,Flintshire,W07000082,Alyn and Deeside,false,true,
W05001585,Connah's Quay South,W06000005,Flintshire,W07000082,Alyn and Deeside,false,true,
W05001586,Connah's Quay: Wepre,W06000005,Flintshire,W07000082,Alyn and Deeside,false,true,
W05001587,Flint: Castle,W06000005,Flintshire,W07000082,Alyn and Deeside,false,true,
W05001588,Flint: Coleshill and Trelawny,W06000005,Flintshire,W07000082,Alyn and Deeside,false,true,
W05001589,Flint: Oakenholt,W06000005,Flintshire,W07000082,Alyn and Deeside,false,true,
W05001590,Greenfield,W06000005,Flintshire,W07000094,Clwyd East,false,true,
W05001591,Gwernaffield and Gwernymynydd,W06000005,Flintshire,W07000094,Clwyd East,false,true,
W05001592,Hawarden: Aston,W06000005,Flintshire,W07000082,Alyn and Deeside,false,true,
W05001593,Hawarden: Ewloe,W06000005,Flintshire,W07000082,Alyn and Deeside,false,true,
W05001594,Hawarden: Mancot,W06000005,Flintshire,W07000082,Alyn and Deeside,false,true,
W05001595,Higher Kinnerton,W06000005,Flintshire,W07000082,Alyn and Deeside,false,true,
W05001596,Holywell Central,W06000005,Flintshire,W07000094,Clwyd East,false,true,
W05001597,Holywell East,W06000005,Flintshire,W07000094,Clwyd East,false,true,
W05001598,Holywell West,W06000005,Flintshire,W07000094,Clwyd East,false,true,
W05001599,Hope,W06000005,Flintshire,W07000082,Alyn and Deeside,false,true,
W05001600,Leeswood,W06000005,Flintshire,W07000094,Clwyd East,false,true,
W05001601,Llanasa and Trelawnyd,W06000005,Flintshire,W07000094,Clwyd East,false,true,
W05001602,Llanfynydd,W06000005,Flintshire,W07000082,Alyn and Deeside,false,true,
W05001603,Mold: Broncoed,W06000005,Flintshire,W07000094,Clwyd East,false,true,
W05001604,Mold East,W06000005,Flintshire,W07000094,Clwyd East,false,true,
W05001605,Mold South,W06000005,Flintshire,W07000094,Clwyd East,false,true,
W05001606,Mold West,W06000005,Flintshire,W07000094,Clwyd East,false,true,
W05001607,Mostyn,W06000005,Flintshire,W07000094,Clwyd East,false,true,
W05001608,Northop,W06000005,Flintshire,W07000094,Clwyd East,false,true,
W05001609,Pen-y-ffordd,W06000005,Flintshire,W07000082,Alyn and Deeside,false,true,
W05001610,Queensferry and Sealand,W06000005,Flintshire,W07000082,Alyn and Deeside,false,true,
W05001611,Saltney Ferry,W06000005,Flintshire,W07000082,Alyn and Deeside,false,true,
W05001612,Shotton East and Shotton Higher,W06000005,Flintshire,W07000082,Alyn and Deeside,false,true,
W05001613,Shotton West,W06000005,Flintshire,W07000082,Alyn and Deeside,false,true,
W05001614,Treuddyn,W06000005,Flintshire,W07000082,Alyn and Deeside,false,true,
W05001615,Whitford,W06000005,Flintshire,W07000094,Clwyd East,false,true,
W05001616,Bedlinog and Trelewis,W06000024,Merthyr Tydfil,W07000099,Merthyr Tydfil and Aberdare,false,true,
W05001617,Cyfarthfa,W06000024,Merthyr Tydfil,W07000099,Merthyr Tydfil and Aberdare,false,true,
W05001618,Dowlais and Pant,W06000024,Merthyr Tydfil,W07000099,Merthyr Tydfil and Aberdare,false,true,
W05001619,Gurnos,W06000024,Merthyr Tydfil,W07000099,Merthyr Tydfil and Aberdare,false,true,
W05001620,Merthyr Vale,W06000024,Merthyr Tydfil,W07000099,Merthyr Tydfil and Aberdare,false,true,
W05001621,Park,W06000024,Merthyr Tydfil,W07000099,Merthyr Tydfil and Aberdare,false,true,
W05001622,Penydarren,W06000024,Merthyr Tydfil,W07000099,Merthyr Tydfil and Aberdare,false,true,
W05001623,Plymouth,W06000024,Merthyr Tydfil,W07000099,Merthyr Tydfil and Aberdare,false,true,
W05001624,Town,W06000024,Merthyr Tydfil,W07000099,Merthyr Tydfil and Aberdare,false,true,
W05001625,Treharris,W06000024,Merthyr Tydfil,W07000099,Merthyr Tydfil and Aberdare,false,true,
W05001626,Vaynor,W06000024,Merthyr Tydfil,W07000099,Merthyr Tydfil and Aberdare,false,true,
W05001627,Allt-yr-yn,W06000022,Newport,W07000105,Newport West and Islwyn,false,true,
W05001628,Alway,W06000022,Newport,W07000104,Newport East,false,true,
W05001629,Beechwood,W06000022,Newport,W07000104,Newport East,false,true,
W05001630,Bettws,W06000022,Newport,W07000104,Newport East,false,true,
W05001631,Bishton and Langstone,W06000022,Newport,W07000104,Newport East,false,true,
W05001632,Caerleon,W06000022,Newport,W07000104,Newport East,false,true,
W05001633,Gaer,W06000022,Newport,W07000105,Newport West and Islwyn,false,true,
W05001634,Graig,W06000022,Newport,W07000105,Newport West and Islwyn,false,true,
W05001635,Lliswerry,W06000022,Newport,W07000104,Newport East,false,true,
W05001636,Llanwern,W06000022,Newport,W07000104,Newport East,false,true,
W05001637,Malpas,W06000022,Newport,W07000104,Newport East,false,true,
W05001638,Pillgwenlly,W06000022,Newport,W07000104,Newport East,false,true,
W05001639,Ringland,W06000022,Newport,W07000104,Newport East,false,true,
W05001640,Rogerstone East,W06000022,Newport,W07000105,Newport West and Islwyn,false,true,
W05001641,Rogerstone North,W06000022,Newport,W07000105,Newport West and Islwyn,false,true,
W05001642,Rogerstone West,W06000022,Newport,W07000105,Newport West and Islwyn,false,true,
W05001643,Shaftesbury,W06000022,Newport,W07000104,Newport East,false,true,
W05001644,St Julians,W06000022,Newport,W07000104,Newport East,false,true,
W05001645,Stow Hill,W06000022,Newport,W07000104,Newport East,false,true,
W05001646,Tredegar Park and Marshfield,W06000022,Newport,W07000105,Newport West and Islwyn,false,true,
W05001647,Victoria,W06000022,Newport,W07000104,Newport East,false,true,
W05001648,Aber Valley,W06000018,Caerphilly,W07000088,Caerphilly,false,true,
W05001649,Aberbargoed and Bargoed,W06000018,Caerphilly,W07000084,Blaenau Gwent and Rhymney,false,true,
W05001650,Abercarn,W06000018,Caerphilly,W07000105,Newport West and Islwyn,false,true,
W05001651,Argoed,W06000018,Caerphilly,W07000105,Newport West and Islwyn,false,true,
W05001652,Bedwas and Trethomas,W06000018,Caerphilly,W07000088,Caerphilly,false,true,
W05001653,Blackwood,W06000018,Caerphilly,W07000105,Newport West and Islwyn,false,true,
W05001654,Cefn Fforest and Pengam,W06000018,Caerphilly,W07000088,Caerphilly,true,true,2.3204
W05001654,Cefn Fforest and Pengam,W06000018,Caerphilly,W07000105,Newport West and Islwyn,true,false,0.6943
W05001655,Crosskeys,W06000018,Caerphilly,W07000105,Newport West and Islwyn,false,true,
W05001656,Crumlin,W06000018,Caerphilly,W07000105,Newport West and Islwyn,false,true,
W05001657,Darran Valley,W06000018,Caerphilly,W07000084,Blaenau Gwent and Rhymney,false,true,
W05001658,Gilfach,W06000018,Caerphilly,W07000084,Blaenau Gwent and Rhymney,false,true,
W05001659,Hengoed,W06000018,Caerphilly,W07000088,Caerphilly,false,true,
W05001660,Llanbradach,W06000018,Caerphilly,W07000088,Caerphilly,false,true,
W05001661,Machen and Rudry,W06000018,Caerphilly,W07000088,Caerphilly,false,true,
W05001662,Maesycwmmer,W06000018,Caerphilly,W07000088,Caerphilly,false,true,
W05001663,Morgan Jones,W06000018,Caerphilly,W07000088,Caerphilly,false,true,
W05001664,Moriah and Pontlottyn,W06000018,Caerphilly,W07000084,Blaenau Gwent and Rhymney,false,true,
W05001665,Nelson,W06000018,Caerphilly,W07000088,Caerphilly,false,true,
W05001666,New Tredegar,W06000018,Caerphilly,W07000084,Blaenau Gwent and Rhymney,false,true,
W05001667,Newbridge,W06000018,Caerphilly,W07000105,Newport West and Islwyn,false,true,
W05001668,Penmaen,W06000018,Caerphilly,W07000105,Newport West and Islwyn,false,true,
W05001669,Penyrheol,W06000018,Caerphilly,W07000088,Caerphilly,false,true,
W05001670,Pontllanfraith,W06000018,Caerphilly,W07000088,Caerphilly,false,true,
W05001671,Risca East,W06000018,Caerphilly,W07000105,Newport West and Islwyn,false,true,
W05001672,Risca West,W06000018,Caerphilly,W07000105,Newport West and Islwyn,false,true,
W05001673,St Cattwg,W06000018,Caerphilly,W07000088,Caerphilly,false,true,
W05001674,St Martins,W06000018,Caerphilly,W07000088,Caerphilly,false,true,
W05001675,Twyn Carno,W06000018,Caerphilly,W07000084,Blaenau Gwent and Rhymney,false,true,
W05001676,Van,W06000018,Caerphilly,W07000088,Caerphilly,false,true,
W05001677,Ynysddu,W06000018,Caerphilly,W07000088,Caerphilly,false,true,
W05001678,Ystrad Mynach,W06000018,Caerphilly,W07000088,Caerphilly,false,true,
W05001679,Aberavon,W06000012,Neath Port Talbot,W07000081,Aberafan Maesteg,false,true,
W05001680,Aberdulais,W06000012,Neath Port Talbot,W07000103,Neath and Swansea East,false,true,
W05001681,Allt-wen,W06000012,Neath Port Talbot,W07000085,"Brecon, Radnor and Cwm Tawe",false,true,
W05001682,Baglan,W06000012,Neath Port Talbot,W07000081,Aberafan Maesteg,false,true,
W05001683,Blaengwrach and Glynneath West,W06000012,Neath Port Talbot,W07000103,Neath and Swansea East,false,true,
W05001684,Briton Ferry East,W06000012,Neath Port Talbot,W07000081,Aberafan Maesteg,false,true,
W05001685,Briton Ferry West,W06000012,Neath Port Talbot,W07000081,Aberafan Maesteg,false,true,
W05001686,Bryn and Cwmavon,W06000012,Neath Port Talbot,W07000081,Aberafan Maesteg,false,true,
W05001687,Bryn-coch North,W06000012,Neath Port Talbot,W07000103,Neath and Swansea East,false,true,
W05001688,Bryn-coch South,W06000012,Neath Port Talbot,W07000103,Neath and Swansea East,false,true,
W05001689,Cadoxton,W06000012,Neath Port Talbot,W07000103,Neath and Swansea East,false,true,
W05001690,Cimla and Pelenna,W06000012,Neath Port Talbot,W07000081,Aberafan Maesteg,true,true,20.0171
W05001690,Cimla and Pelenna,W06000012,Neath Port Talbot,W07000103,Neath and Swansea East,true,false,3.908
W05001691,Coedffranc Central,W06000012,Neath Port Talbot,W07000103,Neath and Swansea East,false,true,
W05001692,Coedffranc North,W06000012,Neath Port Talbot,W07000103,Neath and Swansea East,false,true,
W05001693,Coedffranc West,W06000012,Neath Port Talbot,W07000103,Neath and Swansea East,false,true,
W05001694,"Crynant, Onllwyn and Seven Sisters",W06000012,Neath Port Talbot,W07000103,Neath and Swansea East,false,true,
W05001695,Cwmllynfell and Ystalyfera,W06000012,Neath Port Talbot,W07000085,"Brecon, Radnor and Cwm Tawe",false,true,
W05001696,Cymer and Glyncorrwg,W06000012,Neath Port Talbot,W07000081,Aberafan Maesteg,false,true,
W05001697,Dyffryn,W06000012,Neath Port Talbot,W07000103,Neath and Swansea East,false,true,
W05001698,Glynneath Central and East,W06000012,Neath Port Talbot,W07000103,Neath and Swansea East,false,true,
W05001699,Godre'r Graig,W06000012,Neath Port Talbot,W07000085,"Brecon, Radnor and Cwm Tawe",false,true,
W05001700,Gwaun-Cae-Gurwen and Lower Brynamman,W06000012,Neath Port Talbot,W07000085,"Brecon, Radnor and Cwm Tawe",false,true,
W05001701,Gwynfi and Croeserw,W06000012,Neath Port Talbot,W07000081,Aberafan Maesteg,false,true,
W05001702,Margam and Tai-bach,W06000012,Neath Port Talbot,W07000081,Aberafan Maesteg,false,true,
W05001703,Neath East,W06000012,Neath Port Talbot,W07000103,Neath and Swansea East,false,true,
W05001704,Neath North,W06000012,Neath Port Talbot,W07000103,Neath and Swansea East,false,true,
W05001705,Neath South,W06000012,Neath Port Talbot,W07000103,Neath and Swansea East,false,true,
W05001706,Pontardawe,W06000012,Neath Port Talbot,W07000085,"Brecon, Radnor and Cwm Tawe",false,true,
W05001707,Port Talbot,W06000012,Neath Port Talbot,W07000081,Aberafan Maesteg,false,true,
W05001708,Resolven and Tonna,W06000012,Neath Port Talbot,W07000103,Neath and Swansea East,false,true,
W05001709,Rhos,W06000012,Neath Port Talbot,W07000085,"Brecon, Radnor and Cwm Tawe",false,true,
W05001710,Sandfields East,W06000012,Neath Port Talbot,W07000081,Aberafan Maesteg,false,true,
W05001711,Sandfields West,W06000012,Neath Port Talbot,W07000081,Aberafan Maesteg,false,true,
W05001712,Trebanos,W06000012,Neath Port Talbot,W07000085,"Brecon, Radnor and Cwm Tawe",false,true,
W05001713,Acrefair North,W06000006,Wrexham,W07000102,Montgomeryshire and Glyndŵr,false,true,
W05001714,Acton and Maesydre,W06000006,Wrexham,W07000111,Wrexham,false,true,
W05001715,Bangor Is-y-Coed,W06000006,Wrexham,W07000111,Wrexham,false,true,
W05001716,Borras Park,W06000006,Wrexham,W07000111,Wrexham,false,true,
W05001717,Bronington and Hanmer,W06000006,Wrexham,W07000111,Wrexham,false,true,
W05001718,Brymbo,W06000006,Wrexham,W07000111,Wrexham,false,true,
W05001719,Bryn Cefn,W06000006,Wrexham,W07000111,Wrexham,false,true,
W05001720,Brynyffynnon,W06000006,Wrexham,W07000111,Wrexham,false,true,
W05001721,Cartrefle,W06000006,Wrexham,W07000111,Wrexham,false,true,
W05001722,Cefn East,W06000006,Wrexham,W07000102,Montgomeryshire and Glyndŵr,false,true,
W05001723,Cefn West,W06000006,Wrexham,W07000102,Montgomeryshire and Glyndŵr,false,true,
W05001724,Chirk North,W06000006,Wrexham,W07000102,Montgomeryshire and Glyndŵr,false,true,
W05001725,Chirk South,W06000006,Wrexham,W07000102,Montgomeryshire and Glyndŵr,false,true,
W05001726,Coedpoeth,W06000006,Wrexham,W07000111,Wrexham,false,true,
W05001727,Dyffryn Ceiriog,W06000006,Wrexham,W07000102,Montgomeryshire and Glyndŵr,false,true,
W05001728,Erddig,W06000006,Wrexham,W07000111,Wrexham,false,true,
W05001729,Esclusham,W06000006,Wrexham,W07000102,Montgomeryshire and Glyndŵr,false,true,
W05001730,Garden Village,W06000006,Wrexham,W07000111,Wrexham,false,true,
W05001731,Gresford East and West,W06000006,Wrexham,W07000111,Wrexham,false,true,
W05001732,Grosvenor,W06000006,Wrexham,W07000111,Wrexham,false,true,
W05001733,Gwenfro,W06000006,Wrexham,W07000111,Wrexham,false,true,
W05001734,Gwersyllt East,W06000006,Wrexham,W07000111,Wrexham,false,true,
W05001735,Gwersyllt North,W06000006,Wrexham,W07000111,Wrexham,false,true,
W05001736,Gwersyllt South,W06000006,Wrexham,W07000111,Wrexham,false,true,
W05001737,Gwersyllt West,W06000006,Wrexham,W07000111,Wrexham,false,true,
W05001738,Hermitage,W06000006,Wrexham,W07000111,Wrexham,false,true,
W05001739,Holt,W06000006,Wrexham,W07000111,Wrexham,false,true,
W05001740,Little Acton,W06000006,Wrexham,W07000111,Wrexham,false,true,
W05001741,Llangollen Rural,W06000006,Wrexham,W07000094,Clwyd East,false,true,
W05001742,Llay,W06000006,Wrexham,W07000111,Wrexham,false,true,
W05001743,Marchwiel,W06000006,Wrexham,W07000111,Wrexham,false,true,
W05001744,Marford and Hoseley,W06000006,Wrexham,W07000111,Wrexham,false,true,
W05001745,Minera,W06000006,Wrexham,W07000111,Wrexham,false,true,
W05001746,New Broughton,W06000006,Wrexham,W07000111,Wrexham,false,true,
W05001747,Offa,W06000006,Wrexham,W07000111,Wrexham,false,true,
W05001748,Overton and Maelor South,W06000006,Wrexham,W07000111,Wrexham,false,true,
W05001749,Pant and Johnstown,W06000006,Wrexham,W07000102,Montgomeryshire and Glyndŵr,false,true,
W05001750,Penycae,W06000006,Wrexham,W07000102,Montgomeryshire and Glyndŵr,false,true,
W05001751,Penycae and Ruabon South,W06000006,Wrexham,W07000102,Montgomeryshire and Glyndŵr,false,true,
W05001752,Ponciau,W06000006,Wrexham,W07000102,Montgomeryshire and Glyndŵr,false,true,
W05001753,Queensway,W06000006,Wrexham,W07000111,Wrexham,false,true,
W05001754,Rhos,W06000006,Wrexham,W07000102,Montgomeryshire and Glyndŵr,false,true,
W05001755,Rhosnesni,W06000006,Wrexham,W07000111,Wrexham,false,true,
W05001756,Rossett,W06000006,Wrexham,W07000111,Wrexham,false,true,
W05001757,Ruabon,W06000006,Wrexham,W07000102,Montgomeryshire and Glyndŵr,false,true,
W05001758,Smithfield,W06000006,Wrexham,W07000111,Wrexham,false,true,
W05001759,Stansty,W06000006,Wrexham,W07000111,Wrexham,false,true,
W05001760,Whitegate,W06000006,Wrexham,W07000111,Wrexham,false,true,
W05001761,Wynnstay,W06000006,Wrexham,W07000111,Wrexham,false,true,
W05001762,Bulwark and Thornwell,W06000021,Monmouthshire,W07000101,Monmouthshire,false,true,
W05001763,Caerwent,W06000021,Monmouthshire,W07000101,Monmouthshire,false,true,
W05001764,Caldicot Castle,W06000021,Monmouthshire,W07000101,Monmouthshire,false,true,
W05001765,Caldicot Cross,W06000021,Monmouthshire,W07000101,Monmouthshire,false,true,
W05001766,Cantref,W06000021,Monmouthshire,W07000101,Monmouthshire,false,true,
W05001767,Chepstow Castle and Larkfield,W06000021,Monmouthshire,W07000101,Monmouthshire,false,true,
W05001768,Croesonen,W06000021,Monmouthshire,W07000101,Monmouthshire,false,true,
W05001769,Crucorney,W06000021,Monmouthshire,W07000101,Monmouthshire,false,true,
W05001770,Devauden,W06000021,Monmouthshire,W07000101,Monmouthshire,false,true,
W05001771,Dewstow,W06000021,Monmouthshire,W07000101,Monmouthshire,false,true,
W05001772,Drybridge,W06000021,Monmouthshire,W07000101,Monmouthshire,false,true,
W05001773,Gobion Fawr,W06000021,Monmouthshire,W07000101,Monmouthshire,false,true,
W05001774,Goetre Fawr,W06000021,Monmouthshire,W07000101,Monmouthshire,false,true,
W05001775,Grofield,W06000021,Monmouthshire,W07000101,Monmouthshire,false,true,
W05001776,Lansdown,W06000021,Monmouthshire,W07000101,Monmouthshire,false,true,
W05001777,Llanbadoc and Usk,W06000021,Monmouthshire,W07000101,Monmouthshire,false,true,
W05001778,Llanelly,W06000021,Monmouthshire,W07000101,Monmouthshire,false,true,
W05001779,Llanfoist Fawr and Govilon,W06000021,Monmouthshire,W07000101,Monmouthshire,false,true,
W05001780,Llangybi Fawr,W06000021,Monmouthshire,W07000101,Monmouthshire,false,true,
W05001781,Llantilio Crossenny,W06000021,Monmouthshire,W07000101,Monmouthshire,false,true,
W05001782,Magor East with Undy,W06000021,Monmouthshire,W07000101,Monmouthshire,false,true,
W05001783,Magor West,W06000021,Monmouthshire,W07000101,Monmouthshire,false,true,
W05001784,Mardy,W06000021,Monmouthshire,W07000101,Monmouthshire,false,true,
W05001785,Mitchel Troy and Trellech United,W06000021,Monmouthshire,W07000101,Monmouthshire,false,true,
W05001786,Mount Pleasant,W06000021,Monmouthshire,W07000101,Monmouthshire,false,true,
W05001787,Osbaston,W06000021,Monmouthshire,W07000101,Monmouthshire,false,true,
W05001788,Overmonnow,W06000021,Monmouthshire,W07000101,Monmouthshire,false,true,
W05001789,Park,W06000021,Monmouthshire,W07000101,Monmouthshire,false,true,
W05001790,Pen Y Fal,W06000021,Monmouthshire,W07000101,Monmouthshire,false,true,
W05001791,Portskewett,W06000021,Monmouthshire,W07000101,Monmouthshire,false,true,
W05001792,Raglan,W06000021,Monmouthshire,W07000101,Monmouthshire,false,true,
W05001793,Rogiet,W06000021,Monmouthshire,W07000101,Monmouthshire,false,true,
W05001794,Severn,W06000021,Monmouthshire,W07000101,Monmouthshire,false,true,
W05001795,Shirenewton,W06000021,Monmouthshire,W07000101,Monmouthshire,false,true,
W05001796,St Arvans,W06000021,Monmouthshire,W07000101,Monmouthshire,false,true,
W05001797,St Kingsmark,W06000021,Monmouthshire,W07000101,Monmouthshire,false,true,
W05001798,Town,W06000021,Monmouthshire,W07000101,Monmouthshire,false,true,
W05001799,West End,W06000021,Monmouthshire,W07000101,Monmouthshire,false,true,
W05001800,Wyesham,W06000021,Monmouthshire,W07000101,Monmouthshire,false,true,
